plan_id,carrier,plan_name,monthly_fee,data_gb,is_unlimited,voice_min,sms_count,qos_speed,category,benefits
쉐이크모바일_LTE_01,쉐이크모바일,"[모요핫딜] 2월한정 쉐이크 LTE 100GB+_네이버페이 매월 5,000원(평생)",17000,100.0,1,999,999,5Mbps,LTE,"정상가 47,300원, 할인 7개월, 네이버페이 매월 5,000P 제공, [2월 한정] 네이버페이 10,000원, 매월 1천원 요금할인 (팝테일 가입·인증), 3대 마트 상품권 2만원, SOLO결합(+20GB), 평점 4.3"
이지모바일_LTE_01,이지모바일,[모요핫딜]EG 핫딜 100GB+5M(밀리의 서재),17000,100.0,1,999,999,5Mbps,LTE,"정상가 44,000원, 할인 7개월, 밀리의 서재 이용권 제공, [모요핫딜] 네이버페이 10,000원, 5대 마트 상품권 2만원, 일반유심/배송비 무료, 평점 4.3"
KG모바일_LTE_01,KG모바일,"[KG모바일 스페셜2] 통화, 데이터 마음대로 100GB+",17000,100.0,1,999,999,5Mbps,LTE,"정상가 47,300원, 할인 7개월, 네이버페이 10,000원, 일반 유심/배송비 무료, 평점 4.6"
스마텔_LTE_01,스마텔,[모요only] [모요핫딜] 스마트 100GB+,17000,100.0,1,999,999,5Mbps,LTE,"정상가 47,300원, 할인 7개월, [26년 2월 한정] 네이버페이 10,000원, 평점 4.2"
이야기모바일_LTE_01,이야기모바일,[모요핫딜] 이야기 완전 무제한 100GB+,17000,100.0,1,999,999,5Mbps,LTE,"정상가 49,500원, 할인 7개월, 네이버페이 5,000원, 네이버페이 10,000P 제공, 평점 4.5"
고고모바일_LTE_01,고고모바일,[모요핫딜] LTE 무제한 11GB+3M(밀리의서재 Free)_2월,14000,60.0,1,999,999,3Mbps,LTE,"정상가 37,400원, 할인 7개월, 밀리의 서재 구독권(11,900원 상당) 제공, 네이버페이 10,000P 제공, 3대 마트 상품권 2만원, 추가데이터 20GB 제공, KT유심&배송비 무료, 평점 4.2"
핀다이렉트_LTE_01,핀다이렉트,[모요핫딜] [S] 핀다이렉트Z _2602,14080,60.0,1,999,999,3Mbps,LTE,"정상가 39,600원, 할인 7개월, 네이버페이 10,000P 제공, SKT 데이터 결합 (추가데이터 20GB), 평점 4.2"
찬스모바일_LTE_01,찬스모바일,[모요핫딜]음성기본 11GB+일2GB+3Mbps,14000,60.0,1,999,999,3Mbps,LTE,"정상가 38,500원, 할인 7개월, [모요핫딜]네이버페이 10,000P, 유심/배송비 무료, 평점 4.5"
이야기모바일_LTE_02,이야기모바일,희망더하기 11GB,14000,60.0,1,999,999,3Mbps,LTE,"정상가 39,600원, 할인 7개월, 네이버페이 5,000원, 평점 4.5"
모나_LTE_01,모나,모나기본4.5G안심1+,2530,4.5,1,999,999,1Mbps,LTE,"정상가 29,700원, 할인 10개월,  NFC 유심 무료 제공, 4대 편의점 최대 10.1%적립, 평점 4.4"
이지모바일_LTE_02,이지모바일,[모요핫딜]EG 핫딜 7G+1(밀리의 서재),13000,7.0,1,999,999,1Mbps,LTE,"정상가 22,000원, 할인 12개월, 밀리의 서재 이용권 제공, [모요핫딜] 네이버페이 10,000원, 5대 마트 상품권 2만원, 일반유심/배송비 무료, 평점 4.3"
이지모바일_LTE_03,이지모바일,이지 쓰는만큼 4.5G+1,50,4.5,1,999,999,1Mbps,LTE,"정상가 16,500원, 할인 6개월, 일반유심/배송비 무료, 평점 4.3"
스마텔_LTE_02,스마텔,USIM 스마트 4.5GB+,5500,4.5,1,999,999,1Mbps,LTE,"정상가 16,500원, 할인 12개월, 평점 4.2"
인스모바일_LTE_01,인스모바일,올프리 4.5GB+(USIM),110,4.5,1,999,999,1Mbps,LTE,"정상가 19,800원, 할인 6개월, 평점 4.4"
찬스모바일_LTE_02,찬스모바일,음성기본 4.5GB+,100,4.5,1,999,999,1Mbps,LTE,"정상가 11,000원, 할인 6개월, 유심/배송비 무료, 평점 4.5"
이야기모바일_LTE_03,이야기모바일,이야기 라이트 4.5GB+,10,4.5,1,999,999,1Mbps,LTE,"정상가 20,900원, 할인 6개월, 네이버페이 5,000원, 평점 4.5"
핀다이렉트_LTE_02,핀다이렉트,[K] 핀다이렉트Z Max (100GB)(0) _PIN,32900,100.0,1,999,999,5Mbps,LTE,"3대 마트 상품권 2만원, KT 데이터 결합 (추가데이터 20GB), 평점 4.2"
스마텔_LTE_03,스마텔,CU 스위트 무제한 100GB+,17000,100.0,1,999,999,5Mbps,LTE,"정상가 46,200원, 할인 7개월, 평점 4.2"
스마텔_LTE_04,스마텔,스위트 100GB+(밀리의서재),17000,100.0,1,999,999,5Mbps,LTE,"정상가 47,300원, 할인 7개월, 평점 4.2"
핀다이렉트_LTE_03,핀다이렉트,[모요only] [K] 핀다이렉트Z Max (100GB) _PIN,17000,100.0,1,999,999,5Mbps,LTE,"정상가 38,000원, 할인 7개월, 3대 마트 상품권 2만원, KT 데이터 결합 (추가데이터 20GB), 평점 4.2"
쉐이크모바일_LTE_02,쉐이크모바일,[모요only] 쉐이크 LTE 100GB+_밀리의서재,17000,100.0,1,999,999,5Mbps,LTE,"정상가 45,100원, 할인 7개월, 밀리의 서재 구독권 지급 이벤트, 매월 1천원 요금할인 (팝테일 가입·인증), 3대 마트 상품권 2만원, SOLO결합(+20GB), 데이터쿠폰 20GB, 평점 4.3"
쉐이크모바일_LTE_03,쉐이크모바일,[모요only] 쉐이크 LTE 100GB+_모아진 전자 구독,17000,100.0,1,999,999,5Mbps,LTE,"정상가 45,100원, 할인 7개월, 모아진(전자잡지) 무료 구독권, 3대 마트 상품권 2만원, SOLO결합(+20GB), 데이터쿠폰 20GB, 평점 4.3"
마블링_LTE_01,마블링,[모요only] 마블링 프라임 100GB+5Mbps,17000,100.0,1,999,999,5Mbps,LTE,"정상가 38,119원, 할인 7개월, 평점 4.3"
이지모바일_LTE_04,이지모바일,EG 무제한 100G+5(밀리의 서재),17000,100.0,1,999,999,5Mbps,LTE,"정상가 44,000원, 할인 7개월, 밀리의 서재 이용권 제공, 5대 마트 상품권 2만원, 일반유심/배송비 무료, 평점 4.3"
이지모바일_LTE_05,이지모바일,EG CU 무제한 100G+5,17000,100.0,1,999,999,5Mbps,LTE,"정상가 44,000원, 할인 7개월, 5대 마트 상품권 2만원, 일반유심/배송비 무료, 평점 4.3"
이지모바일_LTE_06,이지모바일,EG 무제한 100G+5(Npay),17000,100.0,1,999,999,5Mbps,LTE,"정상가 47,850원, 할인 7개월, 5대 마트 상품권 2만원, 일반유심/배송비 무료, 평점 4.3"
KG모바일_LTE_02,KG모바일,"[모요 전용] 통화, 데이터 마음대로 100GB+",17000,100.0,1,999,999,5Mbps,LTE,"정상가 41,900원, 할인 7개월, 네이버페이 10,000원, 유독 쿠폰(구글 AI Pro,도미노피자 할인), 평점 4.6"
KG모바일_LTE_03,KG모바일,"[KG모바일 스페셜] 통화, 데이터 마음대로 100GB+",17050,100.0,1,999,999,5Mbps,LTE,"정상가 47,300원, 할인 7개월, 해피콘 상품권 10,000원, 유독 쿠폰(구글 AI Pro,도미노피자 할인), 평점 4.6"
KG모바일_LTE_04,KG모바일,"[모빌카드 스페셜] 통화, 데이터 마음대로 100GB+",17050,100.0,1,999,999,5Mbps,LTE,"정상가 47,300원, 할인 7개월, 네이버페이 10,000원, 일반 유심/배송비 무료, 유독 쿠폰(구글 AI Pro,도미노피자 할인), 평점 4.6"
슈가모바일_LTE_01,슈가모바일,슈가칩 100GB++,17100,100.0,1,999,999,5Mbps,LTE,"정상가 49,000원, 할인 7개월, 평점 4.6"
고고모바일_LTE_02,고고모바일,[모요only] LTE 무제한 100GB+5M(CU20%할인)_추천,17000,100.0,1,999,999,5Mbps,LTE,"정상가 38,060원, 할인 7개월, CU 20% 오프라인 결제할인, 3대 마트 상품권 2만원, 추가데이터 20GB 제공, KT유심&배송비 무료, 원스토리 3,000P 쿠폰 , 평점 4.2"
이지모바일_LTE_07,이지모바일,이지 무한 100GB+5,17000,100.0,1,999,999,5Mbps,LTE,"정상가 46,200원, 할인 7개월, 일반유심/배송비 무료, 평점 4.3"
핀다이렉트_LTE_04,핀다이렉트,[모요only] [S] 핀다이렉트Z Max _PIN,17050,100.0,1,999,999,5Mbps,LTE,"정상가 42,900원, 할인 7개월, SKT 데이터 결합 (추가데이터 20GB), 평점 4.2"
인스모바일_LTE_02,인스모바일,인스 유심 스트롱 100GB+,17000,100.0,1,999,999,5Mbps,LTE,"정상가 41,390원, 할인 7개월, 평점 4.4"
고고모바일_LTE_03,고고모바일,[모요only] 무제한 100GB+5Mbps(밀리의서재 Free),17000,100.0,1,999,999,5Mbps,LTE,"정상가 42,900원, 할인 7개월, 밀리의 서재 구독권(11,900원 상당) 제공, 3대 마트 상품권 2만원, 원스토리 3,000P 쿠폰 , 데이터쿠폰 20GB x 3회, 평점 4.2"
고고모바일_LTE_04,고고모바일,[모요only] LTE 무제한 100GB+5M(CU20%할인),17000,100.0,1,999,999,5Mbps,LTE,"정상가 42,900원, 할인 7개월, CU 20% 오프라인 결제할인, 3대 마트 상품권 2만원, 추가데이터 20GB 제공, KT유심&배송비 무료, 원스토리 3,000P 쿠폰 , 데이터쿠폰 20GB x 3회, 평점 4.2"
고고모바일_LTE_05,고고모바일,[모요only] 무제한 100GB+5M(매월 네이버페이5000P),17000,100.0,1,999,999,5Mbps,LTE,"정상가 46,200원, 할인 7개월, 네이버페이 매월 5,000P 제공, 3대 마트 상품권 2만원, 원스토리 3,000P 쿠폰 , 데이터쿠폰 20GB x 3회, 평점 4.2"
고고모바일_LTE_06,고고모바일,[모요only] 무제한 100GB+5M(다이소 5000원),17000,100.0,1,999,999,5Mbps,LTE,"정상가 46,200원, 할인 7개월, 다이소상품권 매월 5,000원 제공, 3대 마트 상품권 2만원, 추가데이터 20GB 제공, KT유심&배송비 무료, 원스토리 3,000P 쿠폰 , 데이터쿠폰 20GB x 3회, 평점 4.2"
고고모바일_LTE_07,고고모바일,[모요only] 무제한 100GB+5M(올리브영 5000원),17000,100.0,1,999,999,5Mbps,LTE,"정상가 46,200원, 할인 7개월, 올리브영 상품권 매월 5,000원 제공, 3대 마트 상품권 2만원, 추가데이터 20GB 제공, KT유심&배송비 무료, 원스토리 3,000P 쿠폰 , 데이터쿠폰 20GB x 3회, 평점 4.2"
티플러스_LTE_01,티플러스,KT 100GB+ (밀리의서재+올리브영 매월 1만원 상품권!),17000,100.0,1,999,999,5Mbps,LTE,"정상가 44,000원, 할인 7개월, 밀리의 서재 전자책 정기구독 혜택 매월 제공, 3대 마트 상품권 2만원 증정, 올리브영 12개월간 매월 4,000원 상품권, 올리브영 7개월간 매월 6,000원 상품권, 평점 4.3"
티플러스_LTE_02,티플러스,KT 100GB+ (CU 매월 20%+올리브영 매월 1만원 상품권!),17000,100.0,1,999,999,5Mbps,LTE,"정상가 44,000원, 할인 7개월, 3대 마트 상품권 2만원 증정, CU 오프라인 점포 결제시 20% 할인 제공, 올리브영 7개월간 매월 6,000원 상품권, 매월 카테고리 3종 중 택1 10% 할인권, 올리브영 12개월간 매월 4,000원 상품권, 평점 4.3"
찬스모바일_LTE_03,찬스모바일,[모요only] [CH]100GB+5Mbps,17000,100.0,1,999,999,5Mbps,LTE,"정상가 38,119원, 할인 7개월, 평점 4.5"
스마텔_LTE_05,스마텔,스위트 100GB+(올영 3000),18400,100.0,1,999,999,5Mbps,LTE,"정상가 47,630원, 할인 7개월, 평점 4.2"
스마텔_LTE_06,스마텔,스위트 100GB+(다이소 3000),18400,100.0,1,999,999,5Mbps,LTE,"정상가 47,630원, 할인 7개월, 평점 4.2"
찬스모바일_LTE_04,찬스모바일,100GB+5Mbps,17000,100.0,1,999,999,5Mbps,LTE,"정상가 42,900원, 할인 7개월, 유심/배송비 무료, 평점 4.5"
핀다이렉트_LTE_05,핀다이렉트,[K] 핀다이렉트Z 100GB+(네이버페이)(0) _PIN,35900,100.0,1,999,999,5Mbps,LTE,"네이버페이 5,000P 매월 평생 제공, 3대 마트 상품권 2만원, KT 데이터 결합 (추가데이터 20GB), 평점 4.2"
쉐이크모바일_LTE_04,쉐이크모바일,[모요핫딜] 2월한정 쉐이크 LTE 15GB+/100분_모아진 전자 구독(평생),13000,15.0,1,100,100,3Mbps,LTE,"정상가 33,000원, 할인 7개월, 모아진(전자잡지) 무료 구독권, [2월 한정] 네이버페이 10,000원, 매월 1천원 요금할인 (팝테일 가입·인증), 3대 마트 상품권 2만원, SOLO결합(+10GB), 평점 4.3"
시월모바일_LTE_01,시월모바일,[모요only] 시월 무제한 100GB+5Mbps,17000,100.0,1,999,999,5Mbps,LTE,"정상가 38,119원, 할인 7개월, 네이버페이 10,000원, 평점 4.5"
시월모바일_LTE_02,시월모바일,시월 무제한 100GB+5Mbps,17000,100.0,1,999,999,5Mbps,LTE,"정상가 46,260원, 할인 7개월, 네이버페이 10,000원, 평점 4.5"
이야기모바일_LTE_04,이야기모바일,이야기 스페셜S 100GB+,17000,100.0,1,999,999,5Mbps,LTE,"정상가 49,500원, 할인 7개월, 네이버페이 5,000원, 평점 4.5"
스마텔_LTE_07,스마텔,스위트 100GB+(올영 5000),19300,100.0,1,999,999,5Mbps,LTE,"정상가 48,510원, 할인 7개월, 평점 4.2"
이야기모바일_LTE_05,이야기모바일,이야기 스페셜 100GB+,17000,100.0,1,999,999,5Mbps,LTE,"정상가 46,200원, 할인 7개월, 네이버페이 5,000원, 평점 4.5"
이지모바일_LTE_08,이지모바일,EG 무제한 100G+5(웨이브),18500,100.0,1,999,999,5Mbps,LTE,"정상가 46,200원, 할인 7개월, 5대 마트 상품권 2만원, 일반유심/배송비 무료, 평점 4.3"
에르엘_LTE_01,에르엘,[모요only] 음성기본100GB+,19000,100.0,1,999,999,5Mbps,LTE,"정상가 43,500원, 할인 7개월, 평점 4.4"
에르엘_LTE_02,에르엘,음성기본100GB+,19000,100.0,1,999,999,5Mbps,LTE,"정상가 45,100원, 할인 7개월, 평점 4.4"
티플러스_LTE_03,티플러스,완전마음껏 100GB＋＋(네이버페이 매월 5000P),19000,100.0,1,999,999,5Mbps,LTE,"정상가 55,000원, 할인 7개월, 매월 네이버페이 5,000P 쿠폰 증정!, 3대 마트 상품권 2만원 증정, 평점 4.3"
핀다이렉트_LTE_06,핀다이렉트,[모요only] [K] 핀다이렉트Z + 밀리의서재 _PIN,14000,60.0,1,999,999,3Mbps,LTE,"정상가 32,800원, 할인 7개월, 밀리의 서재 평생 무료 구독, 3대 마트 상품권 2만원, KT 데이터 결합 (추가데이터 20GB), 평점 4.2"
쉐이크모바일_LTE_05,쉐이크모바일,[모요only] 쉐이크 LTE 11GB+_밀리의서재,14000,60.0,1,999,999,3Mbps,LTE,"정상가 40,700원, 할인 7개월, 밀리의 서재 구독권 지급 이벤트, 매월 1천원 요금할인 (팝테일 가입·인증), 3대 마트 상품권 2만원, SOLO결합(+20GB), 데이터쿠폰 20GB, 평점 4.3"
쉐이크모바일_LTE_06,쉐이크모바일,[모요only] 쉐이크 LTE 11GB+_모아진 전자 구독,14000,60.0,1,999,999,3Mbps,LTE,"정상가 40,700원, 할인 7개월, 모아진(전자잡지) 무료 구독권, 3대 마트 상품권 2만원, SOLO결합(+20GB), 데이터쿠폰 20GB, 평점 4.3"
쉐이크모바일_LTE_07,쉐이크모바일,[모요only] 쉐이크 LTE 11GB+_CU,14000,60.0,1,999,999,3Mbps,LTE,"정상가 40,700원, 할인 7개월, 매월 1천원 요금할인 (팝테일 가입·인증), CU 20% 오프라인 결제할인, 3대 마트 상품권 2만원, SOLO결합(+20GB), 데이터쿠폰 20GB, 평점 4.3"
마블링_LTE_02,마블링,[모요only] 마블링 프라임 11GB+매일2GB+3Mbps,14000,60.0,1,999,999,3Mbps,LTE,"정상가 32,945원, 할인 7개월, 평점 4.3"
KG모바일_LTE_05,KG모바일,"[모요 전용] 통화, 데이터 마음대로 11GB+",14000,60.0,1,999,999,3Mbps,LTE,"정상가 34,960원, 할인 7개월, 네이버페이 10,000원, 유독 쿠폰(구글 AI Pro,도미노피자 할인), 평점 4.6"
모나_LTE_02,모나,더중앙+모나_100G+5M,18700,100.0,1,999,999,5Mbps,LTE,"정상가 48,400원, 할인 7개월, 더중앙플러스 구독권 매월 제공,  NFC 유심 무료 제공, 4대 편의점 최대 10.1%적립, 평점 4.4"
슈가모바일_LTE_02,슈가모바일,슈가칩2 11GB+매일2GB+,14060,60.0,1,999,999,3Mbps,LTE,"정상가 40,900원, 할인 7개월, 평점 4.6"
KG모바일_LTE_06,KG모바일,"[KG모바일 스페셜] 통화, 데이터 마음대로 11GB+",14080,60.0,1,999,999,3Mbps,LTE,"정상가 41,800원, 할인 7개월, 해피콘 상품권 10,000원, 유독 쿠폰(구글 AI Pro,도미노피자 할인), 평점 4.6"
KG모바일_LTE_07,KG모바일,"[모빌카드 스페셜] 통화, 데이터 마음대로 11GB+",14080,60.0,1,999,999,3Mbps,LTE,"정상가 41,800원, 할인 7개월, 네이버페이 10,000원, 일반 유심/배송비 무료, 유독 쿠폰(구글 AI Pro,도미노피자 할인), 평점 4.6"
고고모바일_LTE_08,고고모바일,[모요only] LTE 무제한 11GB+3M(CU20%할인)_추천,14000,60.0,1,999,999,3Mbps,LTE,"정상가 32,890원, 할인 7개월, CU 20% 오프라인 결제할인, 3대 마트 상품권 2만원, 추가데이터 20GB 제공, KT유심&배송비 무료, 원스토리 3,000P 쿠폰 , 평점 4.2"
이지모바일_LTE_09,이지모바일,[Npay1만]이지 무한 71GB+3,14000,60.0,1,999,999,3Mbps,LTE,"정상가 39,600원, 할인 7개월, 네이버페이 10,000원, 네이버페이 10,000원, 일반유심/배송비 무료, 평점 4.3"
인스모바일_LTE_03,인스모바일,인스 유심 스트롱 11GB+,14000,60.0,1,999,999,3Mbps,LTE,"정상가 34,820원, 할인 7개월, 평점 4.4"
고고모바일_LTE_09,고고모바일,[모요only] LTE 무제한 11GB+3M(CU20%할인),14000,60.0,1,999,999,3Mbps,LTE,"정상가 37,400원, 할인 7개월, CU 20% 오프라인 결제할인, 3대 마트 상품권 2만원, 추가데이터 20GB 제공, KT유심&배송비 무료, 원스토리 3,000P 쿠폰 , 데이터쿠폰 20GB x 3회, 평점 4.2"
고고모바일_LTE_10,고고모바일,[모요only] LTE 무제한 11GB+3M(CU20%할인),14000,60.0,1,999,999,3Mbps,LTE,"정상가 37,400원, 할인 7개월, CU 20% 오프라인 결제할인, 3대 마트 상품권 2만원, 추가데이터 20GB 제공, KT유심&배송비 무료, 원스토리 3,000P 쿠폰 , 데이터쿠폰 20GB x 3회, 평점 4.2"
고고모바일_LTE_11,고고모바일,[모요only] 무제한 11GB+3M(매월 네이버페이5000P),14000,60.0,1,999,999,3Mbps,LTE,"정상가 39,600원, 할인 7개월, 네이버페이 매월 5,000P 제공, 3대 마트 상품권 2만원, 원스토리 3,000P 쿠폰 , 데이터쿠폰 20GB x 3회, 평점 4.2"
고고모바일_LTE_12,고고모바일,[모요only] 무제한 11GB+3M(올리브영 5000원),14000,60.0,1,999,999,3Mbps,LTE,"정상가 39,600원, 할인 7개월, 올리브영 상품권 매월 5,000원 제공, 3대 마트 상품권 2만원, 추가데이터 20GB 제공, KT유심&배송비 무료, 원스토리 3,000P 쿠폰 , 데이터쿠폰 20GB x 3회, 평점 4.2"
고고모바일_LTE_13,고고모바일,[모요only] 무제한 11GB+3M(다이소 5000원),14000,60.0,1,999,999,3Mbps,LTE,"정상가 39,600원, 할인 7개월, 다이소상품권 매월 5,000원 제공, 3대 마트 상품권 2만원, 추가데이터 20GB 제공, KT유심&배송비 무료, 원스토리 3,000P 쿠폰 , 데이터쿠폰 20GB x 3회, 평점 4.2"
핀다이렉트_LTE_07,핀다이렉트,[모요only] [S] 핀다이렉트Z _PIN,14080,60.0,1,999,999,3Mbps,LTE,"정상가 39,600원, 할인 7개월, SKT 데이터 결합 (추가데이터 20GB), 평점 4.2"
U+유모바일_LTE_01,U+유모바일,[평생할인]100GB+/통화기본,38200,100.0,1,999,999,5Mbps,LTE,"매달 Npay 1.5만원(18만), 가족결합시 Npay 10% 혜택(다모아 결합), 12만원 혜택(매월 이마트24 5천원), 우리결합시, 데이터 20GB 추가 증정, 평점 4.4"
티플러스_LTE_04,티플러스,KT 11GB+ (CU 매월 20%+올리브영 매월 7천원 상품권!),14000,60.0,1,999,999,3Mbps,LTE,"정상가 44,000원, 할인 7개월, 3대 마트 상품권 2만원 증정, 매월 카테고리 3종 중 택1 10% 할인권, 올리브영 7개월간 매월 3,000원 상품권, CU 오프라인 점포 결제시 20% 할인 제공, 올리브영 12개월간 매월 4,000원 상품권, 평점 4.3"
티플러스_LTE_05,티플러스,KT 11GB+ (밀리의서재+올리브영 매월 7천원 상품권!),14000,60.0,1,999,999,3Mbps,LTE,"정상가 45,100원, 할인 7개월, 밀리의 서재 전자책 정기구독 혜택 매월 제공, 3대 마트 상품권 2만원 증정, 올리브영 7개월간 매월 3,000원 상품권, 올리브영 12개월간 매월 4,000원 상품권, 평점 4.3"
찬스모바일_LTE_05,찬스모바일,[모요only] 알찬 음성기본 11GB+일 2GB+,14000,60.0,1,999,999,3Mbps,LTE,"정상가 32,945원, 할인 7개월, 평점 4.5"
스마텔_LTE_08,스마텔,스마트 11GB+,14000,60.0,1,999,999,3Mbps,LTE,"정상가 40,700원, 할인 7개월, 평점 4.2"
핀다이렉트_LTE_08,핀다이렉트,[L] 핀다이렉트Z 100GB+,17000,100.0,1,999,999,5Mbps,LTE,"정상가 44,000원, 할인 7개월, 평점 4.2"
시월모바일_LTE_03,시월모바일,쿠폰팩베이직 통화기본100GB+,20000,100.0,1,999,999,5Mbps,LTE,"정상가 48,490원, 할인 7개월, 12개월간 월 5000원씩(네이버페이 가능), 평점 4.5"
스마텔_LTE_09,스마텔,스마일 100GB+,17000,100.0,1,999,999,5Mbps,LTE,"정상가 47,300원, 할인 7개월, 평점 4.2"
시월모바일_LTE_04,시월모바일,[모요only] 시월 무제한 11GB+매일2GB+3Mbps,14000,60.0,1,999,999,3Mbps,LTE,"정상가 32,945원, 할인 7개월, 네이버페이 10,000원, 평점 4.5"
시월모바일_LTE_05,시월모바일,시월 무제한 11GB+매일2GB+3Mbps,14000,60.0,1,999,999,3Mbps,LTE,"정상가 39,630원, 할인 7개월, 네이버페이 10,000원, 평점 4.5"
U+유모바일_LTE_02,U+유모바일,📺티빙12개월) eBook & 롯데시네마 100GB+,39100,100.0,1,999,999,5Mbps,LTE,"세계문학전집 100권, 매달 전자책 1권(24개월 간 지급), 티빙 구독권 지급(12개월간), 매달 영화할인권 2매(12개월 간 지급), 가족결합시 Npay 10% 혜택(다모아 결합), 우리결합시, 데이터 20GB 추가 증정, 평점 4.4"
이야기모바일_LTE_06,이야기모바일,이야기 스탠다드S 11GB+,14000,60.0,1,999,999,3Mbps,LTE,"정상가 39,600원, 할인 7개월, 네이버페이 5,000원, 평점 4.5"
스마텔_LTE_10,스마텔,후후 스마일 100GB+,17330,100.0,1,999,999,5Mbps,LTE,"정상가 47,630원, 할인 7개월, 평점 4.2"
이지모바일_LTE_10,이지모바일,EG 데이터 71G+3(밀리의 서재),15000,60.0,1,999,999,3Mbps,LTE,"정상가 37,400원, 할인 7개월, 밀리의 서재 이용권 제공, 5대 마트 상품권 2만원, 일반유심/배송비 무료, 평점 4.3"
이지모바일_LTE_11,이지모바일,[Npay2만원]EG 무한 11G+3,15000,60.0,1,999,999,3Mbps,LTE,"정상가 37,400원, 할인 7개월, 네이버페이 10,000원, 네이버페이 20,000원, 5대 마트 상품권 2만원, 일반유심/배송비 무료, 평점 4.3"
이지모바일_LTE_12,이지모바일,[Npay2만원]EG 무한 11G+3,15000,60.0,1,999,999,3Mbps,LTE,"정상가 37,400원, 할인 7개월, 네이버페이 10,000원, 네이버페이 20,000원, 5대 마트 상품권 2만원, 일반유심/배송비 무료, 평점 4.3"
스마텔_LTE_11,스마텔,후후 스마트 11GB+,14330,60.0,1,999,999,3Mbps,LTE,"정상가 41,030원, 할인 7개월, 평점 4.2"
이지모바일_LTE_13,이지모바일,EG 무제한 11G+3(배민),15000,60.0,1,999,999,3Mbps,LTE,"정상가 41,250원, 할인 7개월, 5대 마트 상품권 2만원, 일반유심/배송비 무료, 평점 4.3"
이지모바일_LTE_14,이지모바일,EG 무제한 11G+3(NPAY),15000,60.0,1,999,999,3Mbps,LTE,"정상가 41,250원, 할인 7개월, 5대 마트 상품권 2만원, 일반유심/배송비 무료, 평점 4.3"
U+유모바일_LTE_03,U+유모바일,[올리브영 12만원] 100GB+,39200,100.0,1,999,999,5Mbps,LTE,"매달 Npay 1.5만원(18만), 가족결합시 Npay 10% 혜택(다모아 결합), 올리브영 12만원 혜택, 우리결합시, 데이터 20GB 추가 증정, 평점 4.4"
모나_LTE_03,모나,수다맘껏데이터71G+,14080,60.0,1,999,999,3Mbps,LTE,"정상가 39,600원, 할인 7개월,  NFC 유심 무료 제공, 4대 편의점 최대 10.1%적립, 평점 4.4"
모나_LTE_04,모나,더중앙+모나_11G+일2G,14080,60.0,1,999,999,3Mbps,LTE,"정상가 39,600원, 할인 7개월, 더중앙플러스 구독권 매월 제공,  NFC 유심 무료 제공, 4대 편의점 최대 10.1%적립, 평점 4.4"
이지모바일_LTE_15,이지모바일,EG 무제한 71G+3(멜론),15500,60.0,1,999,999,3Mbps,LTE,"정상가 39,600원, 할인 7개월, 멜론 이용권 제공, 5대 마트 상품권 2만원, 일반유심/배송비 무료, 평점 4.3"
에르엘_LTE_03,에르엘,음성기본11GB+일2GB,16000,60.0,1,999,999,3Mbps,LTE,"정상가 38,500원, 할인 7개월, 평점 4.4"
에르엘_LTE_04,에르엘,[모요only] 음성기본11GB+일2GB,16000,60.0,1,999,999,3Mbps,LTE,"정상가 38,300원, 할인 7개월, 평점 4.4"
U+유모바일_LTE_04,U+유모바일,[쿠팡이츠 12만] 100GB+/통화기본,40700,100.0,1,999,999,5Mbps,LTE,"매달 Npay 1.5만원(18만), 가족결합시 Npay 10% 혜택(다모아 결합), 매달 쿠팡이츠 1만원(12만), 우리결합시, 데이터 20GB 추가 증정, 평점 4.4"
티플러스_LTE_06,티플러스,완전마음껏 11GB＋＋(배달의민족 매월 5000P),16000,60.0,1,999,999,3Mbps,LTE,"정상가 40,900원, 할인 7개월, 3대 마트 상품권 2만원 증정, 매월 배달의민족 2,500P 쿠폰 2매 제공, 평점 4.3"
티플러스_LTE_07,티플러스,완전마음껏 11GB＋＋(네이버페이 매월 5000P),16000,60.0,1,999,999,3Mbps,LTE,"정상가 40,900원, 할인 7개월, 매월 네이버페이 5,000P 쿠폰 증정!, 3대 마트 상품권 2만원 증정, 평점 4.3"
티플러스_LTE_08,티플러스,완전마음껏 11GB＋＋(멜론 매월 6900P),16000,60.0,1,999,999,3Mbps,LTE,"정상가 44,800원, 할인 7개월, 멜론 캐쉬 6,900P 매월 제공, 3대 마트 상품권 2만원 증정, 평점 4.3"
티플러스_LTE_09,티플러스,완전마음껏 11GB＋＋(왓챠 베이직 매월 무료),16000,60.0,1,999,999,3Mbps,LTE,"정상가 44,400원, 할인 7개월, 왓챠 베이직 무료 이용권 제공, 3대 마트 상품권 2만원 증정, 평점 4.3"
모나_LTE_05,모나,리타민_100G+5M,21890,100.0,1,999,999,5Mbps,LTE,"정상가 48,400원, 할인 7개월, 리타민 이용권 매월 제공, 더중앙플러스 구독권 매월 제공,  NFC 유심 무료 제공, 4대 편의점 최대 10.1%적립, 평점 4.4"
슈가모바일_LTE_03,슈가모바일,MANIA 통화무제한 100GB++,24060,100.0,1,999,999,5Mbps,LTE,"정상가 50,900원, 할인 24개월, 평점 4.6"
핀다이렉트_LTE_09,핀다이렉트,[L] 핀다이렉트Z 11GB+,14000,60.0,1,999,999,3Mbps,LTE,"정상가 39,600원, 할인 7개월, 평점 4.2"
스마텔_LTE_12,스마텔,스마일 11GB+,14000,60.0,1,999,999,3Mbps,LTE,"정상가 40,700원, 할인 7개월, 평점 4.2"
모나_LTE_06,모나,부커스_11G+일2G,15950,60.0,1,999,999,3Mbps,LTE,"정상가 41,800원, 할인 7개월, 부커스 이용권 매월 제공, 더중앙플러스 구독권 매월 제공,  NFC 유심 무료 제공, 4대 편의점 최대 10.1%적립, 평점 4.4"
모나_LTE_07,모나,카카오이모티콘+_100G+5M,22990,100.0,1,999,999,5Mbps,LTE,"정상가 48,400원, 할인 7개월, 이모티콘플러스 구독권 매월 제공, 더중앙플러스 구독권 매월 제공,  NFC 유심 무료 제공, 4대 편의점 최대 10.1%적립, 평점 4.4"
KT스카이라이프_LTE_01,KT스카이라이프,모두 충분 100GB+(CU),38200,100.0,1,999,999,5Mbps,LTE,"S-머니 18만원(매월 3만원씩 6개월간), CU 연간 6만원 할인 평생 제공, 평점 4.5"
KT스카이라이프_LTE_02,KT스카이라이프,모두 충분 100GB+(모아진),38200,100.0,1,999,999,5Mbps,LTE,"기본 가입혜택 2만원, S-머니 12만원(매월 2만원씩 6개월간), 평점 4.5"
KT스카이라이프_LTE_03,KT스카이라이프,모두 충분 100GB+(밀리의서재),38300,100.0,1,999,999,5Mbps,LTE,"밀리의서재(매월11,900원)평생 구독권, 기본 가입혜택 2만원, S-머니 12만원(매월 2만원씩 6개월간), 평점 4.5"
스마텔_LTE_13,스마텔,후후 스마일 11GB+,14330,60.0,1,999,999,3Mbps,LTE,"정상가 41,030원, 할인 7개월, 평점 4.2"
고고모바일_LTE_14,고고모바일,LTE무제한 100GB+5M(CU20%할인),42020,100.0,1,999,999,5Mbps,LTE,"CU 20% 오프라인 결제할인, 3대 마트 상품권 2만원, 추가데이터 20GB 제공, KT유심&배송비 무료, 원스토리 3,000P 쿠폰 , 평점 4.2"
시월모바일_LTE_06,시월모바일,쿠폰팩베이직 통화기본11GB+매일2GB,17000,60.0,1,999,999,3Mbps,LTE,"정상가 41,860원, 할인 7개월, 12개월간 월 5000원씩(네이버페이 가능), 평점 4.5"
모나_LTE_08,모나,리타민_11G+일2G,16940,60.0,1,999,999,3Mbps,LTE,"정상가 41,800원, 할인 7개월, 리타민 이용권 매월 제공, 더중앙플러스 구독권 매월 제공,  NFC 유심 무료 제공, 4대 편의점 최대 10.1%적립, 평점 4.4"
시월모바일_LTE_07,시월모바일,쿠폰팩 통화기본100GB+,25000,100.0,1,999,999,5Mbps,LTE,"정상가 48,430원, 할인 7개월, 24개월간 월 5000원씩(네이버페이 가능), 평점 4.5"
스마텔_LTE_14,스마텔,CU 스위트 무제한 11GB+,19000,60.0,1,999,999,3Mbps,LTE,"정상가 40,700원, 할인 7개월, 평점 4.2"
스마텔_LTE_15,스마텔,스위트 11GB+(밀리의서재),19000,60.0,1,999,999,3Mbps,LTE,"정상가 41,800원, 할인 7개월, 평점 4.2"
KG모바일_LTE_08,KG모바일,"[일반] 통화, 데이터 마음대로 100GB+_24개월",26290,100.0,1,999,999,5Mbps,LTE,"정상가 47,300원, 할인 24개월, 일반 유심/배송비 무료, 유독 쿠폰(구글 AI Pro,도미노피자 할인), 평점 4.6"
이지모바일_LTE_16,이지모바일,이지 더 오래쓰는 무제한 100G+5,26400,100.0,1,999,999,5Mbps,LTE,"정상가 46,200원, 할인 24개월, 일반유심/배송비 무료, 평점 4.3"
이지모바일_LTE_17,이지모바일,이지 오래쓰는 무제한 100GB+5,26400,100.0,1,999,999,5Mbps,LTE,"정상가 46,200원, 할인 12개월, 일반유심/배송비 무료, 평점 4.3"
쉐이크모바일_LTE_08,쉐이크모바일,[모요only] 쉐이크 LTE 100GB+_CU,27400,100.0,1,999,999,5Mbps,LTE,"정상가 45,100원, 할인 12개월, 매월 1천원 요금할인 (팝테일 가입·인증), CU 20% 오프라인 결제할인, 3대 마트 상품권 2만원, SOLO결합(+20GB), 데이터쿠폰 20GB, 평점 4.3"
이지모바일_LTE_18,이지모바일,[NPAY1만원]EG 12무제한 100G+5(CU),26900,100.0,1,999,999,5Mbps,LTE,"정상가 44,550원, 할인 12개월, 네이버페이 10,000원, 네이버페이 10,000원, 5대 마트 상품권 2만원, 일반유심/배송비 무료, 평점 4.3"
KT스카이라이프_LTE_04,KT스카이라이프,모두 충분 100GB+(다이소_5000),41500,100.0,1,999,999,5Mbps,LTE,"기본 가입혜택 2만원, S-머니 12만원(매월 2만원씩 6개월간), 평점 4.5"
KT스카이라이프_LTE_05,KT스카이라이프,모두 충분 100GB+(올리브영_5000),41500,100.0,1,999,999,5Mbps,LTE,"기본 가입혜택 2만원, S-머니 12만원(매월 2만원씩 6개월간), 평점 4.5"
모나_LTE_09,모나,모나기본100G안심5,26510,100.0,1,999,999,5Mbps,LTE,"정상가 48,400원, 할인 24개월,  NFC 유심 무료 제공, 4대 편의점 최대 10.1%적립, 평점 4.4"
U+유모바일_LTE_05,U+유모바일,[평생할인] 7GB+/통화기본,15900,7.0,1,999,999,1Mbps,LTE,"매달 Npay 1.5만원(18만), 가족결합시 Npay 10% 혜택(다모아 결합), 12만원 혜택(매월 이마트24 5천원), 우리결합시, 데이터 5GB 추가 증정, 평점 4.4"
스마텔_LTE_16,스마텔,스위트 11GB+(다이소 3000),20400,60.0,1,999,999,3Mbps,LTE,"정상가 42,130원, 할인 7개월, 평점 4.2"
KT스카이라이프_LTE_06,KT스카이라이프,모두 충분 100GB+(Pay_5000),41700,100.0,1,999,999,5Mbps,LTE,"기본 가입혜택 2만원, S-머니 12만원(매월 2만원씩 6개월간), 평점 4.5"
KT스카이라이프_LTE_07,KT스카이라이프,모두 충분 100GB+(웨이브),41700,100.0,1,999,999,5Mbps,LTE,"기본 가입혜택 2만원, S-머니 12만원(매월 2만원씩 6개월간), 평점 4.5"
KT스카이라이프_LTE_08,KT스카이라이프,모두 충분 100GB+(지니뮤직),41700,100.0,1,999,999,5Mbps,LTE,"기본 가입혜택 2만원, S-머니 12만원(매월 2만원씩 6개월간), 평점 4.5"
인스모바일_LTE_04,인스모바일,[24개월] 인스 유심 스트롱 100GB+,28520,100.0,1,999,999,5Mbps,LTE,"정상가 47,000원, 할인 24개월, 평점 4.4"
이지모바일_LTE_19,이지모바일,[전기차]모두의충전 12무제한 100G+5,29350,100.0,1,999,999,5Mbps,LTE,"정상가 44,000원, 할인 12개월, 5대 마트 상품권 2만원, 일반유심/배송비 무료, 평점 4.3"
스마텔_LTE_17,스마텔,스위트 11GB+(다이소 5000),21400,60.0,1,999,999,3Mbps,LTE,"정상가 43,010원, 할인 7개월, 평점 4.2"
쉐이크모바일_LTE_09,쉐이크모바일,"[모요only] 쉐이크 LTE 100GB+_다이소 매 월 5,000원",30100,100.0,1,999,999,5Mbps,LTE,"정상가 47,300원, 할인 12개월, 매월 1천원 요금할인 (팝테일 가입·인증), 다이소 매월 5,000원 제공, 3대 마트 상품권 2만원, SOLO결합(+20GB), 데이터쿠폰 20GB, 평점 4.3"
슈가모바일_LTE_04,슈가모바일,Sugar 통화마음대로 11GB+매일2GB+,21070,60.0,1,999,999,3Mbps,LTE,"정상가 39,000원, 할인 24개월, 평점 4.6"
이야기모바일_LTE_07,이야기모바일,이야기스페셜 100GB+(24개월할인),28600,100.0,1,999,999,5Mbps,LTE,"정상가 46,200원, 할인 24개월, 네이버페이 5,000원, 평점 4.5"
이지모바일_LTE_20,이지모바일,이지 오래쓰는 무제한 71GB+3,21450,60.0,1,999,999,3Mbps,LTE,"정상가 39,600원, 할인 12개월, 일반유심/배송비 무료, 평점 4.3"
찬스모바일_LTE_06,찬스모바일,찬스12 11GB+일2GB+,21340,60.0,1,999,999,3Mbps,LTE,"정상가 39,050원, 할인 12개월, 유심/배송비 무료, 평점 4.5"
시월모바일_LTE_08,시월모바일,쿠폰팩 통화기본11GB+매일2GB,21000,60.0,1,999,999,3Mbps,LTE,"정상가 41,900원, 할인 7개월, 24개월간 월 5000원씩(네이버페이 가능), 평점 4.5"
스마텔_LTE_18,스마텔,[모요only] 스위트 7GB+(밀리의서재)(+10GB 24개월간 추가 제공),10000,7.0,1,999,999,1Mbps,LTE,"정상가 25,300원, 할인 7개월, 평점 4.2"
이지모바일_LTE_21,이지모바일,[NPAY1만원]EG 12무제한 11G+3(CU),21900,60.0,1,999,999,3Mbps,LTE,"정상가 39,600원, 할인 12개월, 네이버페이 10,000원, 네이버페이 10,000원, 5대 마트 상품권 2만원, 일반유심/배송비 무료, 평점 4.3"
핀다이렉트_LTE_10,핀다이렉트,[모요only] [K] 핀다이렉트Z Mini + 밀리의서재 _PIN,10000,7.0,1,999,999,1Mbps,LTE,"정상가 20,350원, 할인 7개월, 밀리의 서재 평생 무료 구독, 3대 마트 상품권 2만원, 데이터 매월 10GB 추가 제공 (24개월간), KT 데이터 결합 (추가데이터 5GB), 평점 4.2"
쉐이크모바일_LTE_10,쉐이크모바일,[모요only] 쉐이크 LTE 7GB+_밀리의서재,10000,7.0,1,999,999,1Mbps,LTE,"정상가 23,100원, 할인 7개월, 밀리의 서재 구독권 지급 이벤트, 매월 1천원 요금할인 (팝테일 가입·인증), 3대 마트 상품권 2만원, SOLO결합(+5GB), 데이터쿠폰 20GB, 데이터 매월 10GB 추가 증정(24개월), 평점 4.3"
쉐이크모바일_LTE_11,쉐이크모바일,[모요only] 쉐이크 LTE 7GB+_모아진 전자 구독,10000,7.0,1,999,999,1Mbps,LTE,"정상가 23,100원, 할인 7개월, 평점 4.3"
마블링_LTE_03,마블링,[모요only] 마블링 프라임 7GB+1Mbps,10000,7.0,1,999,999,1Mbps,LTE,"정상가 15,373원, 할인 7개월, 평점 4.3"
에르엘_LTE_05,에르엘,[모요only] 음성기본7GB+,10000,7.0,1,999,999,1Mbps,LTE,"정상가 19,580원, 할인 7개월, 평점 4.4"
에르엘_LTE_06,에르엘,음성기본7GB+,10000,7.0,1,999,999,1Mbps,LTE,"정상가 19,800원, 할인 7개월, 평점 4.4"
U+유모바일_LTE_06,U+유모바일,[다이소 12만] 7GB+,17800,7.0,1,999,999,1Mbps,LTE,"매달 Npay 5천원(6만), 가족결합시 Npay 10% 혜택(다모아 결합), 12만원 혜택(매월 다이소 5천원), 우리결합시, 데이터 5GB 추가 증정, 평점 4.4"
이지모바일_LTE_22,이지모바일,EG 무제한 7G+1(밀리의 서재)[매월 10GB 추가제공],10000,7.0,1,999,999,1Mbps,LTE,"정상가 22,000원, 할인 7개월, 밀리의 서재 이용권 제공, 5대 마트 상품권 2만원, 데이터 10GB 추가 증정, 일반유심/배송비 무료, 평점 4.3"
이지모바일_LTE_23,이지모바일,[Npay2만원]EG 무한 7G+1(NPAY3000),10000,7.0,1,999,999,1Mbps,LTE,"정상가 23,100원, 할인 7개월, 네이버페이 10,000원, 네이버페이 20,000원, 5대 마트 상품권 2만원, 데이터 10GB 추가 증정, 일반유심/배송비 무료, 평점 4.3"
찬스모바일_LTE_07,찬스모바일,[CH]100GB+5Mbps,48400,100.0,1,999,999,5Mbps,LTE,"유심/배송비 무료, 평점 4.5"
KG모바일_LTE_09,KG모바일,"[모빌카드 스페셜] 통화, 데이터 마음대로 7GB+",10010,7.0,1,999,999,1Mbps,LTE,"정상가 24,200원, 할인 7개월, 네이버페이 5,000원, 일반 유심/배송비 무료, 유독 쿠폰(구글 AI Pro,도미노피자 할인), 평점 4.6"
KG모바일_LTE_10,KG모바일,"[KG모바일 스페셜] 통화, 데이터 마음대로 7GB+",10010,7.0,1,999,999,1Mbps,LTE,"정상가 24,200원, 할인 7개월, 해피콘 상품권 5,000원, 일반 유심/배송비 무료, 유독 쿠폰(구글 AI Pro,도미노피자 할인), 평점 4.6"
U+유모바일_LTE_07,U+유모바일,빽다방 100잔 7GB+,17900,7.0,1,999,999,1Mbps,LTE,"매달 Npay 5천원(6만), 가족결합시 Npay 10% 혜택(다모아 결합), 빽다방 100잔 (25개월간 매월 4잔), 우리결합시, 데이터 5GB 추가 증정, 평점 4.4"
이지모바일_LTE_24,이지모바일,[전기차]모두의 충전 18무제한 100G+5(CU20%할인),31900,100.0,1,999,999,5Mbps,LTE,"정상가 47,850원, 할인 18개월, 5대 마트 상품권 2만원, 일반유심/배송비 무료, 평점 4.3"
이지모바일_LTE_25,이지모바일,이지 무제한 7G+1,10000,7.0,1,999,999,1Mbps,LTE,"정상가 20,900원, 할인 7개월, 일반유심/배송비 무료, 평점 4.3"
KT스카이라이프_LTE_09,KT스카이라이프,모두 충분 7GB+(모아진),16200,7.0,1,999,999,1Mbps,LTE,"기본 가입혜택 2만원, S-머니 6만원(매월 1만원씩 6개월간), 평점 4.5"
KT스카이라이프_LTE_10,KT스카이라이프,모두 충분 7GB+(밀리의서재),16200,7.0,1,999,999,1Mbps,LTE,"밀리의서재(매월11,900원)평생 구독권, 기본 가입혜택 2만원, S-머니 6만원(매월 1만원씩 6개월간), 평점 4.5"
스마텔_LTE_19,스마텔,스마트 7GB+,10000,7.0,1,999,999,1Mbps,LTE,"정상가 24,200원, 할인 7개월, 평점 4.2"
시월모바일_LTE_09,시월모바일,[모요only] 시월 무제한 7GB+1Mbps,10000,7.0,1,999,999,1Mbps,LTE,"정상가 15,373원, 할인 7개월, 네이버페이 10,000원, 평점 4.5"
U+유모바일_LTE_08,U+유모바일,[쿠팡이츠 12만] 7GB+/통화기본,18400,7.0,1,999,999,1Mbps,LTE,"매달 Npay 5천원(6만), 가족결합시 Npay 10% 혜택(다모아 결합), 매달 쿠팡이츠 1만원(12만), 평점 4.4"
시월모바일_LTE_10,시월모바일,시월 무제한 7GB+1Mbps,10000,7.0,1,999,999,1Mbps,LTE,"정상가 19,900원, 할인 7개월, 네이버페이 10,000원, 평점 4.5"
KG모바일_LTE_11,KG모바일,"[일반] 통화, 데이터 마음대로 11GB+_24개월",23210,60.0,1,999,999,3Mbps,LTE,"정상가 41,800원, 할인 24개월, 일반 유심/배송비 무료, 유독 쿠폰(구글 AI Pro,도미노피자 할인), 평점 4.6"
이야기모바일_LTE_08,이야기모바일,이야기 라이트S 7GB+,10000,7.0,1,999,999,1Mbps,LTE,"정상가 24,200원, 할인 7개월, 네이버페이 5,000원, 평점 4.5"
U+유모바일_LTE_09,U+유모바일,교보문고 북 플러스알파 71GB+,33500,60.0,1,999,999,3Mbps,LTE,"매달 전자책 1권(24개월 간 지급), 세계문학전집 100권, 매달 영화할인권 2매(12개월 간 지급), 가족결합시 Npay 10% 혜택(다모아 결합), 우리결합시, 데이터 20GB 추가 증정, 평점 4.4"
모나_LTE_10,모나,수다맘껏데이터7G+,10010,7.0,1,999,999,1Mbps,LTE,"정상가 22,000원, 할인 7개월,  NFC 유심 무료 제공, 4대 편의점 최대 10.1%적립, 평점 4.4"
스마텔_LTE_20,스마텔,후후 스마트 7GB+,10330,7.0,1,999,999,1Mbps,LTE,"정상가 24,530원, 할인 7개월, 평점 4.2"
LG헬로모바일_LTE_01,LG헬로모바일,DATA 걱정없는 유심 7GB,15900,7.0,1,999,999,1Mbps,LTE,"가입사은품 3만원, 구글 AI프로+도미노피자 할인쿠폰, 프레딧 쿠폰 2만원(5천원*4개월), 평점 4.7"
이지모바일_LTE_26,이지모바일,이지 더 오래쓰는 무제한 11G+3,23430,60.0,1,999,999,3Mbps,LTE,"정상가 39,600원, 할인 24개월, 일반유심/배송비 무료, 평점 4.3"
스마텔_LTE_21,스마텔,스위트 7GB+(올영 3000),11400,7.0,1,999,999,1Mbps,LTE,"정상가 25,630원, 할인 7개월, 평점 4.2"
스마텔_LTE_22,스마텔,스위트 7GB+(다이소 3000),11400,7.0,1,999,999,1Mbps,LTE,"정상가 25,630원, 할인 7개월, 평점 4.2"
U+유모바일_LTE_10,U+유모바일,다성비 (71GB+/통화기본),33990,60.0,1,999,999,3Mbps,LTE,"가족결합시 Npay 10% 혜택(다모아 결합), 매달 다이소 5천원 상품권 지급(12개월), 우리결합시, 데이터 20GB 추가 증정, 평점 4.4"
U+유모바일_LTE_11,U+유모바일,[올리브영 12만원] 71GB+,33990,60.0,1,999,999,3Mbps,LTE,"매달 Npay 1.5만원(18만), 가족결합시 Npay 10% 혜택(다모아 결합), 올리브영 12만원 혜택, 우리결합시, 데이터 20GB 추가 증정, 평점 4.4"
인스모바일_LTE_05,인스모바일,[12개월]인스 유심 올프리 7GB+,11000,7.0,1,999,999,1Mbps,LTE,"정상가 20,900원, 할인 12개월, 평점 4.4"
이지모바일_LTE_27,이지모바일,[전기차]모두의충전 12무제한 7G+1,11200,7.0,1,999,999,1Mbps,LTE,"정상가 19,800원, 할인 12개월, 5대 마트 상품권 2만원, 데이터 10GB 추가 증정, 일반유심/배송비 무료, 평점 4.3"
리브모바일_LTE_01,리브모바일,LTE 무제한 100GB+ ,47300,100.0,1,999,999,5Mbps,LTE,평점 4.3
찬스모바일_LTE_08,찬스모바일,찬스12 7GB+,10990,7.0,1,999,999,1Mbps,LTE,"정상가 19,800원, 할인 12개월, 유심/배송비 무료, 평점 4.5"
이지모바일_LTE_28,이지모바일,[전기차]모두의충전 12무제한 11G+3,24350,60.0,1,999,999,3Mbps,LTE,"정상가 37,400원, 할인 12개월, 5대 마트 상품권 2만원, 일반유심/배송비 무료, 평점 4.3"
이지모바일_LTE_29,이지모바일,[전기차]모두의 충전 18무제한 7G+1(밀리의 서재),11390,7.0,1,999,999,1Mbps,LTE,"정상가 25,850원, 할인 18개월, 밀리의 서재 이용권 제공, 5대 마트 상품권 2만원, 데이터 10GB 추가 증정, 일반유심/배송비 무료, 평점 4.3"
U+유모바일_LTE_12,U+유모바일,빽다방 100잔 71GB+,34500,60.0,1,999,999,3Mbps,LTE,"매달 Npay 1.5만원(18만), 가족결합시 Npay 10% 혜택(다모아 결합), 빽다방 100잔 (25개월간 매월 4잔), 우리결합시, 데이터 20GB 추가 증정, 평점 4.4"
시월모바일_LTE_11,시월모바일,쿠폰팩베이직 통화기본7GB+,11000,7.0,1,999,999,1Mbps,LTE,"정상가 22,000원, 할인 7개월, 12개월간 월 5000원씩(네이버페이 가능), 평점 4.5"
인스모바일_LTE_06,인스모바일,[12개월]인스 유심 스트롱 11GB+,24700,60.0,1,999,999,3Mbps,LTE,"정상가 37,900원, 할인 12개월, 평점 4.4"
U+유모바일_LTE_13,U+유모바일,[다이소 12만] 71GB+,34890,60.0,1,999,999,3Mbps,LTE,"매달 Npay 1.5만원(18만), 가족결합시 Npay 10% 혜택(다모아 결합), 12만원 혜택(매월 다이소 5천원), 우리결합시, 데이터 20GB 추가 증정, 평점 4.4"
U+유모바일_LTE_14,U+유모바일,[GS25 12만] 71GB+/통화기본,34900,60.0,1,999,999,3Mbps,LTE,"매달 Npay 1.5만원(18만), 가족결합시 Npay 10% 혜택(다모아 결합), 12만원 혜택(매월 GS25 5천원), 우리결합시, 데이터 20GB 추가 증정, 평점 4.4"
모나_LTE_11,모나,NA알뜰11G+일2G+3Mbps,23870,60.0,1,999,999,3Mbps,LTE,"정상가 39,600원, 할인 24개월,  NFC 유심 무료 제공, 4대 편의점 최대 10.1%적립, 평점 4.4"
KT스카이라이프_LTE_11,KT스카이라이프,모두 충분 7GB+(Pay_3000),17600,7.0,1,999,999,1Mbps,LTE,"기본 가입혜택 2만원, S-머니 6만원(매월 1만원씩 6개월간), 평점 4.5"
인스모바일_LTE_07,인스모바일,[24개월] 인스 유심 스트롱 11GB+,24920,60.0,1,999,999,3Mbps,LTE,"정상가 39,000원, 할인 24개월, 평점 4.4"
고고모바일_LTE_15,고고모바일,[모요only] 무제한 7GB+1M(올리브영 5000원),12000,7.0,1,999,999,1Mbps,LTE,"정상가 22,000원, 할인 7개월, 올리브영 상품권 매월 5,000원 제공, 3대 마트 상품권 2만원, 추가데이터 5GB 제공, 데이터 매월 10GB 추가 증정 (24개월간), KT유심&배송비 무료, 원스토리 3,000P 쿠폰 , 데이터쿠폰 20GB x 3회, 평점 4.2"
고고모바일_LTE_16,고고모바일,[모요only] 무제한 7GB+1M(다이소 5000원),12000,7.0,1,999,999,1Mbps,LTE,"정상가 22,000원, 할인 7개월, 다이소상품권 매월 5,000원 제공, 3대 마트 상품권 2만원, 추가데이터 5GB 제공, 데이터 매월 10GB 추가 증정 (24개월간), KT유심&배송비 무료, 원스토리 3,000P 쿠폰 , 데이터쿠폰 20GB x 3회, 평점 4.2"
고고모바일_LTE_17,고고모바일,[모요only] 무제한 7GB+1M(매월 네이버페이5000P),12000,7.0,1,999,999,1Mbps,LTE,"정상가 22,000원, 할인 7개월, 네이버페이 매월 5,000P 제공, 3대 마트 상품권 2만원, 원스토리 3,000P 쿠폰 , 데이터쿠폰 20GB x 3회, 평점 4.2"
핀다이렉트_LTE_11,핀다이렉트,[L] 핀다이렉트Z 7GB+,10000,7.0,1,999,999,1Mbps,LTE,"정상가 22,000원, 할인 7개월, 평점 4.2"
스마텔_LTE_23,스마텔,스마일 7GB+,10000,7.0,1,999,999,1Mbps,LTE,"정상가 24,200원, 할인 7개월, 평점 4.2"
티플러스_LTE_10,티플러스,완전마음껏 7GB＋＋(네이버페이 매월 5000P),12000,7.0,1,999,999,1Mbps,LTE,"정상가 27,500원, 할인 7개월, 매월 네이버페이 5,000P 쿠폰 증정!, 3대 마트 상품권 2만원 증정, 개통시 매월 10GB 데이터 추가 지급, 평점 4.3"
U+유모바일_LTE_15,U+유모바일,[쿠팡이츠 12만] 71GB+/통화기본,35500,60.0,1,999,999,3Mbps,LTE,"매달 Npay 1.5만원(18만), 가족결합시 Npay 10% 혜택(다모아 결합), 매달 쿠팡이츠 1만원(12만), 우리결합시, 데이터 20GB 추가 증정, 평점 4.4"
스마텔_LTE_24,스마텔,스마트 11GB+ (24개월),25000,60.0,1,999,999,3Mbps,LTE,"정상가 40,700원, 할인 24개월, 평점 4.2"
KT스카이라이프_LTE_12,KT스카이라이프,모두 충분 11GB+(모아진),33000,60.0,1,999,999,3Mbps,LTE,"기본 가입혜택 2만원, S-머니 12만원(매월 2만원씩 6개월간), 평점 4.5"
KT스카이라이프_LTE_13,KT스카이라이프,모두 충분 11GB+(후후안심),33000,60.0,1,999,999,3Mbps,LTE,"기본 가입혜택 2만원, S-머니 12만원(매월 2만원씩 6개월간), 평점 4.5"
KT스카이라이프_LTE_14,KT스카이라이프,모두 충분 11GB+(CU),33000,60.0,1,999,999,3Mbps,LTE,"기본 가입혜택 2만원, S-머니 12만원(매월 2만원씩 6개월간), CU 연간 6만원 할인 평생 제공, 평점 4.5"
스마텔_LTE_25,스마텔,후후 스마일 7GB+,10330,7.0,1,999,999,1Mbps,LTE,"정상가 24,530원, 할인 7개월, 평점 4.2"
시월모바일_LTE_12,시월모바일,쿠폰팩 통화기본7GB+,12000,7.0,1,999,999,1Mbps,LTE,"정상가 22,010원, 할인 7개월, 24개월간 월 5000원씩(네이버페이 가능), 평점 4.5"
KT스카이라이프_LTE_15,KT스카이라이프,모두 충분 11GB+(밀리의서재),33100,60.0,1,999,999,3Mbps,LTE,"밀리의서재(매월11,900원)평생 구독권, 기본 가입혜택 2만원, S-머니 12만원(매월 2만원씩 6개월간), 평점 4.5"
KT스카이라이프_LTE_16,KT스카이라이프,SOS 모두 충분 7GB+,18400,7.0,1,999,999,1Mbps,LTE,"기본 가입혜택 2만원, S-머니 6만원(매월 1만원씩 6개월간), 평점 4.5"
찬스모바일_LTE_09,찬스모바일,알찬 음성기본 7GB+,19800,7.0,1,999,999,1Mbps,LTE,"유심/배송비 무료, 평점 4.5"
이지모바일_LTE_30,이지모바일,이지 오래쓰는 무제한 7GB+1,12700,7.0,1,999,999,1Mbps,LTE,"정상가 18,700원, 할인 12개월, 일반유심/배송비 무료, 평점 4.3"
KT스카이라이프_LTE_17,KT스카이라이프,모두 충분 7GB+(Pay_5000),18500,7.0,1,999,999,1Mbps,LTE,"기본 가입혜택 2만원, S-머니 6만원(매월 1만원씩 6개월간), 평점 4.5"
KT스카이라이프_LTE_18,KT스카이라이프,모두 충분 7GB+(다이소_5000),18500,7.0,1,999,999,1Mbps,LTE,"기본 가입혜택 2만원, S-머니 6만원(매월 1만원씩 6개월간), 평점 4.5"
KT스카이라이프_LTE_19,KT스카이라이프,모두 충분 7GB+(다이소_5000),18500,7.0,1,999,999,1Mbps,LTE,"기본 가입혜택 2만원, S-머니 6만원(매월 1만원씩 6개월간), 평점 4.5"
이지모바일_LTE_31,이지모바일,[전기차]모두의 충전 18무제한 11G+일2G+3(CU20%할인),26690,60.0,1,999,999,3Mbps,LTE,"정상가 42,350원, 할인 18개월, 5대 마트 상품권 2만원, 일반유심/배송비 무료, 평점 4.3"
쉐이크모바일_LTE_12,쉐이크모바일,"[모요only] 쉐이크 LTE 11GB+_다이소 매 월 5,000원",27200,60.0,1,999,999,3Mbps,LTE,"정상가 42,900원, 할인 12개월, 매월 1천원 요금할인 (팝테일 가입·인증), 다이소 매월 5,000원 제공, 3대 마트 상품권 2만원, SOLO결합(+20GB), 데이터쿠폰 20GB, 평점 4.3"
쉐이크모바일_LTE_13,쉐이크모바일,"[모요only] 쉐이크 LTE 11GB+_네이버페이 매 월 5,000원",27200,60.0,1,999,999,3Mbps,LTE,"정상가 42,900원, 할인 12개월, 네이버페이 매월 5,000P 제공, 매월 1천원 요금할인 (팝테일 가입·인증), 3대 마트 상품권 2만원, SOLO결합(+20GB), 데이터쿠폰 20GB, 평점 4.3"
LG헬로모바일_LTE_02,LG헬로모바일,The 착한 데이터 유심 11GB,32990,60.0,1,999,999,3Mbps,LTE,"가입사은품 3만원, 헬로모바일 결합시, 추가 데이터 20GB 증정, 구글 AI프로+도미노피자 할인쿠폰, 프레딧 쿠폰 2만원(5천원*4개월), 평점 4.7"
KG모바일_LTE_12,KG모바일,"[일반] 통화, 데이터 마음대로 7GB+",13200,7.0,1,999,999,1Mbps,LTE,"정상가 24,200원, 할인 12개월, 일반 유심/배송비 무료, 평점 4.6"
LG헬로모바일_LTE_03,LG헬로모바일,쿠폰팩 유심 7GB,18330,7.0,1,999,999,1Mbps,LTE,"가입사은품 3만원, 쿠폰팩 24개월(5천원*24개월) 제공, 구글 AI프로+도미노피자 할인쿠폰, 프레딧 쿠폰 2만원(5천원*4개월), 헬로모바일 결합시, 추가 데이터 5GB 증정, 평점 4.7"
KT스카이라이프_LTE_20,KT스카이라이프,모두 충분 7GB+(지니뮤직),19000,7.0,1,999,999,1Mbps,LTE,"기본 가입혜택 2만원, S-머니 6만원(매월 1만원씩 6개월간), 평점 4.5"
모나_LTE_12,모나,NA알뜰7GB+1Mbps,12540,7.0,1,999,999,1Mbps,LTE,"정상가 22,000원, 할인 12개월,  NFC 유심 무료 제공, 4대 편의점 최대 10.1%적립, 평점 4.4"
쉐이크모바일_LTE_14,쉐이크모바일,[모요only] 쉐이크 LTE 11GB+_지니뮤직,27700,60.0,1,999,999,3Mbps,LTE,"정상가 42,900원, 할인 12개월, 지니뮤직 무료이용권 매월 제공, 매월 1천원 요금할인 (팝테일 가입·인증), 3대 마트 상품권 2만원, SOLO결합(+20GB), 데이터쿠폰 20GB, 평점 4.3"
고고모바일_LTE_18,고고모바일,LTE무제한 11GB+3M(CU20%할인),36850,60.0,1,999,999,3Mbps,LTE,"CU 20% 오프라인 결제할인, 3대 마트 상품권 2만원, 추가데이터 20GB 제공, KT유심&배송비 무료, 원스토리 3,000P 쿠폰 , 평점 4.2"
위너스텔_LTE_01,위너스텔,데이터무한 7GB+(블라이스),19800,7.0,1,999,999,1Mbps,LTE,평점 4.7
리브모바일_LTE_02,리브모바일,LTE 100GB+,35200,100.0,1,999,999,5Mbps,LTE,"정상가 41,400원, 할인 12개월, 평점 4.3"
이지모바일_LTE_32,이지모바일,이지 오래쓰는 무제한 5GB+1,550,5.0,1,999,999,1Mbps,LTE,"정상가 17,600원, 할인 12개월, 일반유심/배송비 무료, 평점 4.3"
티플러스_LTE_11,티플러스,가성비플러스(15GB/350분),1900,15.0,1,350,100,무제한,LTE,"정상가 22,000원, 할인 7개월, 3대 마트 상품권 2만원 증정, 평점 4.3"
티플러스_5G_01,티플러스,5G 가성비플러스(15GB/350분),1900,15.0,1,350,100,무제한,5G,"정상가 22,000원, 할인 7개월, 3대 마트 상품권 2만원 증정, 평점 4.3"
KT스카이라이프_LTE_21,KT스카이라이프,SOS 모두 충분 11GB+,35200,60.0,1,999,999,3Mbps,LTE,"기본 가입혜택 2만원, S-머니 12만원(매월 2만원씩 6개월간), 평점 4.5"
KT스카이라이프_LTE_22,KT스카이라이프,모두 충분 11GB+(Pay_5000),35300,60.0,1,999,999,3Mbps,LTE,"기본 가입혜택 2만원, S-머니 12만원(매월 2만원씩 6개월간), 평점 4.5"
고고모바일_LTE_19,고고모바일,무제한 7GB+1M(올리브영 매월 5000원),21560,7.0,1,999,999,1Mbps,LTE,"올리브영 상품권 매월 5,000원 제공, 3대 마트 상품권 2만원, 추가데이터 5GB 제공, 데이터 매월 10GB 추가 증정 (24개월간), KT유심&배송비 무료, 원스토리 3,000P 쿠폰 , 평점 4.2"
고고모바일_LTE_20,고고모바일,무제한 7GB+1M(다이소 매월 5000원),21560,7.0,1,999,999,1Mbps,LTE,"다이소상품권 매월 5,000원 제공, 3대 마트 상품권 2만원, 추가데이터 5GB 제공, 데이터 매월 10GB 추가 증정 (24개월간), KT유심&배송비 무료, 원스토리 3,000P 쿠폰 , 평점 4.2"
스마텔_LTE_26,스마텔,USIM 스마트 7GB+,14000,7.0,1,999,999,1Mbps,LTE,"정상가 19,800원, 할인 7개월, 평점 4.2"
KG모바일_LTE_13,KG모바일,"[일반] 통화, 데이터 마음대로 11GB+",28600,60.0,1,999,999,3Mbps,LTE,"정상가 41,800원, 할인 12개월, 일반 유심/배송비 무료, 유독 쿠폰(구글 AI Pro,도미노피자 할인), 평점 4.6"
KT스카이라이프_LTE_23,KT스카이라이프,모두 충분 11.0GB+(지니뮤직),35800,60.0,1,999,999,3Mbps,LTE,"기본 가입혜택 2만원, S-머니 12만원(매월 2만원씩 6개월간), 평점 4.5"
KT스카이라이프_LTE_24,KT스카이라이프,모두 충분 11GB+(왓챠),35900,60.0,1,999,999,3Mbps,LTE,"기본 가입혜택 2만원, S-머니 12만원(매월 2만원씩 6개월간), 평점 4.5"
고고모바일_LTE_21,고고모바일,무제한7GB+1M(지니뮤직 매월 무료),22000,7.0,1,999,999,1Mbps,LTE,"지니뮤직 매월 8,000G포인트 제공, 3대 마트 상품권 2만원, 추가데이터 5GB 제공, 데이터 매월 10GB 추가 증정 (24개월간), KT유심&배송비 무료, 원스토리 3,000P 쿠폰 , 평점 4.2"
KT스카이라이프_LTE_25,KT스카이라이프,모두 충분 11.0GB+(기프티쇼),36000,60.0,1,999,999,3Mbps,LTE,"기본 가입혜택 2만원, S-머니 6만원(매월 1만원씩 6개월간), S-머니 12만원(매월 2만원씩 6개월간), 평점 4.5"
리브모바일_LTE_03,리브모바일,LTE 무제한 100GB+ (밀리의서재),36600,100.0,1,999,999,5Mbps,LTE,"정상가 41,000원, 할인 12개월, 평점 4.3"
리브모바일_LTE_04,리브모바일,LTE 100GB+ (CU할인),36600,100.0,1,999,999,5Mbps,LTE,"정상가 41,000원, 할인 12개월, 평점 4.3"
스마텔_LTE_27,스마텔,스위트 100GB+,41800,100.0,1,999,999,5Mbps,LTE,"정상가 46,200원, 할인 36개월, 평점 4.2"
KT스카이라이프_LTE_26,KT스카이라이프,모두 충분 11GB+(요기요),36300,60.0,1,999,999,3Mbps,LTE,"기본 가입혜택 2만원, S-머니 12만원(매월 2만원씩 6개월간), 평점 4.5"
KT스카이라이프_LTE_27,KT스카이라이프,모두 충분 11GB+(배달의 민족),36300,60.0,1,999,999,3Mbps,LTE,"기본 가입혜택 2만원, S-머니 12만원(매월 2만원씩 6개월간), 평점 4.5"
KT스카이라이프_LTE_28,KT스카이라이프,모두 충분 11GB+(요기요),36300,60.0,1,999,999,3Mbps,LTE,"기본 가입혜택 2만원, S-머니 12만원(매월 2만원씩 6개월간), 평점 4.5"
KT스카이라이프_LTE_29,KT스카이라이프,모두 충분 11GB+(멜론뮤직),36300,60.0,1,999,999,3Mbps,LTE,"기본 가입혜택 2만원, S-머니 12만원(매월 2만원씩 6개월간), 평점 4.5"
KT스카이라이프_LTE_30,KT스카이라이프,모두 충분 11GB+(다이소_5000),36300,60.0,1,999,999,3Mbps,LTE,"기본 가입혜택 2만원, S-머니 12만원(매월 2만원씩 6개월간), 평점 4.5"
리브모바일_LTE_05,리브모바일,청년도약 LTE 71GB+,26400,60.0,1,999,999,3Mbps,LTE,"정상가 34,300원, 할인 36개월, 평점 4.3"
슈가모바일_LTE_05,슈가모바일,슈가칩3 7GB+,15060,7.0,1,999,999,1Mbps,LTE,"정상가 22,980원, 할인 24개월, 평점 4.6"
이지모바일_LTE_33,이지모바일,이지 더 오래쓰는 무제한 7G+1,15000,7.0,1,999,999,1Mbps,LTE,"정상가 20,900원, 할인 24개월, 일반유심/배송비 무료, 평점 4.3"
KG모바일_LTE_14,KG모바일,"[일반] 통화, 데이터 마음대로 7GB+_24개월",15070,7.0,1,999,999,1Mbps,LTE,"정상가 24,200원, 할인 24개월, 일반 유심/배송비 무료, 유독 쿠폰(구글 AI Pro,도미노피자 할인), 평점 4.6"
KT스카이라이프_LTE_31,KT스카이라이프,모두 충분 11GB+(웨이브),36600,60.0,1,999,999,3Mbps,LTE,"기본 가입혜택 2만원, S-머니 12만원(매월 2만원씩 6개월간), 평점 4.5"
LG헬로모바일_LTE_04,LG헬로모바일,쿠폰팩 유심 11GB,35730,60.0,1,999,999,3Mbps,LTE,"가입사은품 3만원, 헬로모바일 결합시, 추가 데이터 20GB 증정, 쿠폰팩 24개월(5천원*24개월) 제공, 구글 AI프로+도미노피자 할인쿠폰, 프레딧 쿠폰 2만원(5천원*4개월), 평점 4.7"
모나_LTE_13,모나,이투스_100G+5M,39930,100.0,1,999,999,5Mbps,LTE,"정상가 71,500원, 할인 7개월, 이투스 수강권 매월 제공 , 더중앙플러스 구독권 매월 제공,  NFC 유심 무료 제공, 4대 편의점 최대 10.1%적립, 평점 4.4"
인스모바일_LTE_08,인스모바일,[24개월] 인스 유심 올프리 7GB+,15000,7.0,1,999,999,1Mbps,LTE,"정상가 23,430원, 할인 24개월, 평점 4.4"
고고모바일_LTE_22,고고모바일,무제한 11GB+3M(다이소 매월 5000원),39160,60.0,1,999,999,3Mbps,LTE,"다이소상품권 매월 5,000원 제공, 3대 마트 상품권 2만원, 추가데이터 20GB 제공, KT유심&배송비 무료, 원스토리 3,000P 쿠폰 , 평점 4.2"
고고모바일_LTE_23,고고모바일,무제한11GB+3M(네이버페이 매월 5000P),39160,60.0,1,999,999,3Mbps,LTE,"네이버페이 매월 5,000P 제공, 3대 마트 상품권 2만원, 추가데이터 20GB 제공, KT유심&배송비 무료, 원스토리 3,000P 쿠폰 , 평점 4.2"
고고모바일_LTE_24,고고모바일,"무제한11GB+3Mbps(배달의민족 매월 5,000포인트)",39160,60.0,1,999,999,3Mbps,LTE,"배달의 민족 5천원 쿠폰제공, 3대 마트 상품권 2만원, 추가데이터 20GB 제공, KT유심&배송비 무료, 원스토리 3,000P 쿠폰 , 평점 4.2"
고고모바일_LTE_25,고고모바일,무제한 11GB+3M(올리브영 매월 5000원),39160,60.0,1,999,999,3Mbps,LTE,"올리브영 상품권 매월 5,000원 제공, 3대 마트 상품권 2만원, 추가데이터 20GB 제공, KT유심&배송비 무료, 원스토리 3,000P 쿠폰 , 평점 4.2"
티플러스_LTE_12,티플러스,KT 7GB+ (밀리+올영 1만원 상품권)_12개월할인,15000,7.0,1,999,999,1Mbps,LTE,"정상가 30,800원, 할인 12개월, 밀리의 서재 전자책 정기구독 혜택 매월 제공, 3대 마트 상품권 2만원 증정, 올리브영 12개월간 매월 10,000원 상품권, 개통시 매월 10GB 데이터 추가 지급, 평점 4.3"
스마텔_LTE_28,스마텔,스마트 7GB+ (24개월),15000,7.0,1,999,999,1Mbps,LTE,"정상가 24,200원, 할인 24개월, 평점 4.2"
고고모바일_LTE_26,고고모바일,무제한11GB+3Mbps(지니뮤직 매월 무료),39600,60.0,1,999,999,3Mbps,LTE,"지니뮤직 매월 8,000G포인트 제공, 3대 마트 상품권 2만원, 추가데이터 20GB 제공, KT유심&배송비 무료, 원스토리 3,000P 쿠폰 , 평점 4.2"
쉐이크모바일_LTE_15,쉐이크모바일,"[모요only] 쉐이크 LTE 7GB+_다이소 매 월 5,000원",15800,7.0,1,999,999,1Mbps,LTE,"정상가 25,300원, 할인 12개월, 매월 1천원 요금할인 (팝테일 가입·인증), 다이소 매월 5,000원 제공, 3대 마트 상품권 2만원, SOLO결합(+5GB), 데이터 매월 10GB 추가 증정(24개월), 데이터쿠폰 20GB, 평점 4.3"
쉐이크모바일_LTE_16,쉐이크모바일,"[모요only] 쉐이크 LTE 7GB+_네이버페이 매 월 5,000원",15800,7.0,1,999,999,1Mbps,LTE,"정상가 25,300원, 할인 12개월, 네이버페이 매월 5,000P 제공, 매월 1천원 요금할인 (팝테일 가입·인증), 3대 마트 상품권 2만원, SOLO결합(+5GB), 데이터 매월 10GB 추가 증정(24개월), 데이터쿠폰 20GB, 평점 4.3"
쉐이크모바일_LTE_17,쉐이크모바일,[모요only] 쉐이크 LTE 7GB+_올리브영 5000원,15800,7.0,1,999,999,1Mbps,LTE,"정상가 25,300원, 할인 12개월, 매월 1천원 요금할인 (팝테일 가입·인증), 올리브영 매월 5,000원 제공, 3대 마트 상품권 2만원, SOLO결합(+5GB), 데이터 매월 10GB 추가 증정(24개월), 데이터쿠폰 20GB, 평점 4.3"
찬스모바일_LTE_10,찬스모바일,알찬 음성기본 11GB+일 2GB+,39600,60.0,1,999,999,3Mbps,LTE,"유심/배송비 무료, 평점 4.5"
스마텔_LTE_29,스마텔,스위트 100GB+(왓챠),44000,100.0,1,999,999,5Mbps,LTE,"정상가 49,500원, 할인 36개월, 평점 4.2"
쉐이크모바일_LTE_18,쉐이크모바일,[모요only] 쉐이크 LTE 7GB+_지니뮤직,16300,7.0,1,999,999,1Mbps,LTE,"정상가 25,300원, 할인 12개월, 지니뮤직 무료이용권 매월 제공, 매월 1천원 요금할인 (팝테일 가입·인증), 3대 마트 상품권 2만원, SOLO결합(+5GB), 데이터 매월 10GB 추가 증정(24개월), 데이터쿠폰 20GB, 평점 4.3"
리브모바일_LTE_06,리브모바일,LTE 무제한 7GB+ ,22000,7.0,1,999,999,1Mbps,LTE,평점 4.3
리브모바일_LTE_07,리브모바일,LTE 무제한 11GB+ ,38500,60.0,1,999,999,3Mbps,LTE,평점 4.3
리브모바일_LTE_08,리브모바일,LTE 무제한 7GB+,15100,7.0,1,999,999,1Mbps,LTE,"정상가 19,500원, 할인 12개월, 평점 4.3"
리브모바일_LTE_09,리브모바일,LTE 무제한 7GB+ (밀리의서재),15100,7.0,1,999,999,1Mbps,LTE,"정상가 19,500원, 할인 12개월, 평점 4.3"
리브모바일_LTE_10,리브모바일,보이스피싱예방LTE7GB+(안심직거래),15100,7.0,1,999,999,1Mbps,LTE,"정상가 19,500원, 할인 12개월, 평점 4.3"
리브모바일_LTE_11,리브모바일,LTE 71GB+ ,29900,60.0,1,999,999,3Mbps,LTE,"정상가 34,300원, 할인 12개월, 평점 4.3"
스마텔_LTE_30,스마텔,스위트 7GB+ (+10GB 24개월간 추가 제공),18700,7.0,1,999,999,1Mbps,LTE,"정상가 24,200원, 할인 36개월, 평점 4.2"
스마텔_LTE_31,스마텔,스위트 7GB+(후후) (+10GB 24개월간 추가 제공),18700,7.0,1,999,999,1Mbps,LTE,"정상가 24,200원, 할인 36개월, 평점 4.2"
스마텔_LTE_32,스마텔,스위트 100GB+(왓챠 프리미엄),48400,100.0,1,999,999,5Mbps,LTE,"정상가 53,900원, 할인 36개월, 평점 4.2"
리브모바일_LTE_12,리브모바일,LTE 무제한 11GB+,31100,60.0,1,999,999,3Mbps,LTE,"정상가 35,500원, 할인 12개월, 평점 4.3"
리브모바일_LTE_13,리브모바일,LTE 무제한 11GB+ (밀리의서재),31100,60.0,1,999,999,3Mbps,LTE,"정상가 35,500원, 할인 12개월, 평점 4.3"
리브모바일_LTE_14,리브모바일,LTE 71GB+ (CU할인),31100,60.0,1,999,999,3Mbps,LTE,"정상가 35,500원, 할인 12개월, 평점 4.3"
스마텔_LTE_33,스마텔,스위트 11GB+(후후),35200,60.0,1,999,999,3Mbps,LTE,"정상가 40,700원, 할인 36개월, 평점 4.2"
스마텔_LTE_34,스마텔,스위트 11GB+,35200,60.0,1,999,999,3Mbps,LTE,"정상가 40,700원, 할인 36개월, 평점 4.2"
이야기모바일_LTE_09,이야기모바일,내맘대로S(100+1GB),80,1.0,1,100,100,무제한,LTE,"정상가 5,500원, 할인 4개월, 네이버페이 5,000원, 평점 4.5"
스마텔_LTE_35,스마텔,스위트 100분 15GB+(밀리의서재),13000,15.0,1,100,100,3Mbps,LTE,"정상가 33,000원, 할인 7개월, 평점 4.2"
스마텔_LTE_36,스마텔,CU 스위트 100분/15GB+,13000,15.0,1,100,100,3Mbps,LTE,"정상가 33,000원, 할인 7개월, 평점 4.2"
핀다이렉트_LTE_12,핀다이렉트,[모요only] [K] 핀다이렉트Z Light _PIN,13000,15.0,1,100,100,3Mbps,LTE,"정상가 28,600원, 할인 7개월, 3대 마트 상품권 2만원, KT 데이터 결합 (추가데이터 10GB), 평점 4.2"
LGU+_5G_06,LG U+,(멀티팩) 너겟 59,59000,-1.0,1,999,999,무제한,5G,"LGU+ VIP콕, 지니뮤직 앱 음악감상, 네이버페이 30만원 (매월 2.5만원씩), 네이버페이 3.4만원, NFC 유심 무료, 평점 4.5"
LGU+_5G_07,LG U+,(애플디바이스팩) 너겟 59,59000,-1.0,1,999,999,무제한,5G,"LGU+ VIP콕, 네이버페이 24만원 (매월 2만원씩), NFC 유심 무료, 에어팟4, 평점 4.5"
LGU+_5G_08,LG U+,(삼성팩) 너겟 59,59000,-1.0,1,999,999,무제한,5G,"LGU+ VIP콕, 네이버페이 24만원 (매월 2만원씩), NFC 유심 무료, 갤럭시버즈3, 평점 4.5"
쉐이크모바일_LTE_19,쉐이크모바일,[모요only] 쉐이크 LTE 15GB+/100분_밀리의서재,13000,15.0,1,100,100,3Mbps,LTE,"정상가 33,000원, 할인 7개월, 밀리의 서재 구독권 지급 이벤트, 매월 1천원 요금할인 (팝테일 가입·인증), 3대 마트 상품권 2만원, SOLO결합(+10GB), 데이터쿠폰 20GB, 평점 4.3"
마블링_LTE_04,마블링,[모요only] 마블링 프라임 15GB+3Mbps 100분,13000,15.0,1,100,100,3Mbps,LTE,"정상가 25,245원, 할인 7개월, 평점 4.3"
티플러스_5G_02,티플러스,5G 가성비플러스(6GB/350분),90,6.0,1,350,100,무제한,5G,"정상가 9,900원, 할인 10개월, 3대 마트 상품권 2만원 증정, 평점 4.3"
이지모바일_LTE_34,이지모바일,EG CU 데이터 15G+3/100분,13000,15.0,1,100,100,3Mbps,LTE,"정상가 29,700원, 할인 7개월, 5대 마트 상품권 2만원, 일반유심/배송비 무료, 평점 4.3"
이지모바일_LTE_35,이지모바일,[Npay2만원]EG 15G+3/100분(밀리의 서재),13000,15.0,1,100,100,3Mbps,LTE,"정상가 29,700원, 할인 7개월, 밀리의 서재 이용권 제공, 네이버페이 10,000원, 네이버페이 20,000원, 5대 마트 상품권 2만원, 일반유심/배송비 무료, 평점 4.3"
이지모바일_LTE_36,이지모바일,EG 데이터 15G+3(100분),13000,15.0,1,100,100,3Mbps,LTE,"정상가 30,800원, 할인 7개월, 5대 마트 상품권 2만원, 일반유심/배송비 무료, 평점 4.3"
KG모바일_LTE_15,KG모바일,[모요 전용] 데이터 마음대로 (15GB+/100분),13000,15.0,1,100,100,3Mbps,LTE,"정상가 29,610원, 할인 7개월, 네이버페이 5,000원, 유독 쿠폰(구글 AI Pro,도미노피자 할인), 평점 4.6"
슈가모바일_LTE_06,슈가모바일,슈가칩2 15GB+100분,13040,15.0,1,100,100,3Mbps,LTE,"정상가 34,490원, 할인 7개월, 평점 4.6"
티플러스_LTE_13,티플러스,가성비플러스(6GB/350분),100,6.0,1,350,100,무제한,LTE,"정상가 9,900원, 할인 10개월, 3대 마트 상품권 2만원 증정, 평점 4.3"
KG모바일_LTE_16,KG모바일,[모빌카드 스페셜] 데이터 마음대로 (15GB+/100분),13090,15.0,1,100,100,3Mbps,LTE,"정상가 33,000원, 할인 7개월, 네이버페이 5,000원, 일반 유심/배송비 무료, 유독 쿠폰(구글 AI Pro,도미노피자 할인), 평점 4.6"
KG모바일_LTE_17,KG모바일,[KG모바일 스페셜] 데이터 마음대로 (15GB+/100분),13090,15.0,1,100,100,3Mbps,LTE,"정상가 33,000원, 할인 7개월, 해피콘 상품권 5,000원, 유독 쿠폰(구글 AI Pro,도미노피자 할인), 평점 4.6"
인스모바일_LTE_09,인스모바일,인스유심 스트롱 15GB+,13000,15.0,1,100,100,3Mbps,LTE,"정상가 28,280원, 할인 7개월, 평점 4.4"
고고모바일_LTE_27,고고모바일,[모요only] 데이터 무제한 100분/15GB + 3Mbps,13000,15.0,1,100,100,3Mbps,LTE,"정상가 29,700원, 할인 7개월, 3대 마트 상품권 2만원, 추가데이터 10GB 제공, KT유심&배송비 무료, 원스토리 3,000P 쿠폰 , 데이터쿠폰 20GB x 3회, 평점 4.2"
핀다이렉트_LTE_13,핀다이렉트,[S] 핀다이렉트Z Light,13090,15.0,1,100,100,3Mbps,LTE,"정상가 28,600원, 할인 7개월, SKT 데이터 결합 (추가데이터 10GB), 평점 4.2"
티플러스_LTE_14,티플러스,The 데이터마음껏 15GB+(100분),13000,15.0,1,100,100,3Mbps,LTE,"정상가 36,300원, 할인 7개월, 3대 마트 상품권 2만원 증정, 평점 4.3"
찬스모바일_LTE_11,찬스모바일,[모요only] 알찬 100분 15GB+3Mbps,13000,15.0,1,100,100,3Mbps,LTE,"정상가 25,245원, 할인 7개월, 평점 4.5"
스마텔_LTE_37,스마텔,스마트 15GB+,13000,15.0,1,100,100,3Mbps,LTE,"정상가 33,000원, 할인 7개월, 평점 4.2"
시월모바일_LTE_13,시월모바일,[모요only] 시월 100분15GB+3Mbps,13000,15.0,1,100,100,3Mbps,LTE,"정상가 25,245원, 할인 7개월, 네이버페이 10,000원, 평점 4.5"
이야기모바일_LTE_10,이야기모바일,이야기 스탠다드S 100분15GB+,13000,15.0,1,100,100,3Mbps,LTE,"정상가 31,900원, 할인 7개월, 네이버페이 5,000원, 평점 4.5"
스마텔_LTE_38,스마텔,후후 스마트 15GB+,13330,15.0,1,100,100,3Mbps,LTE,"정상가 33,330원, 할인 7개월, 평점 4.2"
에르엘_LTE_07,에르엘,음성100분15GB+,14000,15.0,1,100,100,3Mbps,LTE,"정상가 28,474원, 할인 7개월, 평점 4.4"
스마텔_LTE_39,스마텔,스위트 11GB+(왓챠),38500,60.0,1,999,999,3Mbps,LTE,"정상가 44,000원, 할인 36개월, 평점 4.2"
스마텔_LTE_40,스마텔,스위트 11GB+(네이버페이),38500,60.0,1,999,999,3Mbps,LTE,"정상가 44,000원, 할인 36개월, 평점 4.2"
스마텔_LTE_41,스마텔,스위트 11GB+(멜론),38500,60.0,1,999,999,3Mbps,LTE,"정상가 44,000원, 할인 36개월, 평점 4.2"
스마텔_LTE_42,스마텔,스위트 11GB+(멜론),38500,60.0,1,999,999,3Mbps,LTE,"정상가 44,000원, 할인 36개월, 평점 4.2"
리브모바일_LTE_15,리브모바일,LTE 무제한 11GB+(NPay),35100,60.0,1,999,999,3Mbps,LTE,"정상가 39,500원, 할인 12개월, 평점 4.3"
스마텔_LTE_43,스마텔,스위트 7GB+(지니뮤직) (+10GB 24개월간 추가 제공),22000,7.0,1,999,999,1Mbps,LTE,"정상가 27,500원, 할인 36개월, 평점 4.2"
이야기모바일_LTE_11,이야기모바일,이야기K 데이터 7GB+(밀리의서재),19800,7.0,1,999,999,1Mbps,LTE,"정상가 24,200원, 할인 6개월, 네이버페이 5,000원, 평점 4.5"
슈가모바일_LTE_07,슈가모바일,슈가칩2 100GB++,34040,100.0,1,999,999,5Mbps,LTE,평점 4.6
리브모바일_LTE_16,리브모바일,LTE 무제한 11GB+ (지니뮤직),35600,60.0,1,999,999,3Mbps,LTE,"정상가 40,000원, 할인 12개월, 평점 4.3"
시월모바일_LTE_14,시월모바일,시월 100분15GB+3Mbps,14000,15.0,1,100,100,3Mbps,LTE,"정상가 28,740원, 할인 7개월, 네이버페이 10,000원, 평점 4.5"
리브모바일_LTE_17,리브모바일,LTE 무제한 7GB+(지니뮤직),19500,7.0,1,999,999,1Mbps,LTE,"정상가 23,900원, 할인 12개월, 평점 4.3"
이지모바일_LTE_37,이지모바일,이지 15G(100)+,15000,15.0,1,100,100,3Mbps,LTE,"정상가 28,600원, 할인 7개월, 일반유심/배송비 무료, 평점 4.3"
이지모바일_LTE_38,이지모바일,이지톡 1G,1700,1.0,1,100,100,무제한,LTE,"정상가 9,900원, 할인 6개월, 일반유심/배송비 무료, 평점 4.3"
스마텔_LTE_44,스마텔,스마일 15GB+,13000,15.0,1,100,100,3Mbps,LTE,"정상가 33,000원, 할인 7개월, 평점 4.2"
인스모바일_LTE_10,인스모바일,[평생할인]인스 유심 스트롱 100GB+,35450,100.0,1,999,999,5Mbps,LTE,평점 4.4
이야기모바일_LTE_12,이야기모바일,이야기K 데이터 11GB+(CU할인),37290,60.0,1,999,999,3Mbps,LTE,"정상가 40,590원, 할인 6개월, 네이버페이 5,000원, 평점 4.5"
이야기모바일_LTE_13,이야기모바일,이야기K 데이터 11GB+(밀리의서재),37290,60.0,1,999,999,3Mbps,LTE,"정상가 40,590원, 할인 6개월, 네이버페이 5,000원, 평점 4.5"
시월모바일_LTE_15,시월모바일,쿠폰팩베이직 100분15GB+,15000,15.0,1,100,100,3Mbps,LTE,"정상가 33,040원, 할인 7개월, 12개월간 월 5000원씩(네이버페이 가능), 평점 4.5"
스마텔_LTE_45,스마텔,후후 스마일 15GB+,13330,15.0,1,100,100,3Mbps,LTE,"정상가 33,330원, 할인 7개월, 평점 4.2"
LGU+_5G_09,LG U+,(디즈니+티빙) 너겟 65,65000,-1.0,1,999,999,무제한,5G,"티빙 베이직 (9,500원 상당), LGU+ VIP콕, 디즈니플러스 스탠다드 (9,900원 상당), 네이버페이 24만원 (매월 2만원씩), NFC 유심 무료, 세컨디바이스 1회선 할인, 평점 4.5"
U+유모바일_LTE_16,U+유모바일,교보문고 북 플러스알파 4.5GB+,13900,4.5,1,999,999,1Mbps,LTE,"매달 전자책 1권(24개월 간 지급), 세계문학전집 100권, 매달 영화할인권 2매(12개월 간 지급), 가족결합시 Npay 10% 혜택(다모아 결합), 평점 4.4"
U+유모바일_LTE_17,U+유모바일,[평생할인] 4.5GB+ 통화/데이터 무제한,13900,4.5,1,999,999,1Mbps,LTE,"가족결합시 Npay 10% 혜택(다모아 결합), 평점 4.4"
핀다이렉트_LTE_14,핀다이렉트,[L] 핀다이렉트Z 15GB+/100분,14000,15.0,1,100,100,3Mbps,LTE,"정상가 31,900원, 할인 7개월, 평점 4.2"
U+유모바일_LTE_18,U+유모바일,[평생할인] 15GB+/100분,25250,15.0,1,100,100,3Mbps,LTE,"가족결합시 Npay 10% 혜택(다모아 결합), 우리결합시, 데이터 10GB 추가 증정, 평점 4.4"
티플러스_LTE_15,티플러스,가성비플러스(5GB/350분),90,5.0,1,350,100,무제한,LTE,"정상가 8,800원, 할인 12개월, 3대 마트 상품권 2만원 증정, 평점 4.3"
티플러스_5G_03,티플러스,5G 가성비플러스(5GB/350분),90,5.0,1,350,100,무제한,5G,"정상가 8,800원, 할인 12개월, 3대 마트 상품권 2만원 증정, 평점 4.3"
U+유모바일_LTE_19,U+유모바일,다성비(15GB+/100분),25900,15.0,1,100,100,3Mbps,LTE,"가족결합시 Npay 10% 혜택(다모아 결합), 매달 다이소 5천원 상품권 지급(12개월), 평점 4.4"
스마텔_LTE_46,스마텔,스위트 11GB+(왓챠 프리미엄),42900,60.0,1,999,999,3Mbps,LTE,"정상가 48,400원, 할인 36개월, 평점 4.2"
인스모바일_LTE_11,인스모바일,[12개월]인스 유심 스트롱 15GB+,18050,15.0,1,100,100,3Mbps,LTE,"정상가 28,500원, 할인 12개월, 평점 4.4"
시월모바일_LTE_16,시월모바일,쿠폰팩 100분15GB+,18000,15.0,1,100,100,3Mbps,LTE,"정상가 33,070원, 할인 7개월, 24개월간 월 5000원씩(네이버페이 가능), 평점 4.5"
KT스카이라이프_LTE_32,KT스카이라이프,데이터 충분 15GB+/100분(CU),25300,15.0,1,100,100,3Mbps,LTE,"기본 가입혜택 2만원, S-머니 12만원(매월 2만원씩 6개월간), CU 연간 6만원 할인 평생 제공, 평점 4.5"
KT스카이라이프_LTE_33,KT스카이라이프,데이터 충분 15GB+/100분(모아진),25300,15.0,1,100,100,3Mbps,LTE,"기본 가입혜택 2만원, S-머니 6만원(매월 1만원씩 6개월간), 평점 4.5"
KT스카이라이프_LTE_34,KT스카이라이프,데이터 충분 15GB+/100분,25300,15.0,1,100,100,3Mbps,LTE,"기본 가입혜택 2만원, S-머니 6만원(매월 1만원씩 6개월간), 평점 4.5"
스마텔_LTE_47,스마텔,USIM 스마트 15GB+,18500,15.0,1,100,100,3Mbps,LTE,"정상가 29,700원, 할인 7개월, 평점 4.2"
찬스모바일_LTE_12,찬스모바일,찬스12 100분 15GB+,18700,15.0,1,100,100,3Mbps,LTE,"정상가 27,500원, 할인 12개월, 유심/배송비 무료, 평점 4.5"
슈가모바일_LTE_08,슈가모바일,Sugar 데이터많이 15GB+100분,19020,15.0,1,100,100,3Mbps,LTE,"정상가 32,000원, 할인 24개월, 평점 4.6"
KG모바일_LTE_18,KG모바일,[일반] 데이터 마음대로 (15GB+/100분)_24개월,19030,15.0,1,100,100,3Mbps,LTE,"정상가 33,000원, 할인 24개월, 일반 유심/배송비 무료, 유독 쿠폰(구글 AI Pro,도미노피자 할인), 평점 4.6"
쉐이크모바일_LTE_20,쉐이크모바일,[모요only] 쉐이크 LTE 15GB+/100분_CU,19900,15.0,1,100,100,3Mbps,LTE,"정상가 33,000원, 할인 12개월, 매월 1천원 요금할인 (팝테일 가입·인증), CU 20% 오프라인 결제할인, 3대 마트 상품권 2만원, SOLO결합(+10GB), 데이터쿠폰 20GB, 평점 4.3"
인스모바일_LTE_12,인스모바일,[평생할인]인스 유심 올프리 7GB+,14300,7.0,1,999,999,1Mbps,LTE,평점 4.4
이지모바일_LTE_39,이지모바일,[전기차]모두의 충전 18무제한 15G+3/100분(CU20%할인),19990,15.0,1,100,100,3Mbps,LTE,"정상가 34,650원, 할인 18개월, 5대 마트 상품권 2만원, 일반유심/배송비 무료, 평점 4.3"
인스모바일_LTE_13,인스모바일,[24개월] 인스 유심 스트롱 15GB+,19920,15.0,1,100,100,3Mbps,LTE,"정상가 34,000원, 할인 24개월, 평점 4.4"
이야기모바일_LTE_14,이야기모바일,함께이야기해S 무한 10GB,13000,10.0,1,999,999,무제한,LTE,"정상가 16,500원, 할인 12개월, 네이버페이 5,000원, 평점 4.5"
슈가모바일_LTE_09,슈가모바일,Sugar 7GB+,15040,7.0,1,999,999,1Mbps,LTE,평점 4.6
스마텔_LTE_48,스마텔,스마트 100분/15GB+ (24개월),20000,15.0,1,100,100,3Mbps,LTE,"정상가 39,860원, 할인 24개월, 평점 4.2"
LG헬로모바일_LTE_05,LG헬로모바일,DATA 걱정없는 유심 4.5GB,14500,4.5,1,999,999,1Mbps,LTE,"가입사은품 3만원, 구글 AI프로+도미노피자 할인쿠폰, 프레딧 쿠폰 2만원(5천원*4개월), 평점 4.7"
슈가모바일_LTE_10,슈가모바일,슈가칩 11GB+매일2GB+,29090,60.0,1,999,999,3Mbps,LTE,평점 4.6
고고모바일_LTE_28,고고모바일,데이터무제한 100분/15GB + 3Mbps,29150,15.0,1,100,100,3Mbps,LTE,"3대 마트 상품권 2만원, KT유심&배송비 무료, 원스토리 3,000P 쿠폰 , 추가데이터 10GB 제공, 평점 4.2"
모나_LTE_14,모나,NA수다100데이터15GB+,20020,15.0,1,100,100,3Mbps,LTE,"정상가 31,900원, 할인 24개월,  NFC 유심 무료 제공, 4대 편의점 최대 10.1%적립, 평점 4.4"
KG모바일_LTE_19,KG모바일,[일반] 데이터 마음대로 (15GB+/100분),20900,15.0,1,100,100,3Mbps,LTE,"정상가 33,000원, 할인 12개월, 유독 쿠폰(구글 AI Pro,도미노피자 할인), 일반 유심/배송비 무료, 평점 4.6"
인스모바일_LTE_14,인스모바일,[평생할인]인스 유심 스트롱 11GB+,29650,60.0,1,999,999,3Mbps,LTE,평점 4.4
KT스카이라이프_LTE_35,KT스카이라이프,데이터 충분 15GB+/100분(Pay_5000),27800,15.0,1,100,100,3Mbps,LTE,"S-머니 6만원(매월 1만원씩 6개월간), 기본 가입혜택 2만원, 평점 4.5"
KT스카이라이프_LTE_36,KT스카이라이프,데이터 충분 15GB+/100분(지니뮤직),28800,15.0,1,100,100,3Mbps,LTE,"S-머니 6만원(매월 1만원씩 6개월간), 기본 가입혜택 2만원, 평점 4.5"
리브모바일_LTE_18,리브모바일,보이스피싱예방 LTE 15GB+(100분/100건),20200,15.0,1,100,100,3Mbps,LTE,"정상가 26,900원, 할인 12개월, 평점 4.3"
KT스카이라이프_LTE_37,KT스카이라이프,데이터 충분 15GB+/100분(웨이브),29300,15.0,1,100,100,3Mbps,LTE,"기본 가입혜택 2만원, S-머니 6만원(매월 1만원씩 6개월간), 평점 4.5"
LG헬로모바일_LTE_06,LG헬로모바일,보편 안심 유심 15GB 100분,28820,15.0,1,100,100,3Mbps,LTE,"가입사은품 3만원, 구글 AI프로+도미노피자 할인쿠폰, 프레딧 쿠폰 2만원(5천원*4개월), 평점 4.7"
리브모바일_LTE_19,리브모바일,LTE 실속 15GB+ (100분)(SKT망) ,29700,15.0,1,100,100,3Mbps,LTE,평점 4.3
리브모바일_LTE_20,리브모바일,LTE 15GB+(100분/100건),22500,15.0,1,100,100,3Mbps,LTE,"정상가 26,900원, 할인 12개월, 평점 4.3"
찬스모바일_LTE_13,찬스모바일,알찬 100분 15GB+3Mbps,33000,15.0,1,100,100,3Mbps,LTE,"유심/배송비 무료, 평점 4.5"
이야기모바일_LTE_15,이야기모바일,이야기 라이트 7GB+,18700,7.0,1,999,999,1Mbps,LTE,"네이버페이 5,000원, 평점 4.5"
이야기모바일_LTE_16,이야기모바일,이야기K 안심 데이터 100G+(왓차_프리미엄),49500,100.0,1,999,999,5Mbps,LTE,"네이버페이 5,000원, 평점 4.5"
LG헬로모바일_LTE_07,LG헬로모바일,쿠폰팩 유심 15GB 100분,31220,15.0,1,100,100,3Mbps,LTE,"가입사은품 3만원, 헬로모바일 결합시, 추가 데이터 10GB 증정, 쿠폰팩 24개월(5천원*24개월) 제공, 구글 AI프로+도미노피자 할인쿠폰, 프레딧 쿠폰 2만원(5천원*4개월), 평점 4.7"
스마텔_LTE_49,스마텔,우주LTE데이터(11GB+),35000,60.0,1,999,999,3Mbps,LTE,평점 4.2
U+유모바일_5G_01,U+유모바일,[평생할인] 5G 10GB/통화기본,12500,10.0,1,999,999,무제한,5G,"가족결합시 Npay 10% 혜택(다모아 결합), 평점 4.4"
리브모바일_LTE_21,리브모바일,LTE 15GB+(100분)(CU할인),24100,15.0,1,100,100,3Mbps,LTE,"정상가 28,500원, 할인 12개월, 평점 4.3"
리브모바일_LTE_22,리브모바일,LTE 실속 15GB+(100분) / 11월에 개통하면 최대 11.9만원 혜택,24100,15.0,1,100,100,3Mbps,LTE,"정상가 28,500원, 할인 12개월, 평점 4.3"
리브모바일_LTE_23,리브모바일,LTE실속 15GB+(100분)(밀리의서재),24100,15.0,1,100,100,3Mbps,LTE,"정상가 28,500원, 할인 12개월, 평점 4.3"
핀다이렉트_LTE_15,핀다이렉트,[모요only] [K] 핀다이렉트Z Max _PIN,17000,150.0,1,999,999,5Mbps,LTE,"정상가 42,900원, 할인 7개월, 3대 마트 상품권 2만원, KT 데이터 결합 (추가데이터 20GB), 평점 4.2"
마블링_LTE_05,마블링,[모요only] 마블링 프라임 매일 5GB+5Mbps,17000,150.0,1,999,999,5Mbps,LTE,"정상가 45,900원, 할인 7개월, 평점 4.3"
스마텔_LTE_50,스마텔,스위트 15GB+,27500,15.0,1,100,100,3Mbps,LTE,"정상가 33,000원, 할인 36개월, 평점 4.2"
이지모바일_LTE_40,이지모바일,EG 무제한 일5G+5,17000,150.0,1,999,999,5Mbps,LTE,"정상가 45,100원, 할인 7개월, 5대 마트 상품권 2만원, 일반유심/배송비 무료, 평점 4.3"
KG모바일_LTE_20,KG모바일,"[KG모바일 스페셜] 통화, 데이터 마음대로 Pro",17050,150.0,1,999,999,5Mbps,LTE,"정상가 47,300원, 할인 7개월, 해피콘 상품권 10,000원, 유독 쿠폰(구글 AI Pro,도미노피자 할인), 평점 4.6"
슈가모바일_LTE_11,슈가모바일,슈가칩 매일5GB++,17090,150.0,1,999,999,5Mbps,LTE,"정상가 48,000원, 할인 7개월, 평점 4.6"
이지모바일_LTE_41,이지모바일,이지 무한 일5GB+5,17000,150.0,1,999,999,5Mbps,LTE,"정상가 46,200원, 할인 7개월, 일반유심/배송비 무료, 평점 4.3"
인스모바일_LTE_15,인스모바일,인스 유심 스트롱 매일 5GB+,17000,150.0,1,999,999,5Mbps,LTE,"정상가 44,030원, 할인 7개월, 평점 4.4"
티플러스_LTE_16,티플러스,완전마음껏 일5GB＋＋(블라이스 매월 무료),17000,150.0,1,999,999,5Mbps,LTE,"정상가 44,000원, 할인 7개월, 블라이스 셀렉트 이용권 매월 제공, 3대 마트 상품권 2만원 증정, 평점 4.3"
찬스모바일_LTE_14,찬스모바일,음성기본 매일 5GB+,17000,150.0,1,999,999,5Mbps,LTE,"정상가 55,000원, 할인 7개월, 유심/배송비 무료, 평점 4.5"
스마텔_LTE_51,스마텔,스마트 매일 5GB+,17000,150.0,1,999,999,5Mbps,LTE,"정상가 47,300원, 할인 7개월, 평점 4.2"
시월모바일_LTE_17,시월모바일,[모요only] 시월 무제한 매일5GB+5Mbps,17000,150.0,1,999,999,5Mbps,LTE,"정상가 43,860원, 할인 7개월, 네이버페이 10,000원, 평점 4.5"
시월모바일_LTE_18,시월모바일,시월 무제한 매일5GB+5Mbps,17000,150.0,1,999,999,5Mbps,LTE,"정상가 44,060원, 할인 7개월, 네이버페이 10,000원, 평점 4.5"
스마텔_LTE_52,스마텔,후후 스마트 매일 5GB+,17330,150.0,1,999,999,5Mbps,LTE,"정상가 47,630원, 할인 7개월, 평점 4.2"
스마텔_LTE_53,스마텔,스마일프리미엄2 7GB+,19800,7.0,1,999,999,1Mbps,LTE,평점 4.2
이야기모바일_LTE_17,이야기모바일,이야기 스페셜 매일5GB+,17000,150.0,1,999,999,5Mbps,LTE,"정상가 46,200원, 할인 7개월, 네이버페이 5,000원, 평점 4.5"
LG헬로모바일_LTE_08,LG헬로모바일,쿠폰팩 유심 4.5GB,17900,4.5,1,999,999,1Mbps,LTE,"가입사은품 3만원, 쿠폰팩 24개월(5천원*24개월) 제공, 구글 AI프로+도미노피자 할인쿠폰, 프레딧 쿠폰 2만원(5천원*4개월), 평점 4.7"
티플러스_LTE_17,티플러스,가성비플러스(10GB/350분),100,10.0,1,350,100,무제한,LTE,"정상가 15,400원, 할인 7개월, 3대 마트 상품권 2만원 증정, 평점 4.3"
에르엘_LTE_08,에르엘,[모요only] 음성기본매일5GB+,19000,150.0,1,999,999,5Mbps,LTE,"정상가 43,500원, 할인 7개월, 평점 4.4"
에르엘_LTE_09,에르엘,음성기본매일5GB+,19000,150.0,1,999,999,5Mbps,LTE,"정상가 45,100원, 할인 7개월, 평점 4.4"
이야기모바일_LTE_18,이야기모바일,이야기K 데이터 11GB+(N Pay 5000P),37000,60.0,1,999,999,3Mbps,LTE,"네이버페이 5,000원, 평점 4.5"
이야기모바일_LTE_19,이야기모바일,이야기K 데이터 11GB+(멜론),37290,60.0,1,999,999,3Mbps,LTE,"네이버페이 5,000원, 평점 4.5"
이야기모바일_LTE_20,이야기모바일,이야기K 데이터 11GB+(배달의 민족 5000P),37400,60.0,1,999,999,3Mbps,LTE,"네이버페이 5,000원, 평점 4.5"
스마텔_LTE_54,스마텔,USIM 안심데이터 11GB,36600,60.0,1,999,999,3Mbps,LTE,평점 4.2
핀다이렉트_LTE_16,핀다이렉트,[L] 핀다이렉트Z 일5GB+,17000,150.0,1,999,999,5Mbps,LTE,"정상가 44,000원, 할인 7개월, 평점 4.2"
이야기모바일_LTE_21,이야기모바일,이야기K 데이터 11GB+(지니뮤직),38390,60.0,1,999,999,3Mbps,LTE,"네이버페이 5,000원, 평점 4.5"
이야기모바일_LTE_22,이야기모바일,이야기K 데이터 11GB+(요기요 5000P),38390,60.0,1,999,999,3Mbps,LTE,"네이버페이 5,000원, 평점 4.5"
이야기모바일_LTE_23,이야기모바일,이야기K 데이터 11GB+(요기요 5000P),38390,60.0,1,999,999,3Mbps,LTE,"네이버페이 5,000원, 평점 4.5"
리브모바일_LTE_24,리브모바일,LTE 실속 15GB+(100분),27500,15.0,1,100,100,3Mbps,LTE,"정상가 31,900원, 할인 12개월, 평점 4.3"
시월모바일_LTE_19,시월모바일,쿠폰팩베이직 통화기본매일5GB+,20000,150.0,1,999,999,5Mbps,LTE,"정상가 48,490원, 할인 7개월, 12개월간 월 5000원씩(네이버페이 가능), 평점 4.5"
스마텔_LTE_55,스마텔,스위트 15GB+(네이버페이),30800,15.0,1,100,100,3Mbps,LTE,"정상가 36,300원, 할인 36개월, 평점 4.2"
스마텔_LTE_56,스마텔,스위트 15GB+(지니뮤직),30800,15.0,1,100,100,3Mbps,LTE,"정상가 36,300원, 할인 36개월, 평점 4.2"
스마텔_LTE_57,스마텔,스위트 15GB+(멜론),30800,15.0,1,100,100,3Mbps,LTE,"정상가 36,300원, 할인 36개월, 평점 4.2"
U+유모바일_5G_02,U+유모바일,빽다방 100잔 5G 10GB,14000,10.0,1,999,999,무제한,5G,"가족결합시 Npay 10% 혜택(다모아 결합), 빽다방 100잔 (25개월간 매월 4잔), 평점 4.4"
인스모바일_LTE_16,인스모바일,실속 300분+5GB(USIM),110,5.0,1,300,100,무제한,LTE,"정상가 20,900원, 할인 6개월, 평점 4.4"
U+유모바일_LTE_20,U+유모바일,[평생할인] 일 5GB+/통화기본,38200,150.0,1,999,999,5Mbps,LTE,"매달 Npay 1.5만원(18만), 가족결합시 Npay 10% 혜택(다모아 결합), 우리결합시, 데이터 20GB 추가 증정, 평점 4.4"
스마텔_5G_01,스마텔,5G 심플(300분+5GB),2600,5.0,1,300,100,무제한,5G,"정상가 15,400원, 할인 7개월, 평점 4.2"
이야기모바일_LTE_24,이야기모바일,이야기K 데이터 15GB+(밀리의서재),29700,15.0,1,100,100,3Mbps,LTE,"정상가 33,000원, 할인 6개월, 네이버페이 5,000원, 평점 4.5"
이야기모바일_LTE_25,이야기모바일,이야기K 데이터 15GB+(CU할인),29700,15.0,1,100,100,3Mbps,LTE,"정상가 33,000원, 할인 6개월, 네이버페이 5,000원, 평점 4.5"
이야기모바일_LTE_26,이야기모바일,이야기K 데이터 7GB+(지니뮤직),24200,7.0,1,999,999,1Mbps,LTE,"네이버페이 5,000원, 평점 4.5"
KT스카이라이프_LTE_38,KT스카이라이프,통화 충분 10GB,13900,10.0,1,999,999,무제한,LTE,"기본 가입혜택 2만원, S-머니 6만원(매월 1만원씩 6개월간), 평점 4.5"
슈가모바일_LTE_12,슈가모바일,Sugar 데이터안심 매일5GB++,24030,150.0,1,999,999,5Mbps,LTE,"정상가 49,000원, 할인 24개월, 평점 4.6"
시월모바일_LTE_20,시월모바일,쿠폰팩 통화기본매일5GB+,25000,150.0,1,999,999,5Mbps,LTE,"정상가 48,430원, 할인 7개월, 24개월간 월 5000원씩(네이버페이 가능), 평점 4.5"
고고모바일_LTE_29,고고모바일,무제한일 5GB + 5Mbps,42020,150.0,1,999,999,5Mbps,LTE,"3대 마트 상품권 2만원, 추가데이터 20GB 제공, KT유심&배송비 무료, 원스토리 3,000P 쿠폰 , 평점 4.2"
KG모바일_LTE_21,KG모바일,[일반] 실속 (5GB/300분),1100,5.0,1,300,100,무제한,LTE,"정상가 12,100원, 할인 6개월, 일반 유심/배송비 무료, 유독 쿠폰(구글 AI Pro,도미노피자 할인), 평점 4.6"
LG헬로모바일_LTE_09,LG헬로모바일,DATA 걱정없는 유심 일5GB,38990,150.0,1,999,999,5Mbps,LTE,"가입사은품 3만원, 구글 AI프로+도미노피자 할인쿠폰, 프레딧 쿠폰 2만원(5천원*4개월), 평점 4.7"
KG모바일_LTE_22,KG모바일,"[일반] 통화, 데이터 마음대로 Pro_24개월",26290,150.0,1,999,999,5Mbps,LTE,"정상가 47,300원, 할인 24개월, 일반 유심/배송비 무료, 유독 쿠폰(구글 AI Pro,도미노피자 할인), 평점 4.6"
이지모바일_LTE_42,이지모바일,이지 더 오래쓰는 무제한 일5G+5,26400,150.0,1,999,999,5Mbps,LTE,"정상가 46,200원, 할인 24개월, 일반유심/배송비 무료, 평점 4.3"
이지모바일_LTE_43,이지모바일,이지 오래쓰는 무제한 일5GB+5,26400,150.0,1,999,999,5Mbps,LTE,"정상가 46,200원, 할인 12개월, 일반유심/배송비 무료, 평점 4.3"
슈가모바일_LTE_13,슈가모바일,슈가칩 15GB+100분,22000,15.0,1,100,100,3Mbps,LTE,평점 4.6
찬스모바일_LTE_15,찬스모바일,찬스12 매일5GB+,26400,150.0,1,999,999,5Mbps,LTE,"정상가 45,100원, 할인 12개월, 유심/배송비 무료, 평점 4.5"
KT스카이라이프_LTE_39,KT스카이라이프,모두 충분 일5GB+(왓챠),41100,150.0,1,999,999,5Mbps,LTE,"기본 가입혜택 2만원, 평점 4.5"
모나_LTE_15,모나,NA알뜰매일5GB+5Mbps,26510,150.0,1,999,999,5Mbps,LTE,"정상가 46,200원, 할인 24개월,  NFC 유심 무료 제공, 4대 편의점 최대 10.1%적립, 평점 4.4"
LG헬로모바일_LTE_10,LG헬로모바일,쿠폰팩 유심 일5GB,41390,150.0,1,999,999,5Mbps,LTE,"가입사은품 3만원, 헬로모바일 결합시, 추가 데이터 20GB 증정, 쿠폰팩 24개월(5천원*24개월) 제공, 구글 AI프로+도미노피자 할인쿠폰, 프레딧 쿠폰 2만원(5천원*4개월), 평점 4.7"
스마텔_LTE_58,스마텔,스마트 매일 5GB+ (24개월),28000,150.0,1,999,999,5Mbps,LTE,"정상가 47,300원, 할인 24개월, 평점 4.2"
인스모바일_LTE_17,인스모바일,[24개월] 인스 유심 스트롱 매일 5GB+,28520,150.0,1,999,999,5Mbps,LTE,"정상가 47,000원, 할인 24개월, 평점 4.4"
인스모바일_LTE_18,인스모바일,[평생할인]인스 유심 스트롱 15GB+,24100,15.0,1,100,100,3Mbps,LTE,평점 4.4
이야기모바일_LTE_27,이야기모바일,이야기 완전 무제한 11GB+,49400,60.0,1,999,999,3Mbps,LTE,"네이버페이 5,000원, 평점 4.5"
인스모바일_LTE_19,인스모바일,[12개월]인스 유심 스트롱 매일 5GB+,29950,150.0,1,999,999,5Mbps,LTE,"정상가 44,800원, 할인 12개월, 평점 4.4"
이지모바일_LTE_44,이지모바일,이지 데이터 5GB,2200,5.0,1,300,100,무제한,LTE,"정상가 15,950원, 할인 6개월, 일반유심/배송비 무료, 평점 4.3"
스마텔_LTE_59,스마텔,우주LTE데이터(15GB+),27000,15.0,1,100,100,3Mbps,LTE,평점 4.2
이야기모바일_LTE_28,이야기모바일,이야기 스탠다드 100분15GB+,27500,15.0,1,100,100,3Mbps,LTE,"네이버페이 5,000원, 평점 4.5"
KG모바일_LTE_23,KG모바일,"[일반] 통화, 데이터 마음대로 Pro",34650,150.0,1,999,999,5Mbps,LTE,"정상가 47,300원, 할인 12개월, 일반 유심/배송비 무료, 유독 쿠폰(구글 AI Pro,도미노피자 할인), 평점 4.6"
스마텔_LTE_60,스마텔,USIM 알뜰 15GB+,27500,15.0,1,100,100,3Mbps,LTE,평점 4.2
리브모바일_LTE_25,리브모바일,LTE 150GB+,35200,150.0,1,999,999,5Mbps,LTE,"정상가 41,400원, 할인 12개월, 평점 4.3"
이야기모바일_LTE_29,이야기모바일,내맘대로S(300+6GB),8800,6.0,1,300,300,무제한,LTE,"정상가 13,200원, 할인 12개월, 네이버페이 5,000원, 평점 4.5"
이야기모바일_LTE_30,이야기모바일,이야기K 데이터 15GB+(지니뮤직),29700,15.0,1,100,100,3Mbps,LTE,"네이버페이 5,000원, 평점 4.5"
이야기모바일_LTE_31,이야기모바일,이야기K 데이터 15GB+(멜론),29700,15.0,1,100,100,3Mbps,LTE,"네이버페이 5,000원, 평점 4.5"
리브모바일_LTE_26,리브모바일,LTE 무제한 일 5GB+(블라이스),36600,150.0,1,999,999,5Mbps,LTE,"정상가 41,000원, 할인 12개월, 평점 4.3"
이야기모바일_LTE_32,이야기모바일,이야기 데이터 무제한 15GB+,31900,15.0,1,100,100,3Mbps,LTE,"네이버페이 5,000원, 평점 4.5"
KT스카이라이프_LTE_40,KT스카이라이프,슬림 1GB/100분,3900,1.0,1,100,100,무제한,LTE,평점 4.5
쉐이크모바일_LTE_21,쉐이크모바일,[모요only] 쉐이크 LTE 15GB+_CU,13000,15.0,1,999,999,1Mbps,LTE,"정상가 27,500원, 할인 7개월, 매월 1천원 요금할인 (팝테일 가입·인증), CU 20% 오프라인 결제할인, 3대 마트 상품권 2만원, SOLO결합(+10GB), 데이터 매월 10GB 추가 증정(24개월), 데이터쿠폰 20GB, 평점 4.3"
이지모바일_LTE_45,이지모바일,EG 무제한 15G+[매월 10GB 추가제공],13000,15.0,1,999,999,1Mbps,LTE,"정상가 25,850원, 할인 7개월, 5대 마트 상품권 2만원, 데이터 10GB 추가 증정, 일반유심/배송비 무료, 평점 4.3"
고고모바일_LTE_30,고고모바일,[모요only] 무제한 15GB+1M(밀리의서재 Free),13000,15.0,1,999,999,1Mbps,LTE,"정상가 24,200원, 할인 7개월, 밀리의 서재 구독권(11,900원 상당) 제공, 3대 마트 상품권 2만원, 추가데이터 10GB 제공, 데이터 매월 10GB 추가 증정 (24개월간), KT유심&배송비 무료, 원스토리 3,000P 쿠폰 , 데이터쿠폰 20GB x 3회, 평점 4.2"
고고모바일_LTE_31,고고모바일,[모요only] LTE 무제한 15GB+1M(CU20%할인),13000,15.0,1,999,999,1Mbps,LTE,"정상가 25,300원, 할인 7개월, CU 20% 오프라인 결제할인, 3대 마트 상품권 2만원, 추가데이터 10GB 제공, 데이터 매월 10GB 추가 증정 (24개월간), KT유심&배송비 무료, 원스토리 3,000P 쿠폰 , 데이터쿠폰 20GB x 3회, 평점 4.2"
티플러스_LTE_18,티플러스,The 완전마음껏 15GB＋,13000,15.0,1,999,999,1Mbps,LTE,"정상가 29,700원, 할인 7개월, 3대 마트 상품권 2만원 증정, 개통시 매월 10GB 데이터 추가 지급, 평점 4.3"
티플러스_LTE_19,티플러스,KT 15GB+ (CU 매월 20%+올리브영 매월 7천원 상품권!),13000,15.0,1,999,999,1Mbps,LTE,"정상가 31,900원, 할인 7개월, 3대 마트 상품권 2만원 증정, 매월 카테고리 3종 중 택1 10% 할인권, 올리브영 7개월간 매월 3,000원 상품권, CU 오프라인 점포 결제시 20% 할인 제공, 올리브영 12개월간 매월 4,000원 상품권, 개통시 매월 10GB 데이터 추가 지급, 평점 4.3"
티플러스_LTE_20,티플러스,KT 15GB+ (밀리의서재+올리브영 매월 7천원 상품권!),13000,15.0,1,999,999,1Mbps,LTE,"정상가 30,800원, 할인 7개월, 밀리의 서재 전자책 정기구독 혜택 매월 제공, 3대 마트 상품권 2만원 증정, 올리브영 7개월간 매월 3,000원 상품권, 올리브영 12개월간 매월 4,000원 상품권, 개통시 매월 10GB 데이터 추가 지급, 평점 4.3"
찬스모바일_LTE_16,찬스모바일,모두무제한 15GB+ ,13000,15.0,1,999,999,1Mbps,LTE,"정상가 37,400원, 할인 7개월, 유심/배송비 무료, 평점 4.5"
이지모바일_LTE_46,이지모바일,EG CU 무제한 15G+1[매월 10GB 추가제공],13500,15.0,1,999,999,1Mbps,LTE,"정상가 25,850원, 할인 7개월, 5대 마트 상품권 2만원, 일반유심/배송비 무료, 데이터 10GB 추가 증정, 평점 4.3"
슈가모바일_LTE_14,슈가모바일,Sugar 매일5GB++ (12개월+),34030,150.0,1,999,999,5Mbps,LTE,평점 4.6
이지모바일_LTE_47,이지모바일,이지 무제한 15GB+1,14000,15.0,1,999,999,1Mbps,LTE,"정상가 25,850원, 할인 7개월, 일반유심/배송비 무료, 평점 4.3"
쉐이크모바일_5G_01,쉐이크모바일,[모요only] 쉐이크 5G 110GB+_밀리의서재,20000,110.0,1,999,999,5Mbps,5G,"정상가 48,400원, 할인 7개월, 밀리의 서재 구독권 지급 이벤트, 매월 1천원 요금할인 (팝테일 가입·인증), 3대 마트 상품권 2만원, 평점 4.3"
이지모바일_5G_01,이지모바일,[모요only] [5G]EG 스탠다드 무제한 110G+5,19500,110.0,1,999,999,5Mbps,5G,"정상가 51,700원, 할인 7개월, 5대 마트 상품권 2만원, 일반유심/배송비 무료, 평점 4.3"
티플러스_5G_04,티플러스,5G 가성비플러스(15GB/350분)_평생요금,7900,15.0,1,350,100,무제한,5G,"3대 마트 상품권 2만원 증정, 평점 4.3"
스마텔_LTE_61,스마텔,스위트3 15GB+(밀리의서재) (+10GB 24개월간 추가 제공),15000,15.0,1,999,999,1Mbps,LTE,"정상가 30,800원, 할인 7개월, 평점 4.2"
스마텔_LTE_62,스마텔,CU 스위트 무제한 15GB+ (+10GB 24개월간 추가 제공),15000,15.0,1,999,999,1Mbps,LTE,"정상가 30,800원, 할인 7개월, 평점 4.2"
이지모바일_5G_02,이지모바일,EG 5G스탠다드 110G+,19900,110.0,1,999,999,5Mbps,5G,"정상가 51,700원, 할인 7개월, 5대 마트 상품권 2만원, 일반유심/배송비 무료, 평점 4.3"
시월모바일_LTE_21,시월모바일,시월 무제한 15GB+1Mbps,14000,15.0,1,999,999,1Mbps,LTE,"정상가 30,830원, 할인 7개월, 네이버페이 10,000원, 평점 4.5"
이지모바일_LTE_48,이지모바일,[NPAY2만원]EG 12무제한 15G+1(CU),15000,15.0,1,999,999,1Mbps,LTE,"정상가 26,950원, 할인 12개월, 네이버페이 20,000원, 5대 마트 상품권 2만원, 일반유심/배송비 무료, 평점 4.3"
고고모바일_LTE_32,고고모바일,[모요only] 무제한 15GB+1M(다이소 5000원),15000,15.0,1,999,999,1Mbps,LTE,"정상가 26,400원, 할인 7개월, 다이소상품권 매월 5,000원 제공, 3대 마트 상품권 2만원, 추가데이터 10GB 제공, 데이터 매월 10GB 추가 증정 (24개월간), KT유심&배송비 무료, 원스토리 3,000P 쿠폰 , 데이터쿠폰 20GB x 3회, 평점 4.2"
고고모바일_LTE_33,고고모바일,[모요only] 무제한 15GB+1M(올리브영 5000원),15000,15.0,1,999,999,1Mbps,LTE,"정상가 26,400원, 할인 7개월, 올리브영 상품권 매월 5,000원 제공, 3대 마트 상품권 2만원, 추가데이터 10GB 제공, 데이터 매월 10GB 추가 증정 (24개월간), KT유심&배송비 무료, 원스토리 3,000P 쿠폰 , 데이터쿠폰 20GB x 3회, 평점 4.2"
U+유모바일_LTE_21,U+유모바일,[평생할인] 15GB+/통화기본,20900,15.0,1,999,999,1Mbps,LTE,"가족결합시 Npay 10% 혜택(다모아 결합), 12만원 혜택(매월 이마트24 5천원), 우리결합시, 데이터 10GB 추가 증정, 평점 4.4"
시월모바일_LTE_22,시월모바일,쿠폰팩베이직 통화기본15GB+,15000,15.0,1,999,999,1Mbps,LTE,"정상가 33,040원, 할인 7개월, 12개월간 월 5000원씩(네이버페이 가능), 평점 4.5"
이지모바일_LTE_49,이지모바일,[전기차]모두의 충전 18무제한 15G+1(CU20%할인),16000,15.0,1,999,999,1Mbps,LTE,"정상가 30,800원, 할인 18개월, 5대 마트 상품권 2만원, 데이터 10GB 추가 증정, 일반유심/배송비 무료, 평점 4.3"
U+유모바일_LTE_22,U+유모바일,교보문고 북 플러스알파  15GB+,21900,15.0,1,999,999,1Mbps,LTE,"매달 전자책 1권(24개월 간 지급), 세계문학전집 100권, 매달 영화할인권 2매(12개월 간 지급), 가족결합시 Npay 10% 혜택(다모아 결합), 우리결합시, 데이터 10GB 추가 증정, 평점 4.4"
시월모바일_LTE_23,시월모바일,쿠폰팩 통화기본15GB+,16000,15.0,1,999,999,1Mbps,LTE,"정상가 33,050원, 할인 7개월, 24개월간 월 5000원씩(네이버페이 가능), 평점 4.5"
U+유모바일_LTE_23,U+유모바일,빽다방 100잔 15GB+,22400,15.0,1,999,999,1Mbps,LTE,"가족결합시 Npay 10% 혜택(다모아 결합), 빽다방 100잔 (25개월간 매월 4잔), 우리결합시, 데이터 10GB 추가 증정, 평점 4.4"
KT스카이라이프_LTE_41,KT스카이라이프,모두 충분 15GB+(밀리의서재),20900,15.0,1,999,999,1Mbps,LTE,"밀리의서재(매월11,900원)평생 구독권, 기본 가입혜택 2만원, S-머니 6만원(매월 1만원씩 6개월간), 평점 4.5"
KT스카이라이프_LTE_42,KT스카이라이프,모두 충분 15GB+(모아진),20900,15.0,1,999,999,1Mbps,LTE,"기본 가입혜택 2만원, S-머니 6만원(매월 1만원씩 6개월간), 평점 4.5"
KT스카이라이프_LTE_43,KT스카이라이프,모두 충분 15GB+(후후안심),20900,15.0,1,999,999,1Mbps,LTE,"기본 가입혜택 2만원, S-머니 6만원(매월 1만원씩 6개월간), 평점 4.5"
KT스카이라이프_LTE_44,KT스카이라이프,모두 충분 15GB+(CU),21400,15.0,1,999,999,1Mbps,LTE,"기본 가입혜택 2만원, S-머니 6만원(매월 1만원씩 6개월간), CU 연간 6만원 할인 평생 제공, 평점 4.5"
LG헬로모바일_LTE_11,LG헬로모바일,DATA 걱정없는 유심 15GB,20950,15.0,1,999,999,1Mbps,LTE,"가입사은품 3만원, 헬로모바일 결합시, 추가 데이터 10GB 증정, 구글 AI프로+도미노피자 할인쿠폰, 프레딧 쿠폰 2만원(5천원*4개월), 평점 4.7"
고고모바일_LTE_34,고고모바일,무제한15GB+1M(밀리의서재 매월 무료),23870,15.0,1,999,999,1Mbps,LTE,"밀리의 서재 구독권(11,900원 상당) 제공, 3대 마트 상품권 2만원, 추가데이터 10GB 제공, 데이터 매월 10GB 추가 증정 (24개월간), KT유심&배송비 무료, 원스토리 3,000P 쿠폰 , 평점 4.2"
슈가모바일_LTE_15,슈가모바일,Sugar 15GB+1Mbps,19020,15.0,1,999,999,1Mbps,LTE,"정상가 25,950원, 할인 24개월, 평점 4.6"
고고모바일_LTE_35,고고모바일,LTE무제한 15GB+1M(CU20%할인),24310,15.0,1,999,999,1Mbps,LTE,"CU 20% 오프라인 결제할인, 3대 마트 상품권 2만원, 추가데이터 10GB 제공, 데이터 매월 10GB 추가 증정 (24개월간), KT유심&배송비 무료, 원스토리 3,000P 쿠폰 , 평점 4.2"
스마텔_LTE_63,스마텔,스마트 15GB+ (24개월),19000,15.0,1,999,999,1Mbps,LTE,"정상가 25,410원, 할인 24개월, 평점 4.2"
쉐이크모바일_LTE_22,쉐이크모바일,"[모요only] 쉐이크 LTE 15GB+_네이버페이 매 월 5,000원",20000,15.0,1,999,999,1Mbps,LTE,"정상가 29,700원, 할인 12개월, 평점 4.3"
KT스카이라이프_LTE_45,KT스카이라이프,모두 충분 15GB+(올리브영_5000),23200,15.0,1,999,999,1Mbps,LTE,"기본 가입혜택 2만원, S-머니 6만원(매월 1만원씩 6개월간), 평점 4.5"
KT스카이라이프_LTE_46,KT스카이라이프,모두 충분 15GB+(다이소_5000),23200,15.0,1,999,999,1Mbps,LTE,"기본 가입혜택 2만원, S-머니 6만원(매월 1만원씩 6개월간), 평점 4.5"
스마텔_5G_02,스마텔,5G 스마일 플러스 (300분+5GB),5100,5.0,1,300,100,무제한,5G,"정상가 15,000원, 할인 5개월, 평점 4.2"
KT스카이라이프_LTE_47,KT스카이라이프,모두 충분 15GB+(Pay_5000),23400,15.0,1,999,999,1Mbps,LTE,"기본 가입혜택 2만원, S-머니 6만원(매월 1만원씩 6개월간), 평점 4.5"
고고모바일_LTE_36,고고모바일,무제한 15GB+1M(올리브영 매월 5000원),25960,15.0,1,999,999,1Mbps,LTE,"올리브영 상품권 매월 5,000원 제공, 3대 마트 상품권 2만원, 추가데이터 10GB 제공, 데이터 매월 10GB 추가 증정 (24개월간), KT유심&배송비 무료, 원스토리 3,000P 쿠폰 , 평점 4.2"
고고모바일_LTE_37,고고모바일,무제한 15GB+1M(다이소 매월 5000원),25960,15.0,1,999,999,1Mbps,LTE,"다이소상품권 매월 5,000원 제공, 3대 마트 상품권 2만원, 추가데이터 10GB 제공, 데이터 매월 10GB 추가 증정 (24개월간), KT유심&배송비 무료, 원스토리 3,000P 쿠폰 , 평점 4.2"
LG헬로모바일_LTE_12,LG헬로모바일,쿠폰팩 유심 15GB,23350,15.0,1,999,999,1Mbps,LTE,"가입사은품 3만원, 헬로모바일 결합시, 추가 데이터 10GB 증정, 쿠폰팩 24개월(5천원*24개월) 제공, 구글 AI프로+도미노피자 할인쿠폰, 프레딧 쿠폰 2만원(5천원*4개월), 평점 4.7"
이야기모바일_5G_01,이야기모바일,5G 함께이야기해S 무한 10GB,15400,10.0,1,999,999,무제한,5G,"네이버페이 5,000원, 평점 4.5"
KT스카이라이프_LTE_48,KT스카이라이프,모두 충분 15GB+(지니뮤직),24400,15.0,1,999,999,1Mbps,LTE,"기본 가입혜택 2만원, S-머니 6만원(매월 1만원씩 6개월간), 평점 4.5"
LGU+_5G_10,LG U+,너겟 47,47000,100.0,1,999,999,3Mbps,5G,"U+ 멤버십 할인, 네이버페이 19.2만원(매월 3.2만원씩), 네이버페이 4.8만원 (매월 8,000원씩), NFC 유심 무료, 평점 4.5"
리브모바일_LTE_27,리브모바일,LTE 무제한 15GB+ (밀리의서재),19600,15.0,1,999,999,1Mbps,LTE,"정상가 24,000원, 할인 12개월, 평점 4.3"
리브모바일_LTE_28,리브모바일,보이스피싱예방LTE 15GB+(안심직거래),19600,15.0,1,999,999,1Mbps,LTE,"정상가 24,000원, 할인 12개월, 평점 4.3"
이지모바일_5G_03,이지모바일,EG 5G스탠다드 지니 110G+(지니뮤직),33000,110.0,1,999,999,5Mbps,5G,"정상가 55,000원, 할인 12개월, 지니뮤직 이용권 증정, 5대 마트 상품권 2만원, 일반유심/배송비 무료, 평점 4.3"
LG헬로모바일_LTE_13,LG헬로모바일,DATA 걱정없는 유심 5GB,15400,5.0,1,999,999,1Mbps,LTE,"가입사은품 3만원, 구글 AI프로+도미노피자 할인쿠폰, 프레딧 쿠폰 2만원(5천원*4개월), 평점 4.7"
스마텔_LTE_64,스마텔,스위트 15GB+(후후) (+10GB 24개월간 추가 제공),23100,15.0,1,999,999,1Mbps,LTE,"정상가 30,800원, 할인 36개월, 평점 4.2"
고고모바일_5G_01,고고모바일,[모요only] 5G 무제한 110GB+5Mbps(밀리의서재)(모요Only),33000,110.0,1,999,999,5Mbps,5G,"정상가 49,500원, 할인 12개월, 3대 마트 상품권 2만원, 평점 4.2"
쉐이크모바일_5G_02,쉐이크모바일,"[모요only] 쉐이크 5G 110GB+_네이버페이 매 월 5,000원",33900,110.0,1,999,999,5Mbps,5G,"정상가 50,600원, 할인 12개월, 네이버페이 매월 5,000P 제공, 매월 1천원 요금할인 (팝테일 가입·인증), 3대 마트 상품권 2만원, 평점 4.3"
리브모바일_LTE_29,리브모바일,LTE 15GB+ (CU할인),20400,15.0,1,999,999,1Mbps,LTE,"정상가 24,800원, 할인 12개월, 평점 4.3"
티플러스_LTE_21,티플러스,가성비플러스(6GB/350분)_평생요금,1900,6.0,1,350,100,무제한,LTE,"3대 마트 상품권 2만원 증정, 평점 4.3"
이지모바일_LTE_50,이지모바일,이지 오래쓰는 데이터 10GB+1,2530,10.0,1,100,100,1Mbps,LTE,"정상가 19,800원, 할인 12개월, 일반유심/배송비 무료, 평점 4.3"
인스모바일_LTE_20,인스모바일,[평생할인] 올프리 5GB+(USIM),9240,5.0,1,999,999,1Mbps,LTE,평점 4.4
KT스카이라이프_5G_01,KT스카이라이프,5G 모두 충분 110GB+,42900,110.0,1,999,999,5Mbps,5G,"기본 가입혜택 2만원, S-머니 12만원(매월 2만원씩 6개월간), 평점 4.5"
KT스카이라이프_5G_02,KT스카이라이프,5G 모두 충분 110GB+(밀리의서재),42900,110.0,1,999,999,5Mbps,5G,"밀리의서재(매월11,900원)평생 구독권, 기본 가입혜택 2만원, S-머니 12만원(매월 2만원씩 6개월간), 평점 4.5"
인스모바일_LTE_21,인스모바일,[평생할인]실속 300분+5GB(USIM),3300,5.0,1,300,100,무제한,LTE,평점 4.4
이지모바일_LTE_51,이지모바일,이지 데이터 6G,100,6.0,1,200,100,무제한,LTE,"정상가 14,300원, 할인 6개월, 일반유심/배송비 무료, 평점 4.3"
고고모바일_5G_02,고고모바일,5G무제한 110GB+5M(밀리의서재 매월 무료),48730,110.0,1,999,999,5Mbps,5G,"밀리의 서재 구독권(11,900원 상당) 제공, 3대 마트 상품권 2만원, 추가데이터 20GB 제공, KT유심&배송비 무료, 원스토리 3,000P 쿠폰 , 평점 4.2"
이지모바일_LTE_52,이지모바일,이지 오래쓰는 데이터 6G,2530,6.0,1,200,100,무제한,LTE,"정상가 14,300원, 할인 12개월, 일반유심/배송비 무료, 평점 4.3"
LG헬로모바일_LTE_14,LG헬로모바일,보편 유심 5GB 100분,9500,5.0,1,100,50,무제한,LTE,"가입사은품 3만원, 구글 AI프로+도미노피자 할인쿠폰, 프레딧 쿠폰 2만원(5천원*4개월), 평점 4.7"
스마텔_5G_03,스마텔,5G 스위트 110GB,44000,110.0,1,999,999,5Mbps,5G,"정상가 47,300원, 할인 36개월, 평점 4.2"
이야기모바일_5G_02,이야기모바일,5G 이야기 무한 110GB,44000,110.0,1,999,999,5Mbps,5G,"정상가 47,300원, 할인 7개월, 네이버페이 5,000원, 평점 4.5"
리브모바일_5G_01,리브모바일,5G 무제한 110GB+ ,49500,110.0,1,999,999,5Mbps,5G,평점 4.3
스마텔_5G_04,스마텔,5G 스위트 110GB+(지니뮤직),47300,110.0,1,999,999,5Mbps,5G,"정상가 49,500원, 할인 36개월, 평점 4.2"
리브모바일_5G_02,리브모바일,5G무제한 110GB+,43100,110.0,1,999,999,5Mbps,5G,"정상가 47,500원, 할인 12개월, 평점 4.3"
U+유모바일_LTE_24,U+유모바일,[평생할인] 5GB/300분,10120,5.0,1,300,100,무제한,LTE,"가족결합시 Npay 10% 혜택(다모아 결합), 평점 4.4"
LG헬로모바일_LTE_15,LG헬로모바일,DATA 걱정없는 유심 1GB,7500,1.0,1,999,999,1Mbps,LTE,"정상가 11,550원, 할인 7개월, 가입사은품 3만원, 구글 AI프로+도미노피자 할인쿠폰, 프레딧 쿠폰 2만원(5천원*4개월), 평점 4.7"
고고모바일_LTE_38,고고모바일,[모요only] LTE 200분/ 10GB,100,10.0,1,200,100,무제한,LTE,"정상가 18,480원, 할인 7개월, 3대 마트 상품권 2만원, KT유심&배송비 무료, 평점 4.2"
고고모바일_5G_03,고고모바일,[모요only] 5G 200분/10GB,110,10.0,1,200,100,무제한,5G,"정상가 18,700원, 할인 7개월, 3대 마트 상품권 2만원, KT유심&배송비 무료, 평점 4.2"
스마텔_LTE_65,스마텔,USIM 스마트(100분/10GB+),7700,10.0,1,100,100,1Mbps,LTE,"정상가 19,800원, 할인 12개월, 평점 4.2"
스마텔_LTE_66,스마텔,데이터충분히(10G+100분),100,10.0,1,100,100,무제한,LTE,"정상가 13,200원, 할인 7개월, 평점 4.2"
인스모바일_LTE_22,인스모바일,데이터 안심 10GB+(USIM),110,10.0,1,100,100,1Mbps,LTE,"정상가 31,900원, 할인 6개월, 평점 4.4"
스마텔_LTE_67,스마텔,USIM 스마일 (200분/10GB),100,10.0,1,200,100,무제한,LTE,"정상가 17,600원, 할인 7개월, 평점 4.2"
스마텔_5G_05,스마텔,USIM 스위트 5G망(100분/10GB),1100,10.0,1,100,100,무제한,5G,"정상가 15,400원, 할인 7개월, 평점 4.2"
스마텔_LTE_68,스마텔,USIM 스위트 (100분/10GB),1100,10.0,1,100,100,무제한,LTE,"정상가 15,400원, 할인 7개월, 평점 4.2"
이야기모바일_5G_03,이야기모바일,5G 이야기 무한 15GB,34500,15.0,1,999,999,1Mbps,5G,"정상가 36,300원, 할인 7개월, 네이버페이 5,000원, 평점 4.5"
이지모바일_LTE_53,이지모바일,이지 10GB+1,1100,10.0,1,100,100,1Mbps,LTE,"정상가 19,800원, 할인 6개월, 일반유심/배송비 무료, 평점 4.3"
리브모바일_5G_03,리브모바일,5G 무제한 15GB+,39600,15.0,1,999,999,1Mbps,5G,평점 4.3
스마텔_LTE_69,스마텔,데이터충분히(10G+200분),1900,10.0,1,200,100,무제한,LTE,"정상가 15,400원, 할인 7개월, 평점 4.2"
고고모바일_LTE_39,고고모바일,고고100분/1GB-데이터소진후 자동차단,5500,1.0,1,100,100,무제한,LTE,"3대 마트 상품권 2만원, KT유심&배송비 무료, 원스토리 3,000P 쿠폰 , 평점 4.2"
U+유모바일_LTE_25,U+유모바일,데이터 플러스 7GB(평생+10GB 추가 제공 프로모션),17500,17.0,1,999,999,1Mbps,LTE,"매달 Npay 1.5만원(18만), 가족결합시 Npay 10% 혜택(다모아 결합), 우리결합시, 데이터 5GB 추가 증정, 추가 데이터 10GB, 평점 4.4"
리브모바일_LTE_30,리브모바일,"더블업 LTE 17GB+ (7+10 24개월) / 평생가 17,000원 ",17000,17.0,1,999,999,1Mbps,LTE,"추가 데이터 10GB, 평점 4.3"
이야기모바일_LTE_33,이야기모바일,함께이야기해S 무한 20GB,18800,20.0,1,999,999,무제한,LTE,"정상가 23,100원, 할인 12개월, 네이버페이 5,000원, 평점 4.5"
LG헬로모바일_LTE_16,LG헬로모바일,데이터 더주는 7GB,17400,17.0,1,999,999,1Mbps,LTE,"가입사은품 3만원, 구글 AI프로+도미노피자 할인쿠폰, 프레딧 쿠폰 2만원(5천원*4개월), 헬로모바일 결합시, 추가 데이터 5GB 증정, 평점 4.7"
U+유모바일_LTE_26,U+유모바일,[다이소 12만] 7GB(+10GB 추가 제공 프로모션),19400,17.0,1,999,999,1Mbps,LTE,"매달 Npay 5천원(6만), 가족결합시 Npay 10% 혜택(다모아 결합), 12만원 혜택(매월 다이소 5천원), 우리결합시, 데이터 5GB 추가 증정, 추가 데이터 10GB, 평점 4.4"
찬스모바일_LTE_17,찬스모바일,실속데이터 100분 10GB,1650,10.0,1,100,100,무제한,LTE,"정상가 13,200원, 할인 6개월, 유심/배송비 무료, 평점 4.5"
KG모바일_LTE_24,KG모바일,[일반] 실속 (10GB/100분),2970,10.0,1,100,100,무제한,LTE,"정상가 17,600원, 할인 6개월, 일반 유심/배송비 무료, 유독 쿠폰(구글 AI Pro,도미노피자 할인), 평점 4.6"
LG헬로모바일_LTE_17,LG헬로모바일,쿠폰팩 데이터 더주는 유심 7GB,19800,17.0,1,999,999,1Mbps,LTE,"가입사은품 3만원, 쿠폰팩 24개월(5천원*24개월) 제공, 구글 AI프로+도미노피자 할인쿠폰, 프레딧 쿠폰 2만원(5천원*4개월), 헬로모바일 결합시, 추가 데이터 5GB 증정, 평점 4.7"
에이모바일_LTE_01,에이모바일,A 스페셜 4.5GB+,110,4.5,1,999,999,1Mbps,LTE,"정상가 11,000원, 할인 7개월, 평점 4.2"
고고모바일_5G_04,고고모바일,5G100분/1GB-데이터소진후 자동차단,7260,1.0,1,100,100,무제한,5G,"3대 마트 상품권 2만원, KT유심&배송비 무료, 원스토리 3,000P 쿠폰 , 평점 4.2"
이야기모바일_LTE_34,이야기모바일,함께이야기해S(100분+10GB),8800,10.0,1,100,100,무제한,LTE,"정상가 14,300원, 할인 12개월, 네이버페이 5,000원, 평점 4.5"
이야기모바일_LTE_35,이야기모바일,내맘대로S(100+10GB),9900,10.0,1,100,100,무제한,LTE,"정상가 14,300원, 할인 12개월, 네이버페이 5,000원, 평점 4.5"
인스모바일_LTE_23,인스모바일,올프리 1GB+(USIM),7150,1.0,1,999,999,1Mbps,LTE,"정상가 18,700원, 할인 6개월, 평점 4.4"
이야기모바일_LTE_36,이야기모바일,이야기 10GB 100분,5500,10.0,1,100,100,무제한,LTE,"정상가 14,300원, 할인 6개월, 네이버페이 5,000원, 평점 4.5"
KG모바일_LTE_25,KG모바일,[일반] 실속 (7GB/300분),1980,7.0,1,300,100,무제한,LTE,"정상가 14,300원, 할인 6개월, 일반 유심/배송비 무료, 유독 쿠폰(구글 AI Pro,도미노피자 할인), 평점 4.6"
KT스카이라이프_LTE_49,KT스카이라이프,통화 충분 20GB,20100,20.0,1,999,999,무제한,LTE,"기본 가입혜택 2만원, S-머니 6만원(매월 1만원씩 6개월간), 평점 4.5"
이야기모바일_LTE_37,이야기모바일,함께이야기해S(200분+10GB),8800,10.0,1,200,100,무제한,LTE,"정상가 14,850원, 할인 12개월, 네이버페이 5,000원, 평점 4.5"
이야기모바일_LTE_38,이야기모바일,이야기 라이트 1GB+,7700,1.0,1,999,999,1Mbps,LTE,"정상가 12,100원, 할인 6개월, 네이버페이 5,000원, 평점 4.5"
이야기모바일_LTE_39,이야기모바일,이야기 무한 1GB+,9900,1.0,1,999,999,1Mbps,LTE,"정상가 14,300원, 할인 7개월, 네이버페이 5,000원, 평점 4.5"
U+유모바일_LTE_27,U+유모바일,[평생할인] 10GB/100분,9900,10.0,1,100,100,무제한,LTE,"가족결합시 Npay 10% 혜택(다모아 결합), 평점 4.4"
에이모바일_LTE_02,에이모바일,A 스마트 10GB,110,10.0,1,999,999,무제한,LTE,"정상가 14,300원, 할인 7개월, 평점 4.2"
찬스모바일_LTE_18,찬스모바일,[CHM] 음성 100분 5GB+,100,5.0,1,100,100,1Mbps,LTE,"정상가 7,700원, 할인 7개월, 유심/배송비 무료, 평점 4.5"
핀다이렉트_LTE_17,핀다이렉트,[K] DIGITAL DETOX 5GB 챌린지,550,5.0,1,100,100,무제한,LTE,"정상가 13,200원, 할인 7개월, 3대 마트 상품권 2만원, 평점 4.2"
스마텔_LTE_70,스마텔,스마일 1GB+,10340,1.0,1,999,999,1Mbps,LTE,"정상가 16,940원, 할인 7개월, 평점 4.2"
핀다이렉트_LTE_18,핀다이렉트,[S] DIGITAL DETOX 5GB 챌린지,550,5.0,1,100,100,무제한,LTE,"정상가 13,200원, 할인 7개월, 평점 4.2"
모빙_LTE_01,모빙,실속 데이터 4.5GB+,5000,4.5,1,999,999,1Mbps,LTE,"정상가 14,000원, 할인 24개월, 평점 4.3"
스마텔_LTE_71,스마텔,USIM 스위트 심플(100분+5GB),1100,5.0,1,100,100,무제한,LTE,"정상가 9,900원, 할인 7개월, 평점 4.2"
LG헬로모바일_5G_01,LG헬로모바일,5G 유심 6GB 200분,7900,6.0,1,200,100,무제한,5G,"가입사은품 3만원, 구글 AI프로+도미노피자 할인쿠폰, 프레딧 쿠폰 2만원(5천원*4개월), 평점 4.7"
스마텔_5G_06,스마텔,USIM 스마일 5G망 (200분/10GB),8800,10.0,1,200,100,무제한,5G,"정상가 17,600원, 할인 5개월, 평점 4.2"
이지모바일_5G_04,이지모바일,[5G]EG 데이터 5GB/100분,1150,5.0,1,100,100,무제한,5G,"정상가 27,000원, 할인 7개월, 5대 마트 상품권 2만원, 일반유심/배송비 무료, 평점 4.3"
모빙_LTE_02,모빙,실속 데이터 4.5GB+,100,4.5,1,999,999,1Mbps,LTE,"정상가 16,000원, 할인 6개월, 평점 4.3"
핀다이렉트_LTE_19,핀다이렉트,[L] DIGITAL DETOX 5GB 챌린지,550,5.0,1,100,100,무제한,LTE,"정상가 13,200원, 할인 7개월, 평점 4.2"
KG모바일_LTE_26,KG모바일,[일반] 실속 (5GB/100분),110,5.0,1,100,100,무제한,LTE,"정상가 9,900원, 할인 6개월, 유독 쿠폰(구글 AI Pro,도미노피자 할인), 일반 유심/배송비 무료, 평점 4.6"
티플러스_5G_05,티플러스,5G 가성비플러스(10GB/350분)_평생요금,4900,10.0,1,350,100,무제한,5G,"3대 마트 상품권 2만원 증정, 평점 4.3"
LG헬로모바일_LTE_18,LG헬로모바일,보편 안심 유심 10GB 100분,18500,10.0,1,100,100,1Mbps,LTE,"가입사은품 3만원, 구글 AI프로+도미노피자 할인쿠폰, 프레딧 쿠폰 2만원(5천원*4개월), 평점 4.7"
KT스카이라이프_5G_03,KT스카이라이프,5G 통화 충분 20GB,25900,20.0,1,999,999,무제한,5G,"기본 가입혜택 2만원, S-머니 6만원(매월 1만원씩 6개월간), 평점 4.5"
인스모바일_LTE_24,인스모바일,[평생할인]데이터 안심 10GB+(USIM),8580,10.0,1,100,100,1Mbps,LTE,평점 4.4
이지모바일_LTE_54,이지모바일,[모요핫딜]EG 핫딜 10G+1(CU할인),15000,10.0,1,999,999,1Mbps,LTE,"정상가 24,860원, 할인 12개월, [모요핫딜] 네이버페이 10,000원, 5대 마트 상품권 2만원, 일반유심/배송비 무료, 평점 4.3"
아이즈모바일_LTE_01,아이즈모바일,[S]아이즈특판100GB+,17000,100.0,1,999,999,5Mbps,LTE,"정상가 45,100원, 할인 7개월, 2월 한정 신세계 상품권 20,000원 지급, SOLO결합 데이터 20GB 지급, 평점 4.2"
에이모바일_LTE_03,에이모바일,A 넥스트 100GB+,17000,100.0,1,999,999,5Mbps,LTE,"정상가 47,850원, 할인 7개월, 평점 4.2"
티플러스_LTE_22,티플러스,The 완전마음껏 100GB＋,17000,100.0,1,999,999,5Mbps,LTE,"정상가 48,400원, 할인 7개월, 평점 4.3"
티플러스_LTE_23,티플러스, 티플 SNOW 100GB+ [12개월간 SNOW앱 무료],17000,100.0,1,999,999,5Mbps,LTE,"정상가 48,400원, 할인 7개월, SNOW 앱 VIP 월 구독권, 평점 4.3"
티플러스_LTE_24,티플러스,티플 위드유 100GB+(G car+세차클링),17000,100.0,1,999,999,5Mbps,LTE,"정상가 48,400원, 할인 7개월, 롯데렌터카 연간 패스 이용권, 세차 클링 출장 세차 할인 쿠폰, 평점 4.3"
티플러스_LTE_25,티플러스,The 완전마음껏 100GB＋,17000,100.0,1,999,999,5Mbps,LTE,"정상가 48,400원, 할인 7개월, 평점 4.3"
아이즈모바일_LTE_02,아이즈모바일,[K]올리브영 100GB+,17000,100.0,1,999,999,5Mbps,LTE,"정상가 53,900원, 할인 7개월, 3대 마트 상품권 2만원 증정, 올리브영 상품권 매달 5,000원 지급, 2월 한정 올리브영 21,000원 지급, SOLO결합 데이터 20GB 지급, 평점 4.2"
아이즈모바일_LTE_03,아이즈모바일,[K]다이소 100GB+,17000,100.0,1,999,999,5Mbps,LTE,"정상가 53,900원, 할인 7개월, 3대 마트 상품권 2만원 증정, 다이소 상품권 매달 5,000원 지급, 2월 한정 다이소 상품권 21,000원 지급, SOLO결합 데이터 20GB 지급, 평점 4.2"
모빙_LTE_03,모빙,[L] 데이터 100GB+,17000,100.0,1,999,999,5Mbps,LTE,"정상가 53,900원, 할인 7개월, 평점 4.3"
모빙_LTE_04,모빙,[S] 데이터 100GB+,17000,100.0,1,999,999,5Mbps,LTE,"정상가 53,900원, 할인 7개월, 평점 4.3"
아이즈모바일_LTE_04,아이즈모바일,[S]이디야 딥블루 100GB+,17000,100.0,1,999,999,5Mbps,LTE,"정상가 55,000원, 할인 7개월, 2월 한정 네이버페이 35,000원 지급, 매월 이디야 9,000원 모바일 카드 지급, 평점 4.2"
아이즈모바일_LTE_05,아이즈모바일,[S]OK캐쉬백 100GB+,17000,100.0,1,999,999,5Mbps,LTE,"정상가 55,000원, 할인 7개월, SOLO결합 데이터 20GB 지급, 평점 4.2"
아이즈모바일_LTE_06,아이즈모바일,[S]올리브영100GB+,17000,100.0,1,999,999,5Mbps,LTE,"정상가 55,000원, 할인 7개월, 올리브영 상품권 매달 7,000원 지급, 2월 한정 올리브영 35,000원 지급, SOLO결합 데이터 20GB 지급, 평점 4.2"
아이즈모바일_LTE_07,아이즈모바일,[K]CU&롯시 100GB+,17000,100.0,1,999,999,5Mbps,LTE,"정상가 55,000원, 할인 7개월, 매월 롯데시네마 관람권 지급, 3대 마트 상품권 2만원 증정, 매월 CU 결제 5천원 할인 혜택, 2월 한정 올리브영 70,000원 지급, SOLO결합 데이터 20GB 지급, 평점 4.2"
티플러스_LTE_26,티플러스,티플 100GB+(이디야커피),17000,100.0,1,999,999,5Mbps,LTE,"정상가 55,000원, 할인 7개월, 12개월간 이디야 모바일권 7,000원권 증정, 평점 4.3"
티플러스_LTE_27,티플러스,티플 CGV 100GB＋,17000,100.0,1,999,999,5Mbps,LTE,"정상가 59,400원, 할인 7개월, CGV 2D영화 8천원 관람권 2매, CGV 스몰세트 교환권, 평점 4.3"
아이즈모바일_LTE_08,아이즈모바일,[K]롯시&밀리 100GB+,17000,100.0,1,999,999,5Mbps,LTE,"정상가 55,000원, 할인 7개월, 밀리의서재 구독권 평생 무료 제공, 매월 롯데시네마 관람권 지급, 3대 마트 상품권 2만원 증정, 2월 한정 올리브영 70,000원 지급, SOLO결합 데이터 20GB 지급, 평점 4.2"
모빙_LTE_05,모빙,[K] 밀리의 서재 100GB+,17050,100.0,1,999,999,5Mbps,LTE,"정상가 50,600원, 할인 7개월, 평점 4.3"
모빙_LTE_06,모빙,[K] 모아진 100GB+,17050,100.0,1,999,999,5Mbps,LTE,"정상가 52,800원, 할인 7개월, 평점 4.3"
모빙_LTE_07,모빙,[K] 데이터 100GB+,17050,100.0,1,999,999,5Mbps,LTE,"정상가 50,600원, 할인 7개월, 평점 4.3"
U+유모바일_5G_03,U+유모바일,[평생할인] 5G 10GB/200분,11500,10.0,1,200,100,무제한,5G,"가족결합시 Npay 10% 혜택(다모아 결합), 평점 4.4"
에이모바일_LTE_04,에이모바일,A 올라잇 100GB+ 밀리의서재,18150,100.0,1,999,999,5Mbps,LTE,"정상가 46,200원, 할인 7개월, 평점 4.2"
아이즈모바일_LTE_09,아이즈모바일,[K]무한100GB+ Npay,19000,100.0,1,999,999,5Mbps,LTE,"정상가 55,000원, 할인 7개월, 네이버페이 매달 5,000원 지급, 2월 한정 네이버페이 70,000원 지급, SOLO결합 데이터 20GB 지급, 평점 4.2"
모빙_LTE_08,모빙,[K] 페이포인트 100GB+,19030,100.0,1,999,999,5Mbps,LTE,"정상가 53,900원, 할인 7개월, 평점 4.3"
아이즈모바일_LTE_10,아이즈모바일,[S]아이즈특판11GB+일2GB,14000,60.0,1,999,999,3Mbps,LTE,"정상가 36,300원, 할인 7개월, 2월 한정 신세계 상품권 20,000원 지급, SOLO결합 데이터 20GB 지급, 평점 4.2"
에이모바일_LTE_05,에이모바일,A 넥스트 71GB+,14000,60.0,1,999,999,3Mbps,LTE,"정상가 38,280원, 할인 7개월, 평점 4.2"
티플러스_LTE_28,티플러스, The 완전마음껏11G+(다이소 매월 10000P) ,14000,60.0,1,999,999,3Mbps,LTE,"정상가 39,600원, 할인 7개월, 12개월 간 다이소 상품권 5,000원 쿠폰, 7개월 간 다이소 상품권 5,000원 쿠폰, 평점 4.3"
티플러스_LTE_29,티플러스,The 완전마음껏11G+(카카오 이모티콘 플러스),14000,60.0,1,999,999,3Mbps,LTE,"정상가 39,600원, 할인 7개월, 카카오이모티콘 플러스 매월 무료 제공, 평점 4.3"
티플러스_LTE_30,티플러스,티플 위드유 11GB+(G car+세차클링),14000,60.0,1,999,999,3Mbps,LTE,"정상가 39,600원, 할인 7개월, 롯데렌터카 연간 패스 이용권, 세차 클링 출장 세차 할인 쿠폰, 평점 4.3"
티플러스_LTE_31,티플러스, 티플 SNOW 11GB+ [12개월간 SNOW앱 무료],14000,60.0,1,999,999,3Mbps,LTE,"정상가 39,600원, 할인 7개월, SNOW 앱 VIP 월 구독권, 평점 4.3"
티플러스_LTE_32,티플러스,The 완전마음껏11G＋(올리브영 매월 10000P),14000,60.0,1,999,999,3Mbps,LTE,"정상가 39,600원, 할인 7개월, 올리브영 12개월간 매월 5,000원 상품권, 올리브영 7개월간 매월 5,000원 상품권, 평점 4.3"
티플러스_LTE_33,티플러스,LG 11G+(컬쳐랜드 문화상품권 매월 10000P),14000,60.0,1,999,999,3Mbps,LTE,"정상가 39,600원, 할인 7개월, 컬쳐랜드 모바일상품권 5천원 증정(12개월), 컬쳐랜드 모바일상품권 5천원 증정(7개월), 평점 4.3"
티플러스_LTE_34,티플러스,The 완전마음껏11G＋(예스24 e북무료),14000,60.0,1,999,999,3Mbps,LTE,"정상가 39,600원, 할인 7개월, 평점 4.3"
티플러스_LTE_35,티플러스,LG 11G+(컬쳐랜드 문화상품권 매월 10000P),14000,60.0,1,999,999,3Mbps,LTE,"정상가 39,600원, 할인 7개월, 컬쳐랜드 모바일상품권 5천원 증정(12개월), 컬쳐랜드 모바일상품권 5천원 증정(7개월), 평점 4.3"
티플러스_LTE_36,티플러스,티플 올리브영 11GB+  (매월 1만원 상품권),14000,60.0,1,999,999,3Mbps,LTE,"정상가 42,900원, 할인 7개월, 올리브영 12개월간 매월 7,000원 상품권, 올리브영 7개월간 매월 3,000원 상품권, 평점 4.3"
티플러스_LTE_37,티플러스,티플 11GB+(이디야커피),14000,60.0,1,999,999,3Mbps,LTE,"정상가 48,400원, 할인 7개월, 12개월간 이디야 모바일권 7,000원권 증정, 평점 4.3"
아이즈모바일_LTE_11,아이즈모바일,[K]롯시&밀리 11GB+일2GB,14000,60.0,1,999,999,3Mbps,LTE,"정상가 48,400원, 할인 7개월, 밀리의서재 구독권 평생 무료 제공, 매월 롯데시네마 관람권 지급, 3대 마트 상품권 2만원 증정, 2월 한정 올리브영 70,000원 지급, SOLO결합 데이터 20GB 지급, 평점 4.2"
아이즈모바일_LTE_12,아이즈모바일,[K]CU&롯시 11GB+일2GB,14000,60.0,1,999,999,3Mbps,LTE,"정상가 48,400원, 할인 7개월, 매월 롯데시네마 관람권 지급, 3대 마트 상품권 2만원 증정, 매월 CU 결제 5천원 할인 혜택, 2월 한정 올리브영 70,000원 지급, SOLO결합 데이터 20GB 지급, 평점 4.2"
아이즈모바일_LTE_13,아이즈모바일,[S]올리브영11GB+,14000,60.0,1,999,999,3Mbps,LTE,"정상가 48,400원, 할인 7개월, 2월 한정 올리브영 35,000원 지급, 올리브영 상품권 매달 7,000원 지급, SOLO결합 데이터 20GB 지급, 평점 4.2"
아이즈모바일_LTE_14,아이즈모바일,[S]OK캐쉬백 11GB+,14000,60.0,1,999,999,3Mbps,LTE,"정상가 48,400원, 할인 7개월, SOLO결합 데이터 20GB 지급, 평점 4.2"
아이즈모바일_LTE_15,아이즈모바일,[K]올리브영 11GB+일2GB,14000,60.0,1,999,999,3Mbps,LTE,"정상가 47,300원, 할인 7개월, 3대 마트 상품권 2만원 증정, 2월 한정 올리브영 21,000원 지급, 올리브영 상품권 매달 5,000원 지급, SOLO결합 데이터 20GB 지급, 평점 4.2"
아이즈모바일_LTE_16,아이즈모바일,[L]아이즈11GB+일2GB,14000,60.0,1,999,999,3Mbps,LTE,"정상가 48,400원, 할인 7개월, 2월 한정 신세계 상품권 20,000원 지급, 평점 4.2"
아이즈모바일_LTE_17,아이즈모바일,[K]다이소 11GB+일2GB,14000,60.0,1,999,999,3Mbps,LTE,"정상가 47,300원, 할인 7개월, 3대 마트 상품권 2만원 증정, 2월 한정 다이소 상품권 21,000원 지급, 다이소 상품권 매달 5,000원 지급, SOLO결합 데이터 20GB 지급, 평점 4.2"
모빙_LTE_09,모빙,실속 데이터 11GB+,14000,60.0,1,999,999,3Mbps,LTE,"정상가 46,000원, 할인 7개월, 평점 4.3"
모빙_LTE_10,모빙,[S] 데이터 11GB+,14000,60.0,1,999,999,3Mbps,LTE,"정상가 46,200원, 할인 7개월, 평점 4.3"
아이즈모바일_LTE_18,아이즈모바일,[S]이디야 블루 11GB+,14000,60.0,1,999,999,3Mbps,LTE,"정상가 48,400원, 할인 7개월, 2월 한정 네이버페이 35,000원 지급, 매월 이디야 9,000원 모바일 카드 지급, 평점 4.2"
에이모바일_LTE_06,에이모바일,A 스페셜 11GB+,14080,60.0,1,999,999,3Mbps,LTE,"정상가 36,300원, 할인 7개월, 평점 4.2"
티플러스_LTE_38,티플러스,티플 CGV 11GB＋,14000,60.0,1,999,999,3Mbps,LTE,"정상가 51,700원, 할인 7개월, CGV 2D영화 8천원 관람권 2매, CGV 스몰세트 교환권, 평점 4.3"
에이모바일_LTE_07,에이모바일,A 올라잇 11GB+ 밀리의서재,14080,60.0,1,999,999,3Mbps,LTE,"정상가 39,600원, 할인 7개월, 평점 4.2"
모빙_LTE_11,모빙,[K] 데이터 11GB+,14080,60.0,1,999,999,3Mbps,LTE,"정상가 46,200원, 할인 7개월, 평점 4.3"
모빙_LTE_12,모빙,[K] 모아진 11GB+,14080,60.0,1,999,999,3Mbps,LTE,"정상가 46,200원, 할인 7개월, 평점 4.3"
모빙_LTE_13,모빙,[K] 후후 안심 11GB+,14080,60.0,1,999,999,3Mbps,LTE,"정상가 48,400원, 할인 7개월, 평점 4.3"
모빙_LTE_14,모빙,[K] 웨이브베이직 100GB+,21010,100.0,1,999,999,5Mbps,LTE,"정상가 56,100원, 할인 7개월, 평점 4.3"
U+유모바일_LTE_28,U+유모바일,[평생할인] 1GB+ 통화/데이터 무제한,9900,1.0,1,999,999,1Mbps,LTE,"가족결합시 Npay 10% 혜택(다모아 결합), 12만원 혜택(매월 이마트24 5천원), 평점 4.4"
아이즈모바일_LTE_19,아이즈모바일,[K]무한11GB+ Npay,16000,60.0,1,999,999,3Mbps,LTE,"정상가 48,400원, 할인 7개월, 네이버페이 매달 5,000원 지급, 2월 한정 네이버페이 70,000원 지급, SOLO결합 데이터 20GB 지급, 평점 4.2"
모빙_LTE_15,모빙,[K] 페이포인트 11GB+,16060,60.0,1,999,999,3Mbps,LTE,"정상가 52,800원, 할인 7개월, 평점 4.3"
모빙_LTE_16,모빙,[K] 지니뮤직 11GB+,16060,60.0,1,999,999,3Mbps,LTE,"정상가 53,900원, 할인 7개월, 평점 4.3"
모빙_LTE_17,모빙,[K] 요기요 11GB+,16060,60.0,1,999,999,3Mbps,LTE,"정상가 52,800원, 할인 7개월, 평점 4.3"
모빙_LTE_18,모빙,[K] 다이소 11GB+,16060,60.0,1,999,999,3Mbps,LTE,"정상가 52,800원, 할인 7개월, 평점 4.3"
티플러스_LTE_39,티플러스,티플 위드유 100GB＋(G car)_12개월할인,23900,100.0,1,999,999,5Mbps,LTE,"정상가 48,400원, 할인 12개월, 롯데렌터카 연간 패스 이용권, 평점 4.3"
에이모바일_LTE_08,에이모바일,A 스페셜 100GB+ (24개월),24090,100.0,1,999,999,5Mbps,LTE,"정상가 47,960원, 할인 24개월, 평점 4.2"
에이모바일_LTE_09,에이모바일,A 올라잇 11GB+ 네이버페이,17050,60.0,1,999,999,3Mbps,LTE,"정상가 42,900원, 할인 7개월, 평점 4.2"
U+유모바일_LTE_29,U+유모바일,다성비 (1GB+/통화기본),10900,1.0,1,999,999,1Mbps,LTE,"가족결합시 Npay 10% 혜택(다모아 결합), 매달 다이소 5천원 상품권 지급(12개월), 평점 4.4"
U+유모바일_LTE_30,U+유모바일,[다이소 12만] 1GB+,10900,1.0,1,999,999,1Mbps,LTE,"가족결합시 Npay 10% 혜택(다모아 결합), 12만원 혜택(매월 다이소 5천원), 평점 4.4"
U+유모바일_LTE_31,U+유모바일,교보문고 북 플러스알파 1GB+,10900,1.0,1,999,999,1Mbps,LTE,"매달 전자책 1권(24개월 간 지급), 세계문학전집 100권, 매달 영화할인권 2매(12개월 간 지급), 가족결합시 Npay 10% 혜택(다모아 결합), 평점 4.4"
U+유모바일_LTE_32,U+유모바일,다성비 (1GB+/통화기본),10900,1.0,1,999,999,1Mbps,LTE,"가족결합시 Npay 10% 혜택(다모아 결합), 매달 다이소 5천원 상품권 지급(12개월), 평점 4.4"
티플러스_LTE_40,티플러스,티플 위드유 11GB＋(G car)_12개월할인,18900,60.0,1,999,999,3Mbps,LTE,"정상가 39,600원, 할인 12개월, 롯데렌터카 연간 패스 이용권, 평점 4.3"
모빙_LTE_19,모빙,[L] 라운지프리 100GB+,27000,100.0,1,999,999,5Mbps,LTE,"정상가 54,000원, 할인 24개월, 평점 4.3"
모빙_LTE_20,모빙,[L] 데이터 100GB+_24개월,27000,100.0,1,999,999,5Mbps,LTE,"정상가 53,900원, 할인 24개월, 평점 4.3"
U+유모바일_5G_04,U+유모바일,[GS25 12만] 5G 10GB/200분,13500,10.0,1,200,100,무제한,5G,"가족결합시 Npay 10% 혜택(다모아 결합), 12만원 혜택(매월 GS25 5천원), 평점 4.4"
U+유모바일_LTE_33,U+유모바일,빽다방 100잔 1GB+,11400,1.0,1,999,999,1Mbps,LTE,"가족결합시 Npay 10% 혜택(다모아 결합), 빽다방 100잔 (25개월간 매월 4잔), 평점 4.4"
티플러스_LTE_41,티플러스,티플 100G+_24개월 할인,27900,100.0,1,999,999,5Mbps,LTE,"정상가 49,500원, 할인 24개월, 평점 4.3"
이지모바일_LTE_55,이지모바일,이지 데이터 7GB,3300,7.0,1,300,100,무제한,LTE,"정상가 17,050원, 할인 6개월, 일반유심/배송비 무료, 평점 4.3"
아이즈모바일_LTE_20,아이즈모바일,[S]울트라(300분/15GB),100,15.0,1,300,100,무제한,LTE,"정상가 25,300원, 할인 7개월, 평점 4.2"
에이모바일_LTE_10,에이모바일,A 스페셜 11GB+ (24개월),21010,60.0,1,999,999,3Mbps,LTE,"정상가 36,300원, 할인 24개월, 평점 4.2"
모빙_LTE_21,모빙,[K] 웨이브베이직 11GB+,21010,60.0,1,999,999,3Mbps,LTE,"정상가 53,900원, 할인 7개월, 평점 4.3"
슈가모바일_5G_01,슈가모바일,5G Sugar 실속(200분/10GB),5490,10.0,1,200,100,무제한,5G,평점 4.6
이지모바일_5G_05,이지모바일,EG 5G프리미엄 200G+,24900,200.0,1,999,999,무제한,5G,"정상가 58,300원, 할인 7개월, 5대 마트 상품권 2만원, 일반유심/배송비 무료, 평점 4.3"
아이즈모바일_LTE_21,아이즈모바일,[S]무한100GB+,31000,100.0,1,999,999,5Mbps,LTE,"정상가 53,000원, 할인 24개월, SOLO결합 데이터 20GB 지급, 평점 4.2"
KT스카이라이프_LTE_50,KT스카이라이프,통화 충분 15GB,16900,15.0,1,999,999,무제한,LTE,"기본 가입혜택 2만원, S-머니 6만원(매월 1만원씩 6개월간), 평점 4.5"
에이모바일_LTE_11,에이모바일,A 넥스트 7GB+,10000,7.0,1,999,999,1Mbps,LTE,"정상가 19,580원, 할인 7개월, 평점 4.2"
아이즈모바일_LTE_22,아이즈모바일,[S]아이즈특판7GB+1Mbps,10000,7.0,1,999,999,1Mbps,LTE,"정상가 18,900원, 할인 7개월, 2월 한정 신세계 상품권 10,000원 지급, SOLO결합 데이터 5GB 지급, 평점 4.2"
티플러스_LTE_42,티플러스, The 완전마음껏7G+(다이소 매월 5000P),10000,7.0,1,999,999,1Mbps,LTE,"정상가 22,000원, 할인 7개월, 12개월 간 다이소 상품권 5,000원 쿠폰, 평점 4.3"
티플러스_LTE_43,티플러스,The 완전마음껏7G＋(올리브영 매월 5000P),10000,7.0,1,999,999,1Mbps,LTE,"정상가 22,000원, 할인 7개월, 올리브영 12개월간 매월 5,000원 상품권, 평점 4.3"
티플러스_LTE_44,티플러스,LG 7G+(컬쳐랜드 문화상품권 매월 5000P),10000,7.0,1,999,999,1Mbps,LTE,"정상가 22,000원, 할인 7개월, 컬쳐랜드 모바일상품권 5천원 증정(12개월), 평점 4.3"
티플러스_LTE_45,티플러스,The 완전마음껏7G＋(예스24 e북무료),10000,7.0,1,999,999,1Mbps,LTE,"정상가 22,000원, 할인 7개월, 평점 4.3"
티플러스_LTE_46,티플러스,The 완전마음껏7G+(카카오 이모티콘 플러스),10000,7.0,1,999,999,1Mbps,LTE,"정상가 22,000원, 할인 7개월, 카카오이모티콘 플러스 매월 무료 제공, 평점 4.3"
에이모바일_LTE_12,에이모바일,A 스페셜 7GB+,10010,7.0,1,999,999,1Mbps,LTE,"정상가 22,000원, 할인 7개월, 평점 4.2"
티플러스_LTE_47,티플러스,티플 위드유 7GB＋(G car)_12개월할인,10000,7.0,1,999,999,1Mbps,LTE,"정상가 25,300원, 할인 12개월, 롯데렌터카 연간 패스 이용권, 평점 4.3"
티플러스_LTE_48,티플러스,티플 위드유 7GB+ (G car+세차클링),10000,7.0,1,999,999,1Mbps,LTE,"정상가 25,300원, 할인 7개월, 롯데렌터카 연간 패스 이용권, 세차 클링 출장 세차 할인 쿠폰, 평점 4.3"
티플러스_LTE_49,티플러스,티플 SNOW 7GB+ [12개월간 SNOW앱 무료],10000,7.0,1,999,999,1Mbps,LTE,"정상가 25,300원, 할인 7개월, SNOW 앱 VIP 월 구독권, 평점 4.3"
티플러스_LTE_50,티플러스,The 완전마음껏 7GB＋,10000,7.0,1,999,999,1Mbps,LTE,"정상가 25,300원, 할인 7개월, 평점 4.3"
아이즈모바일_LTE_23,아이즈모바일,[K]올리브영 7GB+,10000,7.0,1,999,999,1Mbps,LTE,"정상가 25,300원, 할인 7개월, 3대 마트 상품권 2만원 증정, 올리브영 상품권 매달 5,000원 지급, SOLO결합 데이터 5GB 지급, 개통시 매월 10GB 데이터 추가 지급, 평점 4.2"
아이즈모바일_LTE_24,아이즈모바일,[K]다이소 7GB+,10000,7.0,1,999,999,1Mbps,LTE,"정상가 25,300원, 할인 7개월, 3대 마트 상품권 2만원 증정, 다이소 상품권 매달 5,000원 지급, SOLO결합 데이터 5GB 지급, 개통시 매월 10GB 데이터 추가 지급, 평점 4.2"
모빙_LTE_22,모빙,[S] 데이터 7GB+,10000,7.0,1,999,999,1Mbps,LTE,"정상가 26,400원, 할인 7개월, 평점 4.3"
티플러스_LTE_51,티플러스,티플 올리브영 7GB+ (매월 1만원 상품권),10000,7.0,1,999,999,1Mbps,LTE,"정상가 28,600원, 할인 7개월, 올리브영 7개월간 매월 3,000원 상품권, 올리브영 12개월간 매월 7,000원 상품권, 평점 4.3"
아이즈모바일_LTE_25,아이즈모바일,[L]아이즈7GB+,10000,7.0,1,999,999,1Mbps,LTE,"정상가 27,500원, 할인 7개월, 평점 4.2"
아이즈모바일_LTE_26,아이즈모바일,[S]올리브영7GB+,10000,7.0,1,999,999,1Mbps,LTE,"정상가 27,500원, 할인 7개월, 올리브영 상품권 매달 7,000원 지급, SOLO결합 데이터 5GB 지급, 평점 4.2"
모빙_LTE_23,모빙,[L] 데이터 7GB+,10000,7.0,1,999,999,1Mbps,LTE,"정상가 26,400원, 할인 7개월, 평점 4.3"
아이즈모바일_LTE_27,아이즈모바일,[K]롯시&밀리 7GB+,10000,7.0,1,999,999,1Mbps,LTE,"정상가 28,600원, 할인 7개월, 밀리의서재 구독권 평생 무료 제공, 매월 롯데시네마 관람권 지급, 3대 마트 상품권 2만원 증정, SOLO결합 데이터 5GB 지급, 개통시 매월 10GB 데이터 추가 지급, 평점 4.2"
아이즈모바일_LTE_28,아이즈모바일,[S]이디야 화이트 7GB+,10000,7.0,1,999,999,1Mbps,LTE,"정상가 28,600원, 할인 7개월, 매월 이디야 6,000원 모바일 카드 지급, 평점 4.2"
모빙_LTE_24,모빙,[K] 후후 안심 7GB+,10010,7.0,1,999,999,1Mbps,LTE,"정상가 25,300원, 할인 7개월, 평점 4.3"
티플러스_LTE_52,티플러스,티플 CGV 7GB＋,10000,7.0,1,999,999,1Mbps,LTE,"정상가 35,200원, 할인 7개월, CGV 2D영화 8천원 관람권 2매, CGV 스몰세트 교환권, 평점 4.3"
티플러스_LTE_53,티플러스,티플 7GB+(이디야커피),10000,7.0,1,999,999,1Mbps,LTE,"정상가 29,700원, 할인 7개월, 12개월간 이디야 모바일권 7,000원권 증정, 평점 4.3"
모빙_LTE_25,모빙,[K] 밀리의 서재 7GB+,10010,7.0,1,999,999,1Mbps,LTE,"정상가 26,400원, 할인 7개월, 평점 4.3"
에이모바일_LTE_13,에이모바일,A 올라잇 7GB+ 밀리의서재,10450,7.0,1,999,999,1Mbps,LTE,"정상가 19,800원, 할인 7개월, 평점 4.2"
에이모바일_5G_01,에이모바일,A 5G 스마트 15GB/300분,990,15.0,1,300,100,무제한,5G,"정상가 19,470원, 할인 7개월, 평점 4.2"
이야기모바일_LTE_40,이야기모바일,이야기 라이트 100분10GB+,13500,10.0,1,100,100,1Mbps,LTE,"네이버페이 5,000원, 평점 4.5"
모빙_LTE_26,모빙,[L] 데이터11GB+_2y_plus,24000,60.0,1,999,999,3Mbps,LTE,"정상가 46,000원, 할인 24개월, 평점 4.3"
고고모바일_5G_05,고고모바일,[모요only] 5G 200분/20GB,1600,20.0,1,200,100,무제한,5G,"정상가 29,700원, 할인 7개월, 3대 마트 상품권 2만원, KT유심&배송비 무료, 평점 4.2"
아이즈모바일_LTE_29,아이즈모바일,[L]무한11GB+,24200,60.0,1,999,999,3Mbps,LTE,"정상가 44,000원, 할인 24개월, 평점 4.2"
티플러스_LTE_54,티플러스,티플 11G＋_24개월 할인,24900,60.0,1,999,999,3Mbps,LTE,"정상가 39,600원, 할인 24개월, 평점 4.3"
모빙_LTE_27,모빙,모두다 막힘없이 11GB+ 왓챠,25080,60.0,1,999,999,3Mbps,LTE,"정상가 49,500원, 할인 7개월, 평점 4.3"
슈가모바일_5G_02,슈가모바일,5G Sugar 실속(300분/15GB),7700,15.0,1,300,200,무제한,5G,평점 4.6
슈가모바일_LTE_16,슈가모바일,Sugar 실속(300분/15GB),7700,15.0,1,300,200,무제한,LTE,평점 4.6
아이즈모바일_LTE_30,아이즈모바일,[K]무한7GB+ Npay,12000,7.0,1,999,999,1Mbps,LTE,"정상가 26,400원, 할인 7개월, 네이버페이 매달 5,000원 지급, 2월 한정 네이버페이 35,000원 지급, SOLO결합 데이터 5GB 지급, 개통시 매월 10GB 데이터 추가 지급, 평점 4.2"
모빙_LTE_28,모빙,[K] 다이소 7GB+,12100,7.0,1,999,999,1Mbps,LTE,"정상가 27,500원, 할인 7개월, 평점 4.3"
모빙_LTE_29,모빙,[K] 지니뮤직 7GB+,12100,7.0,1,999,999,1Mbps,LTE,"정상가 28,600원, 할인 7개월, 평점 4.3"
모빙_LTE_30,모빙,[K] 페이포인트 7GB+,12100,7.0,1,999,999,1Mbps,LTE,"정상가 40,700원, 할인 7개월, 평점 4.3"
모빙_5G_01,모빙,[K] 5G 300분6GB,110,6.0,1,300,300,무제한,5G,"정상가 19,800원, 할인 7개월, 평점 4.3"
아이즈모바일_LTE_31,아이즈모바일,[S]무한11GB+,25900,60.0,1,999,999,3Mbps,LTE,"정상가 44,000원, 할인 24개월, SOLO결합 데이터 20GB 지급, 평점 4.2"
티플러스_LTE_55,티플러스,티플 10GB(10GB/100분),7990,10.0,1,100,100,무제한,LTE,"3대 마트 상품권 2만원 증정, 평점 4.3"
티플러스_LTE_56,티플러스,가성비플러스(15GB/350분),1900,15.0,1,350,100,무제한,LTE,"정상가 22,000원, 할인 7개월, 쇼핑엔티 홈쇼핑 3천원 쿠폰 12개월 증정, 평점 4.3"
모빙_LTE_31,모빙,홈결합 스페셜A,27900,60.0,1,999,999,3Mbps,LTE,"정상가 46,000원, 할인 12개월, 평점 4.3"
아이즈모바일_LTE_32,아이즈모바일,[S]OK캐쉬백 7GB+,14000,7.0,1,999,999,1Mbps,LTE,"정상가 28,600원, 할인 7개월, SOLO결합 데이터 5GB 지급, 평점 4.2"
인스모바일_LTE_25,인스모바일,데이터 안심 100분+5GB+(USIM),2970,5.0,1,100,100,1Mbps,LTE,"정상가 19,800원, 할인 6개월, 평점 4.4"
U+유모바일_LTE_34,U+유모바일,[평생할인] 10GB+/통화기본,18900,10.0,1,999,999,1Mbps,LTE,"가족결합시 Npay 10% 혜택(다모아 결합), 12만원 혜택(매월 이마트24 5천원), 우리결합시, 데이터 10GB 추가 증정, 평점 4.4"
고고모바일_5G_06,고고모바일,5G200분/10GB,16170,10.0,1,200,100,무제한,5G,"3대 마트 상품권 2만원, KT유심&배송비 무료, 원스토리 3,000P 쿠폰 , 평점 4.2"
고고모바일_LTE_40,고고모바일,LTE200분/ 10GB,16170,10.0,1,200,100,무제한,LTE,"3대 마트 상품권 2만원, KT유심&배송비 무료, 원스토리 3,000P 쿠폰 , 평점 4.2"
아이즈모바일_LTE_33,아이즈모바일,[S]무한7GB+,14900,7.0,1,999,999,1Mbps,LTE,"정상가 23,900원, 할인 24개월, SOLO결합 데이터 5GB 지급, 평점 4.2"
에이모바일_5G_02,에이모바일,A 5G 갓성비 5GB/100분,1100,5.0,1,100,50,무제한,5G,"정상가 7,700원, 할인 6개월, 평점 4.2"
아이즈모바일_LTE_34,아이즈모바일,[L]무한7GB+,15000,7.0,1,999,999,1Mbps,LTE,"정상가 23,900원, 할인 24개월, 평점 4.2"
모빙_LTE_32,모빙,[L] 데이터7GB+_2y_plus,15000,7.0,1,999,999,1Mbps,LTE,"정상가 28,000원, 할인 24개월, 평점 4.3"
모빙_LTE_33,모빙,[L] 라운지프리 7GB+,15000,7.0,1,999,999,1Mbps,LTE,"정상가 28,000원, 할인 24개월, 평점 4.3"
에이모바일_LTE_14,에이모바일,A 스페셜 7GB+ (24개월),15070,7.0,1,999,999,1Mbps,LTE,"정상가 22,000원, 할인 24개월, 평점 4.2"
U+유모바일_LTE_35,U+유모바일,교보문고 북 플러스알파 10GB+,19900,10.0,1,999,999,1Mbps,LTE,"매달 전자책 1권(24개월 간 지급), 세계문학전집 100권, 매달 영화할인권 2매(12개월 간 지급), 가족결합시 Npay 10% 혜택(다모아 결합), 평점 4.4"
U+유모바일_LTE_36,U+유모바일,다성비 (10GB+/통화기본),19900,10.0,1,999,999,1Mbps,LTE,"가족결합시 Npay 10% 혜택(다모아 결합), 매달 다이소 5천원 상품권 지급(12개월), 평점 4.4"
이야기모바일_5G_04,이야기모바일,5G 함께이야기해S 무한 20GB,22000,20.0,1,999,999,무제한,5G,"네이버페이 5,000원, 평점 4.5"
리브모바일_LTE_31,리브모바일,LTE 실속 10GB(100분) ,19800,10.0,1,100,100,무제한,LTE,평점 4.3
티플러스_LTE_57,티플러스,티플 10GB(10GB/200분),8500,10.0,1,200,100,무제한,LTE,"3대 마트 상품권 2만원 증정, 평점 4.3"
KT스카이라이프_LTE_51,KT스카이라이프,모두 충분 10GB+(모아진),18900,10.0,1,999,999,1Mbps,LTE,"기본 가입혜택 2만원, S-머니 6만원(매월 1만원씩 6개월간), 평점 4.5"
KT스카이라이프_LTE_52,KT스카이라이프,모두 충분 10GB+(밀리의서재),18900,10.0,1,999,999,1Mbps,LTE,"밀리의서재(매월11,900원)평생 구독권, 기본 가입혜택 2만원, S-머니 6만원(매월 1만원씩 6개월간), 평점 4.5"
고고모바일_LTE_41,고고모바일,무제한10GB+1M(밀리의서재 매월 무료),21890,10.0,1,999,999,1Mbps,LTE,"밀리의 서재 구독권(11,900원 상당) 제공, 3대 마트 상품권 2만원, 추가데이터 10GB 제공, 데이터 매월 10GB 추가 증정 (24개월간), KT유심&배송비 무료, 원스토리 3,000P 쿠폰 , 평점 4.2"
KT스카이라이프_LTE_53,KT스카이라이프,모두 충분 10GB+(CU),19400,10.0,1,999,999,1Mbps,LTE,"기본 가입혜택 2만원, S-머니 6만원(매월 1만원씩 6개월간), CU 연간 6만원 할인 평생 제공, 평점 4.5"
이지모바일_5G_06,이지모바일,[모요only] [5G]EG 프리미엄 무제한 200G+10,36400,200.0,1,999,999,무제한,5G,"정상가 58,300원, 할인 12개월, 5대 마트 상품권 2만원, 일반유심/배송비 무료, 평점 4.3"
KT스카이라이프_LTE_54,KT스카이라이프,모두 충분 10GB+(다이소_5000),20300,10.0,1,999,999,1Mbps,LTE,"기본 가입혜택 2만원, S-머니 6만원(매월 1만원씩 6개월간), 평점 4.5"
KT스카이라이프_LTE_55,KT스카이라이프,모두 충분 10GB+(올리브영_5000),20300,10.0,1,999,999,1Mbps,LTE,"기본 가입혜택 2만원, S-머니 6만원(매월 1만원씩 6개월간), 평점 4.5"
이지모바일_LTE_56,이지모바일,[전기차]모두의충전 12무제한 10G+1,12100,10.0,1,999,999,1Mbps,LTE,"정상가 24,200원, 할인 12개월, 5대 마트 상품권 2만원, 데이터 10GB 추가 증정, 일반유심/배송비 무료, 평점 4.3"
KT스카이라이프_LTE_56,KT스카이라이프,모두 충분 10GB+(Pay_5000),21400,10.0,1,999,999,1Mbps,LTE,"기본 가입혜택 2만원, S-머니 6만원(매월 1만원씩 6개월간), 평점 4.5"
고고모바일_LTE_42,고고모바일,무제한 10GB+1M(올리브영 매월 5000원),24090,10.0,1,999,999,1Mbps,LTE,"올리브영 상품권 매월 5,000원 제공, 3대 마트 상품권 2만원, 데이터 매월 10GB 추가 증정 (24개월간), KT유심&배송비 무료, 원스토리 3,000P 쿠폰 , 평점 4.2"
고고모바일_LTE_43,고고모바일,무제한 10GB+1M(다이소 매월 5000원),24090,10.0,1,999,999,1Mbps,LTE,"다이소상품권 매월 5,000원 제공, 3대 마트 상품권 2만원, 데이터 매월 10GB 추가 증정 (24개월간), KT유심&배송비 무료, 원스토리 3,000P 쿠폰 , 평점 4.2"
쉐이크모바일_5G_03,쉐이크모바일,[모요only] 쉐이크 5G 200GB+_밀리의서재,38600,200.0,1,999,999,무제한,5G,"정상가 55,000원, 할인 12개월, 밀리의 서재 구독권 지급 이벤트, 매월 1천원 요금할인 (팝테일 가입·인증), 3대 마트 상품권 2만원, 평점 4.3"
쉐이크모바일_LTE_23,쉐이크모바일,[모요only] 쉐이크 LTE 10GB+_CU,13000,10.0,1,999,999,1Mbps,LTE,"정상가 25,300원, 할인 7개월, 매월 1천원 요금할인 (팝테일 가입·인증), CU 20% 오프라인 결제할인, 3대 마트 상품권 2만원, SOLO결합(+10GB), 데이터 매월 10GB 추가 증정(24개월), 데이터쿠폰 20GB, 평점 4.3"
쉐이크모바일_LTE_24,쉐이크모바일,[모요only] 쉐이크 LTE 10GB+_밀리의서재,13000,10.0,1,999,999,1Mbps,LTE,"정상가 25,300원, 할인 7개월, 밀리의 서재 구독권 지급 이벤트, 매월 1천원 요금할인 (팝테일 가입·인증), 3대 마트 상품권 2만원, SOLO결합(+10GB), 데이터 매월 10GB 추가 증정(24개월), 데이터쿠폰 20GB, 평점 4.3"
에르엘_LTE_10,에르엘,[모요only] 음성기본10GB+,13000,10.0,1,999,999,1Mbps,LTE,"정상가 20,800원, 할인 7개월, 평점 4.4"
KT_5G_10,KT,요고 61,61000,-1.0,1,999,999,무제한,5G,평점 3.9
에르엘_LTE_11,에르엘,음성기본10GB+,13000,10.0,1,999,999,1Mbps,LTE,"정상가 24,200원, 할인 7개월, 평점 4.4"
LG헬로모바일_LTE_19,LG헬로모바일,쿠폰팩 유심 10GB,21300,10.0,1,999,999,1Mbps,LTE,"가입사은품 3만원, 헬로모바일 결합시, 추가 데이터 10GB 증정, 쿠폰팩 24개월(5천원*24개월) 제공, 구글 AI프로+도미노피자 할인쿠폰, 프레딧 쿠폰 2만원(5천원*4개월), 평점 4.7"
이지모바일_LTE_57,이지모바일,[Npay2만원]EG 무한 10GB+1M(밀리의 서재),13000,10.0,1,999,999,1Mbps,LTE,"정상가 24,200원, 할인 7개월, 밀리의 서재 이용권 제공, 네이버페이 20,000원, 5대 마트 상품권 2만원, 데이터 10GB 추가 증정, 일반유심/배송비 무료, 평점 4.3"
이지모바일_LTE_58,이지모바일,EG 무제한 10G+[매월 10GB 추가제공],13000,10.0,1,999,999,1Mbps,LTE,"정상가 24,200원, 할인 7개월, 5대 마트 상품권 2만원, 데이터 10GB 추가 증정, 일반유심/배송비 무료, 평점 4.3"
이지모바일_LTE_59,이지모바일,EG CU 무제한 10G+1[매월 10GB 추가제공],13000,10.0,1,999,999,1Mbps,LTE,"정상가 24,200원, 할인 7개월, 5대 마트 상품권 2만원, 데이터 10GB 추가 증정, 일반유심/배송비 무료, 평점 4.3"
슈가모바일_LTE_17,슈가모바일,Sugar 10GB+1Mbps,13080,10.0,1,999,999,1Mbps,LTE,"정상가 23,970원, 할인 7개월, 평점 4.6"
KT스카이라이프_LTE_57,KT스카이라이프,모두 충분 10GB+(지니뮤직),22400,10.0,1,999,999,1Mbps,LTE,"기본 가입혜택 2만원, S-머니 6만원(매월 1만원씩 6개월간), 평점 4.5"
KG모바일_LTE_27,KG모바일,"[KG모바일 스페셜] 통화, 데이터 마음대로 10GB+",13090,10.0,1,999,999,1Mbps,LTE,"정상가 26,400원, 할인 7개월, 해피콘 상품권 5,000원, 일반 유심/배송비 무료, 유독 쿠폰(구글 AI Pro,도미노피자 할인), 평점 4.6"
KG모바일_LTE_28,KG모바일,"[모빌카드 스페셜] 통화, 데이터 마음대로 10GB+",13090,10.0,1,999,999,1Mbps,LTE,"정상가 26,400원, 할인 7개월, 네이버페이 5,000원, 일반 유심/배송비 무료, 유독 쿠폰(구글 AI Pro,도미노피자 할인), 평점 4.6"
이지모바일_LTE_60,이지모바일,이지 무제한 10G+1,13000,10.0,1,999,999,1Mbps,LTE,"정상가 24,200원, 할인 7개월, 일반유심/배송비 무료, 평점 4.3"
고고모바일_LTE_44,고고모바일,[모요only] 무제한 10GB+1M(밀리의서재 Free),13000,10.0,1,999,999,1Mbps,LTE,"정상가 23,100원, 할인 7개월, 3대 마트 상품권 2만원, 데이터쿠폰 20GB x 3회, 평점 4.2"
티플러스_5G_06,티플러스,5G 가성비플러스(6GB/350분),90,6.0,1,350,100,무제한,5G,"정상가 9,900원, 할인 10개월, 평점 4.3"
티플러스_LTE_58,티플러스,완전마음껏 10GB＋,13000,10.0,1,999,999,1Mbps,LTE,"정상가 26,400원, 할인 7개월, 3대 마트 상품권 2만원 증정, 개통시 매월 10GB 데이터 추가 지급, 평점 4.3"
티플러스_LTE_59,티플러스,KT 10GB+ (밀리의서재+올리브영 매월 7천원 상품권!),13000,10.0,1,999,999,1Mbps,LTE,"정상가 27,500원, 할인 7개월, 밀리의 서재 전자책 정기구독 혜택 매월 제공, 3대 마트 상품권 2만원 증정, 올리브영 7개월간 매월 3,000원 상품권, 올리브영 12개월간 매월 4,000원 상품권, 개통시 매월 10GB 데이터 추가 지급, 평점 4.3"
스마텔_LTE_72,스마텔,[모요only] CU 스위트 무제한 10GB+,14000,10.0,1,999,999,1Mbps,LTE,"정상가 28,600원, 할인 7개월, 평점 4.2"
찬스모바일_LTE_19,찬스모바일, 음성기본 10GB+,13000,10.0,1,999,999,1Mbps,LTE,"정상가 24,200원, 할인 7개월, 유심/배송비 무료, 평점 4.5"
티플러스_LTE_60,티플러스,가성비플러스(6GB/350분),100,6.0,1,350,100,무제한,LTE,"정상가 9,900원, 할인 10개월, 쇼핑엔티 홈쇼핑 3천원 쿠폰 12개월 증정, 평점 4.3"
티플러스_LTE_61,티플러스,가성비플러스(6GB/350분),100,6.0,1,350,100,무제한,LTE,"정상가 9,900원, 할인 10개월, 평점 4.3"
아이즈모바일_LTE_35,아이즈모바일,[S]아이즈특판100분/15GB+,13000,15.0,1,100,100,3Mbps,LTE,"정상가 26,400원, 할인 7개월, 2월 한정 신세계 상품권 10,000원 지급, SOLO결합 데이터 10GB 지급, 평점 4.2"
에이모바일_LTE_15,에이모바일,A 넥스트 15GB+/100분,13000,15.0,1,100,100,3Mbps,LTE,"정상가 28,270원, 할인 7개월, 평점 4.2"
티플러스_LTE_62,티플러스, 티플 SNOW 15GB+(100분) [12개월간 SNOW앱 무료],13000,15.0,1,100,100,3Mbps,LTE,"정상가 31,900원, 할인 7개월, SNOW 앱 VIP 월 구독권, 평점 4.3"
티플러스_LTE_63,티플러스,티플 위드유 15GB+(100분)(G car+세차클링),13000,15.0,1,100,100,3Mbps,LTE,"정상가 31,900원, 할인 7개월, 롯데렌터카 연간 패스 이용권, 세차 클링 출장 세차 할인 쿠폰, 평점 4.3"
티플러스_LTE_64,티플러스,The 데이터마음껏 15GB＋(100분),13000,15.0,1,100,100,3Mbps,LTE,"정상가 31,900원, 할인 7개월, 평점 4.3"
티플러스_LTE_65,티플러스,티플 올리브영 15GB+(100분) (매월 1만원 상품권),13000,15.0,1,100,100,3Mbps,LTE,"정상가 35,200원, 할인 7개월, 올리브영 7개월간 매월 3,000원 상품권, 올리브영 12개월간 매월 7,000원 상품권, 평점 4.3"
티플러스_LTE_66,티플러스,The 데이터마음껏15G＋(100분)(올리브영 매월 5000P),13000,15.0,1,100,100,3Mbps,LTE,"정상가 35,090원, 할인 7개월, 올리브영 12개월간 매월 5,000원 상품권, 평점 4.3"
티플러스_LTE_67,티플러스,LG 15G+(100분)(컬쳐랜드 문화상품권 매월 5000P),13000,15.0,1,100,100,3Mbps,LTE,"정상가 35,090원, 할인 7개월, 컬쳐랜드 모바일상품권 5천원 증정(12개월), 평점 4.3"
티플러스_LTE_68,티플러스, The 데이터마음껏15G+(100분)(다이소 매월 5000P) ,13000,15.0,1,100,100,3Mbps,LTE,"정상가 35,090원, 할인 7개월, 12개월 간 다이소 상품권 5,000원 쿠폰, 평점 4.3"
티플러스_LTE_69,티플러스,The 데이터마음껏15G＋(100분)(올리브영 매월 5000P),13000,15.0,1,100,100,3Mbps,LTE,"정상가 35,090원, 할인 7개월, 올리브영 12개월간 매월 5,000원 상품권, 평점 4.3"
티플러스_LTE_70,티플러스,티플 15GB+(100분)(이디야커피),13000,15.0,1,100,100,3Mbps,LTE,"정상가 37,400원, 할인 7개월, 12개월간 이디야 모바일권 7,000원권 증정, 평점 4.3"
아이즈모바일_LTE_36,아이즈모바일,[S]올리브영100분/15GB+,13000,15.0,1,100,100,3Mbps,LTE,"정상가 37,400원, 할인 7개월, 2월 한정 올리브영 35,000원 지급, 올리브영 상품권 매달 7,000원 지급, SOLO결합 데이터 10GB 지급, 평점 4.2"
아이즈모바일_LTE_37,아이즈모바일,[K]올리브영 100분/15GB+,13000,15.0,1,100,100,3Mbps,LTE,"정상가 37,400원, 할인 7개월, 3대 마트 상품권 2만원 증정, 올리브영 상품권 매달 5,000원 지급, SOLO결합 데이터 10GB 지급, 평점 4.2"
아이즈모바일_LTE_38,아이즈모바일,[K]다이소 100분/15GB+,13000,15.0,1,100,100,3Mbps,LTE,"정상가 37,400원, 할인 7개월, 3대 마트 상품권 2만원 증정, 다이소 상품권 매달 5,000원 지급, SOLO결합 데이터 10GB 지급, 평점 4.2"
모빙_LTE_34,모빙,[S] 100분15GB+,13000,15.0,1,100,100,3Mbps,LTE,"정상가 36,300원, 할인 7개월, 평점 4.3"
아이즈모바일_LTE_39,아이즈모바일,[S]이디야 블루 15GB+/100분,13000,15.0,1,100,100,3Mbps,LTE,"정상가 37,400원, 할인 7개월, 2월 한정 네이버페이 35,000원 지급, 매월 이디야 6,000원 모바일 카드 지급, 평점 4.2"
티플러스_LTE_71,티플러스,티플 CGV 15GB＋(100분),13000,15.0,1,100,100,3Mbps,LTE,"정상가 42,900원, 할인 7개월, CGV 2D영화 8천원 관람권 2매, CGV 스몰세트 교환권, 평점 4.3"
아이즈모바일_LTE_40,아이즈모바일,[K]CU&롯시 100분/15GB+,13000,15.0,1,100,100,3Mbps,LTE,"정상가 39,600원, 할인 7개월, 매월 롯데시네마 관람권 지급, 3대 마트 상품권 2만원 증정, 2월 한정 올리브영 35,000원 지급, 매월 CU 결제 5천원 할인 혜택, SOLO결합 데이터 10GB 지급, 평점 4.2"
아이즈모바일_LTE_41,아이즈모바일,[K]롯시&밀리 100분/15GB+,13000,15.0,1,100,100,3Mbps,LTE,"정상가 38,500원, 할인 7개월, 밀리의서재 구독권 평생 무료 제공, 매월 롯데시네마 관람권 지급, 3대 마트 상품권 2만원 증정, 2월 한정 올리브영 35,000원 지급, SOLO결합 데이터 10GB 지급, 평점 4.2"
에이모바일_LTE_16,에이모바일,A 스페셜 15GB+/100분,13090,15.0,1,100,100,3Mbps,LTE,"정상가 28,600원, 할인 7개월, 평점 4.2"
에이모바일_LTE_17,에이모바일,A 올라잇 15GB+/100분 밀리의서재,13090,15.0,1,100,100,3Mbps,LTE,"정상가 35,200원, 할인 7개월, 평점 4.2"
모빙_LTE_35,모빙,[K] 100분 15GB+,13090,15.0,1,100,100,3Mbps,LTE,"정상가 36,300원, 할인 7개월, 평점 4.3"
모빙_LTE_36,모빙,[K] 모아진 100분15GB+,13090,15.0,1,100,100,3Mbps,LTE,"정상가 37,400원, 할인 7개월, 평점 4.3"
시월모바일_LTE_24,시월모바일,시월 무제한 10GB+1Mbps,13000,10.0,1,999,999,1Mbps,LTE,"정상가 22,130원, 할인 7개월, 네이버페이 10,000원, 평점 4.5"
이지모바일_5G_07,이지모바일,EG 5G프리미엄 지니 200G+(지니뮤직),39600,200.0,1,999,999,무제한,5G,"정상가 61,600원, 할인 12개월, 지니뮤직 이용권 증정, 5대 마트 상품권 2만원, 일반유심/배송비 무료, 평점 4.3"
이야기모바일_LTE_41,이야기모바일,이야기 무한 10GB+,13000,10.0,1,999,999,1Mbps,LTE,"정상가 37,400원, 할인 7개월, 네이버페이 5,000원, 평점 4.5"
모빙_LTE_37,모빙,[L] 데이터 100GB+_24개월,32000,100.0,1,999,999,5Mbps,LTE,평점 4.3
이지모바일_LTE_61,이지모바일,[전기차]모두의 충전 18무제한 10G+1(CU20%할인),14100,10.0,1,999,999,1Mbps,LTE,"정상가 29,150원, 할인 18개월, 5대 마트 상품권 2만원, 일반유심/배송비 무료, 데이터 10GB 추가 증정, 평점 4.3"
이지모바일_LTE_62,이지모바일,이지 더 오래쓰는 무제한 10G+1,14000,10.0,1,999,999,1Mbps,LTE,"정상가 24,200원, 할인 24개월, 일반유심/배송비 무료, 평점 4.3"
이야기모바일_LTE_42,이야기모바일,이야기 라이트 10GB+,13000,10.0,1,999,999,1Mbps,LTE,"정상가 26,400원, 할인 7개월, 네이버페이 5,000원, 평점 4.5"
이야기모바일_5G_05,이야기모바일,5G 함께이야기해S (200분+6GB),8800,6.0,1,200,100,무제한,5G,"네이버페이 5,000원, 평점 4.5"
모나_LTE_16,모나,모나기본10G안심1,13090,10.0,1,999,999,1Mbps,LTE,"정상가 44,000원, 할인 7개월,  NFC 유심 무료 제공, 4대 편의점 최대 10.1%적립, 평점 4.4"
스마텔_LTE_73,스마텔,스마트 프로 10GB+,14000,10.0,1,999,999,1Mbps,LTE,"정상가 29,040원, 할인 7개월, 평점 4.2"
찬스모바일_LTE_20,찬스모바일,찬스12 10GB+ ,14300,10.0,1,999,999,1Mbps,LTE,"정상가 24,200원, 할인 12개월, 유심/배송비 무료, 평점 4.5"
티플러스_LTE_72,티플러스,티플 위드유 15GB＋(100분)(G car)_12개월할인,14000,15.0,1,100,100,3Mbps,LTE,"정상가 31,900원, 할인 12개월, 롯데렌터카 연간 패스 이용권, 평점 4.3"
시월모바일_LTE_25,시월모바일,쿠폰팩베이직 통화기본10GB+,14000,10.0,1,999,999,1Mbps,LTE,"정상가 24,230원, 할인 7개월, 12개월간 월 5000원씩(네이버페이 가능), 평점 4.5"
아이즈모바일_LTE_42,아이즈모바일,[L]아이즈100분/15GB+,14000,15.0,1,100,100,3Mbps,LTE,"정상가 37,400원, 할인 7개월, 평점 4.2"
모빙_LTE_38,모빙,[L] 100분15GB+,14000,15.0,1,100,100,3Mbps,LTE,"정상가 36,300원, 할인 7개월, 평점 4.3"
고고모바일_LTE_45,고고모바일,[모요only] 무제한 10GB+1M(다이소 5000원),15000,10.0,1,999,999,1Mbps,LTE,"정상가 25,300원, 할인 7개월, 다이소상품권 매월 5,000원 제공, 3대 마트 상품권 2만원, 추가데이터 10GB 제공, 데이터 매월 10GB 추가 증정 (24개월간), KT유심&배송비 무료, 원스토리 3,000P 쿠폰 , 데이터쿠폰 20GB x 3회, 평점 4.2"
고고모바일_LTE_46,고고모바일,[모요only] 무제한 10GB+1M(올리브영 5000원),15000,10.0,1,999,999,1Mbps,LTE,"정상가 25,300원, 할인 7개월, 올리브영 상품권 매월 5,000원 제공, 3대 마트 상품권 2만원, 추가데이터 10GB 제공, 데이터 매월 10GB 추가 증정 (24개월간), KT유심&배송비 무료, 원스토리 3,000P 쿠폰 , 데이터쿠폰 20GB x 3회, 평점 4.2"
시월모바일_LTE_26,시월모바일,쿠폰팩 통화기본10GB+,15000,10.0,1,999,999,1Mbps,LTE,"정상가 24,240원, 할인 7개월, 24개월간 월 5000원씩(네이버페이 가능), 평점 4.5"
아이즈모바일_LTE_43,아이즈모바일,[K]무한100분/15GB+ Npay,15000,15.0,1,100,100,3Mbps,LTE,"정상가 38,500원, 할인 7개월, 네이버페이 매달 5,000원 지급, 2월 한정 네이버페이 35,000원 지급, SOLO결합 데이터 10GB 지급, 평점 4.2"
에이모바일_LTE_18,에이모바일,A 올라잇 15GB+/100분 네이버페이,15070,15.0,1,100,100,3Mbps,LTE,"정상가 38,500원, 할인 7개월, 평점 4.2"
이야기모바일_LTE_43,이야기모바일,이야기 라이트 100분5GB+,5500,5.0,1,100,100,1Mbps,LTE,"정상가 15,400원, 할인 6개월, 네이버페이 5,000원, 평점 4.5"
모빙_LTE_39,모빙,[K] 페이포인트 100분15GB+,15070,15.0,1,100,100,3Mbps,LTE,"정상가 41,800원, 할인 7개월, 평점 4.3"
모빙_LTE_40,모빙,[K] 다이소 100분15GB+,15070,15.0,1,100,100,3Mbps,LTE,"정상가 41,800원, 할인 7개월, 평점 4.3"
인스모바일_LTE_26,인스모바일,[평생할인]올프리 1GB+(USIM),7920,1.0,1,999,999,1Mbps,LTE,평점 4.4
KG모바일_LTE_29,KG모바일,"[일반] 통화, 데이터 마음대로 10GB+",16500,10.0,1,999,999,1Mbps,LTE,"정상가 26,400원, 할인 12개월, 일반 유심/배송비 무료, 유독 쿠폰(구글 AI Pro,도미노피자 할인), 평점 4.6"
스마텔_5G_07,스마텔,USIM 스위트 5G망(300분/10GB),2200,10.0,1,300,100,무제한,5G,"정상가 18,700원, 할인 7개월, 평점 4.2"
스마텔_LTE_74,스마텔,USIM 스위트 (300분/10GB),2200,10.0,1,300,100,무제한,LTE,"정상가 18,700원, 할인 7개월, 평점 4.2"
스마텔_LTE_75,스마텔,스마일 10GB+,14000,10.0,1,999,999,1Mbps,LTE,"정상가 31,900원, 할인 7개월, 평점 4.2"
아이즈모바일_LTE_44,아이즈모바일,[S]OK캐쉬백 100분/15GB+,16000,15.0,1,100,100,3Mbps,LTE,"정상가 37,400원, 할인 7개월, SOLO결합 데이터 10GB 지급, 평점 4.2"
스마텔_LTE_76,스마텔,후후 스마일 10GB+,14330,10.0,1,999,999,1Mbps,LTE,"정상가 32,230원, 할인 7개월, 평점 4.2"
쉐이크모바일_LTE_25,쉐이크모바일,"[모요only] 쉐이크 LTE 10GB+_다이소 매 월 5,000원",18200,10.0,1,999,999,1Mbps,LTE,"정상가 27,500원, 할인 12개월, 매월 1천원 요금할인 (팝테일 가입·인증), 다이소 매월 5,000원 제공, 3대 마트 상품권 2만원, SOLO결합(+10GB), 데이터 매월 10GB 추가 증정(24개월), 데이터쿠폰 20GB, 평점 4.3"
쉐이크모바일_LTE_26,쉐이크모바일,[모요only] 쉐이크 LTE 10GB+_올리브영 5000원,18200,10.0,1,999,999,1Mbps,LTE,"정상가 27,500원, 할인 12개월, 매월 1천원 요금할인 (팝테일 가입·인증), 3대 마트 상품권 2만원, 올리브영 매월 5,000원 제공, SOLO결합(+10GB), 데이터 매월 10GB 추가 증정(24개월), 데이터쿠폰 20GB, 평점 4.3"
모빙_LTE_41,모빙,[S] 데이터 100GB+,37500,100.0,1,999,999,5Mbps,LTE,평점 4.3
슈가모바일_LTE_18,슈가모바일,Sugar 매니아 10GB+1Mbps,18030,10.0,1,999,999,1Mbps,LTE,"정상가 24,960원, 할인 24개월, 평점 4.6"
티플러스_LTE_73,티플러스,The 데이터마음껏15G＋(100분)(예스24 e북무료),16900,15.0,1,100,100,3Mbps,LTE,"정상가 35,090원, 할인 7개월, 평점 4.3"
KT_5G_11,KT,요고 69,69000,-1.0,1,999,999,무제한,5G,평점 3.9
스마텔_LTE_77,스마텔,스마트 10GB+ (24개월),18000,10.0,1,999,999,1Mbps,LTE,"정상가 22,990원, 할인 24개월, 평점 4.2"
이야기모바일_5G_06,이야기모바일,5G 함께이야기해S (200분+10GB),11000,10.0,1,200,100,무제한,5G,"네이버페이 5,000원, 평점 4.5"
U+유모바일_LTE_37,U+유모바일,[평생할인] 1.5GB/통화기본,5900,1.5,1,999,999,무제한,LTE,"가족결합시 Npay 10% 혜택(다모아 결합), 평점 4.4"
KT스카이라이프_5G_04,KT스카이라이프,5G 모두 충분 200GB+,49200,200.0,1,999,999,무제한,5G,"기본 가입혜택 2만원, S-머니 12만원(매월 2만원씩 6개월간), 평점 4.5"
KT스카이라이프_5G_05,KT스카이라이프,5G 모두 충분 200GB+(밀리의서재),49200,200.0,1,999,999,무제한,5G,"밀리의서재(매월11,900원)평생 구독권, 기본 가입혜택 2만원, S-머니 12만원(매월 2만원씩 6개월간), 평점 4.5"
스마텔_LTE_78,스마텔,USIM 스마트 (200분/5GB+),2970,5.0,1,200,100,1Mbps,LTE,"정상가 15,400원, 할인 12개월, 평점 4.2"
모빙_LTE_42,모빙,[L] 데이터11GB+_2y_plus,26500,60.0,1,999,999,3Mbps,LTE,평점 4.3
리브모바일_LTE_32,리브모바일,LTE 무제한 10GB+ (밀리의서재),17600,10.0,1,999,999,1Mbps,LTE,"정상가 22,000원, 할인 12개월, 평점 4.3"
에이모바일_LTE_19,에이모바일,A 스페셜 15GB+/100분 (24개월),19030,15.0,1,100,100,3Mbps,LTE,"정상가 28,600원, 할인 24개월, 평점 4.2"
스노우맨_LTE_01,스노우맨,데이터100GB+++(블라이스),41800,100.0,1,999,999,5Mbps,LTE,평점 4
모빙_LTE_43,모빙,[L] 100분15GB+_2y_plus,19000,15.0,1,100,100,3Mbps,LTE,"정상가 39,000원, 할인 24개월, 평점 4.3"
스마텔_LTE_79,스마텔,스위트 10GB+ (+10GB 24개월간 추가 제공),22000,10.0,1,999,999,1Mbps,LTE,"정상가 28,600원, 할인 36개월, 평점 4.2"
모빙_LTE_44,모빙,[L] 라운지프리 11GB+,27500,60.0,1,999,999,3Mbps,LTE,평점 4.3
스마텔_LTE_80,스마텔,데이터충분히(10G+300분),2900,10.0,1,300,100,무제한,LTE,"정상가 17,600원, 할인 7개월, 평점 4.2"
마블링_LTE_06,마블링,마블링 스탠다드 1GB,110,1.0,1,100,50,무제한,LTE,"정상가 3,300원, 할인 6개월, 평점 4.3"
티플러스_LTE_74,티플러스,티플 완전마음껏11G＋_평생요금,27900,60.0,1,999,999,3Mbps,LTE,평점 4.3
아이즈모바일_LTE_45,아이즈모바일,세이브머니유심(기본제공/4.5GB+),5900,4.5,1,999,999,1Mbps,LTE,평점 4.2
아이즈모바일_LTE_46,아이즈모바일,[S]무한100분/15GB+,20000,15.0,1,100,100,3Mbps,LTE,"정상가 33,900원, 할인 24개월, SOLO결합 데이터 10GB 지급, 평점 4.2"
아이즈모바일_LTE_47,아이즈모바일,[L]무한100분/15GB+,20000,15.0,1,100,100,3Mbps,LTE,"정상가 33,900원, 할인 24개월, 평점 4.2"
모빙_LTE_45,모빙,[L] 라운지프리 100분15GB+,20000,15.0,1,100,100,3Mbps,LTE,"정상가 39,000원, 할인 24개월, 평점 4.3"
핀다이렉트_5G_01,핀다이렉트,[K] 핀다이렉트 Speed 20GB/200분,9000,20.0,1,200,100,무제한,5G,"정상가 18,700원, 할인 7개월, 3대 마트 상품권 2만원, 평점 4.2"
모빙_LTE_46,모빙,실속 데이터 5GB+,6000,5.0,1,999,999,1Mbps,LTE,"정상가 16,000원, 할인 24개월, 평점 4.3"
티플러스_LTE_75,티플러스,티플 완전마음껏7G＋_평생요금,15000,7.0,1,999,999,1Mbps,LTE,평점 4.3
모빙_LTE_47,모빙,[L] 데이터7GB+_2y_plus,15000,7.0,1,999,999,1Mbps,LTE,평점 4.3
스노우맨_LTE_02,스노우맨,데이터100GB+++(네이버페이),45100,100.0,1,999,999,5Mbps,LTE,평점 4
아이즈모바일_LTE_48,아이즈모바일,[K]아이즈특판100GB+,45100,100.0,1,999,999,5Mbps,LTE,"3대 마트 상품권 2만원 증정, SOLO결합 데이터 20GB 지급, 평점 4.2"
아이즈모바일_LTE_49,아이즈모바일,아이즈우정(300분/5G),90,5.0,1,300,100,무제한,LTE,"정상가 8,500원, 할인 15개월, 평점 4.2"
티플러스_LTE_76,티플러스,티플 5GB(5GB/300분),90,5.0,1,300,100,무제한,LTE,"정상가 11,000원, 할인 12개월, 쇼핑엔티 홈쇼핑 3천원 쿠폰 12개월 증정, 평점 4.3"
모빙_LTE_48,모빙,쏙쏙 300분5GB,110,5.0,1,300,100,무제한,LTE,"정상가 14,300원, 할인 7개월, 평점 4.3"
에이모바일_5G_03,에이모바일,A 5G 갓성비 15GB/300분,5500,15.0,1,300,100,무제한,5G,"정상가 16,500원, 할인 6개월, 평점 4.2"
이야기모바일_LTE_44,이야기모바일,이야기 라이트S 100분 10GB+,23100,10.0,1,100,100,1Mbps,LTE,"네이버페이 5,000원, 평점 4.5"
KT스카이라이프_LTE_58,KT스카이라이프,통화 충분 1.5GB,6600,1.5,1,999,999,무제한,LTE,"S-머니 3만원(매월 5천원씩 6개월간), 기본 가입혜택 2만원, 평점 4.5"
모빙_LTE_49,모빙,[S] 데이터 11GB+,30500,60.0,1,999,999,3Mbps,LTE,평점 4.3
모빙_LTE_50,모빙,홈결합 100분15GB+,22000,15.0,1,100,100,3Mbps,LTE,"정상가 39,000원, 할인 12개월, 평점 4.3"
모빙_LTE_51,모빙,[S] 데이터 7GB+,17000,7.0,1,999,999,1Mbps,LTE,평점 4.3
스노우맨_LTE_03,스노우맨,데이터7GB+(블라이스),17600,7.0,1,999,999,1Mbps,LTE,평점 4
스노우맨_LTE_04,스노우맨,스노우맨데이터100GB+,49500,100.0,1,999,999,5Mbps,LTE,평점 4
스노우맨_LTE_05,스노우맨,데이터11GB+일2GB++(블라이스),33000,60.0,1,999,999,3Mbps,LTE,평점 4
U+유모바일_LTE_38,U+유모바일,[다이소 12만] 1.5GB/통화기본,8900,1.5,1,999,999,무제한,LTE,"매달 Npay 5천원(6만), 가족결합시 Npay 10% 혜택(다모아 결합), 12만원 혜택(매월 다이소 5천원), 평점 4.4"
스마텔_5G_08,스마텔,5G 스위트 200GB+(지니뮤직),53900,200.0,1,999,999,무제한,5G,"정상가 56,100원, 할인 36개월, 평점 4.2"
리브모바일_5G_04,리브모바일,5G무제한 200GB+,50500,200.0,1,999,999,무제한,5G,"정상가 54,900원, 할인 12개월, 평점 4.3"
인스모바일_LTE_27,인스모바일,데이터 안심 5GB+(USIM),4400,5.0,1,200,100,1Mbps,LTE,"정상가 25,300원, 할인 6개월, 평점 4.4"
아이즈모바일_LTE_50,아이즈모바일,[L]쿠폰팩 100GB+_(7개월),52800,100.0,1,999,999,5Mbps,LTE,평점 4.2
스노우맨_LTE_06,스노우맨,데이터7GB+(밀리의서재),19800,7.0,1,999,999,1Mbps,LTE,평점 4
스노우맨_LTE_07,스노우맨,데이터7GB+(네이버페이),19800,7.0,1,999,999,1Mbps,LTE,평점 4
아이즈모바일_LTE_51,아이즈모바일,[K]아이즈특판7GB+,19800,7.0,1,999,999,1Mbps,LTE,"3대 마트 상품권 2만원 증정, SOLO결합 데이터 5GB 지급, 평점 4.2"
스노우맨_LTE_08,스노우맨,데이터11GB+일2GB++(밀리의서재),35200,60.0,1,999,999,3Mbps,LTE,평점 4
아이즈모바일_LTE_52,아이즈모바일,[K]무한100GB+ Wavve,55000,100.0,1,999,999,5Mbps,LTE,"웨이브 무료 구독권 지급, 3대 마트 상품권 2만원 증정, SOLO결합 데이터 20GB 지급, 평점 4.2"
티플러스_LTE_77,티플러스,The 마음껏 매일5G+(카카오 이모티콘 플러스),17000,150.0,1,999,999,5Mbps,LTE,"정상가 46,200원, 할인 7개월, 카카오이모티콘 플러스 매월 무료 제공, 평점 4.3"
티플러스_LTE_78,티플러스,The 마음껏 매일5G＋(올리브영 매월 10000P),17000,150.0,1,999,999,5Mbps,LTE,"정상가 46,200원, 할인 7개월, 올리브영 12개월간 매월 5,000원 상품권, 올리브영 7개월간 매월 5,000원 상품권, 평점 4.3"
티플러스_LTE_79,티플러스,LG 매일5G+(컬쳐랜드 문화상품권 매월 5000P),17000,150.0,1,999,999,5Mbps,LTE,"정상가 46,200원, 할인 7개월, 컬쳐랜드 모바일상품권 5천원 증정(12개월), 평점 4.3"
티플러스_LTE_80,티플러스, The 마음껏 매일5G+(다이소 매월 5000P) ,17000,150.0,1,999,999,5Mbps,LTE,"정상가 46,200원, 할인 7개월, 12개월 간 다이소 상품권 5,000원 쿠폰, 평점 4.3"
모빙_LTE_52,모빙,실속 데이터 매일5GB+,17000,150.0,1,999,999,5Mbps,LTE,"정상가 51,700원, 할인 7개월, 평점 4.3"
아이즈모바일_LTE_53,아이즈모바일,[L]아이즈 일5GB+,17000,150.0,1,999,999,5Mbps,LTE,"정상가 55,000원, 할인 7개월, 2월 한정 신세계 상품권 10,000원 지급, 평점 4.2"
에이모바일_LTE_20,에이모바일,요금폭탄방지 매일 5GB+,17050,150.0,1,999,999,5Mbps,LTE,"정상가 49,500원, 할인 7개월, 평점 4.2"
모빙_LTE_53,모빙,[K] 데이터 일5GB+,17050,150.0,1,999,999,5Mbps,LTE,"정상가 51,700원, 할인 7개월, 평점 4.3"
아이즈모바일_LTE_54,아이즈모바일,[K]아이즈특판11GB+일2GB,37400,60.0,1,999,999,3Mbps,LTE,"3대 마트 상품권 2만원 증정, SOLO결합 데이터 20GB 지급, 평점 4.2"
스마텔_LTE_81,스마텔,CU 스위트 300분/15GB+,14000,15.0,1,300,300,3Mbps,LTE,"정상가 34,100원, 할인 7개월, 평점 4.2"
쉐이크모바일_LTE_27,쉐이크모바일,[모요only] 쉐이크 LTE 15GB+/300분_CU,14000,15.0,1,300,300,3Mbps,LTE,"정상가 34,100원, 할인 7개월, 매월 1천원 요금할인 (팝테일 가입·인증), CU 20% 오프라인 결제할인, 3대 마트 상품권 2만원, SOLO결합(+10GB), 데이터쿠폰 20GB, 평점 4.3"
이야기모바일_5G_07,이야기모바일,5G 함께이야기해S 무한 15GB,18700,15.0,1,999,999,무제한,5G,"네이버페이 5,000원, 평점 4.5"
아이즈모바일_LTE_55,아이즈모바일,[S]글로벌로밍100GB+,57200,100.0,1,999,999,5Mbps,LTE,"3대 마트 상품권 2만원 증정, 해외 130개국 로밍걱정 끝, SOLO결합 데이터 20GB 지급, 평점 4.2"
아이즈모바일_LTE_56,아이즈모바일,[K]글로벌로밍100GB+,57200,100.0,1,999,999,5Mbps,LTE,"해외 130개국 로밍걱정 끝, SOLO결합 데이터 20GB 지급, 평점 4.2"
에이모바일_LTE_21,에이모바일,A 올라잇 매일 5GB+,18150,150.0,1,999,999,5Mbps,LTE,"정상가 46,200원, 할인 7개월, 평점 4.2"
마블링_LTE_07,마블링,[모요only] 마블링 프라임 15GB+3Mbps 300분,14000,15.0,1,300,300,3Mbps,LTE,"정상가 35,900원, 할인 7개월, 평점 4.3"
스노우맨_LTE_09,스노우맨,데이터11GB+일2GB++(네이버페이),38500,60.0,1,999,999,3Mbps,LTE,평점 4
스노우맨_LTE_10,스노우맨,데이터11GB+일2GB++(기프티쇼),38500,60.0,1,999,999,3Mbps,LTE,평점 4
이지모바일_LTE_63,이지모바일,EG CU 데이터 15G+3/300분,14000,15.0,1,300,300,3Mbps,LTE,"정상가 33,000원, 할인 7개월, 5대 마트 상품권 2만원, 일반유심/배송비 무료, 평점 4.3"
이지모바일_LTE_64,이지모바일,EG 데이터 15G+3/300분(CU),14000,15.0,1,300,300,3Mbps,LTE,"정상가 33,000원, 할인 7개월, 5대 마트 상품권 2만원, 일반유심/배송비 무료, 평점 4.3"
티플러스_LTE_81,티플러스,가성비플러스(10GB/350분),100,10.0,1,350,100,무제한,LTE,"정상가 15,400원, 할인 7개월, 쇼핑엔티 홈쇼핑 3천원 쿠폰 12개월 증정, 평점 4.3"
KG모바일_LTE_30,KG모바일,[KG모바일 스페셜] 데이터 마음대로 (15GB+/300분),14080,15.0,1,300,300,3Mbps,LTE,"정상가 35,200원, 할인 7개월, 해피콘 상품권 5,000원, 유독 쿠폰(구글 AI Pro,도미노피자 할인), 평점 4.6"
슈가모바일_LTE_19,슈가모바일,슈가칩 15GB+300분,14090,15.0,1,300,300,3Mbps,LTE,"정상가 34,000원, 할인 7개월, 평점 4.6"
고고모바일_LTE_47,고고모바일,[모요only] 데이터 무제한 300분/15GB+3Mbps,14000,15.0,1,300,300,3Mbps,LTE,"정상가 31,900원, 할인 7개월, 3대 마트 상품권 2만원, 데이터쿠폰 20GB x 3회, 추가데이터 10GB 제공, KT유심&배송비 무료, 원스토리 3,000P 쿠폰 , 평점 4.2"
티플러스_LTE_82,티플러스,KT 15GB+(300분) (CU 매월 20%+올리브영 매월 7천원 상품권!),14000,15.0,1,300,300,3Mbps,LTE,"정상가 39,600원, 할인 7개월, 3대 마트 상품권 2만원 증정, CU 오프라인 점포 결제시 20% 할인 제공, 매월 카테고리 3종 중 택1 10% 할인권, 올리브영 7개월간 매월 3,000원 상품권, 올리브영 12개월간 매월 4,000원 상품권, 평점 4.3"
티플러스_LTE_83,티플러스,The 마음껏 매일5G＋(예스24 e북무료),18900,150.0,1,999,999,5Mbps,LTE,"정상가 46,200원, 할인 7개월, 평점 4.3"
스마텔_LTE_82,스마텔,스마트2 15GB+,14000,15.0,1,300,300,3Mbps,LTE,"정상가 34,100원, 할인 7개월, 평점 4.2"
이야기모바일_LTE_45,이야기모바일,이야기 스탠다드S 300분15GB+,14000,15.0,1,300,300,3Mbps,LTE,"정상가 36,300원, 할인 7개월, 네이버페이 5,000원, 평점 4.5"
이지모바일_LTE_65,이지모바일,이지 데이터 10GB,2990,10.0,1,300,100,무제한,LTE,"정상가 19,800원, 할인 6개월, 일반유심/배송비 무료, 평점 4.3"
찬스모바일_LTE_21,찬스모바일,음성 300분 15GB+3Mbps,15000,15.0,1,300,300,3Mbps,LTE,"정상가 33,000원, 할인 7개월, 유심/배송비 무료, 평점 4.5"
아이즈모바일_LTE_57,아이즈모바일,[K]울트라(300분/15GB),100,15.0,1,300,200,무제한,LTE,"정상가 25,300원, 할인 7개월, 3대 마트 상품권 2만원 증정, 평점 4.2"
시월모바일_LTE_27,시월모바일,시월 300분15GB+3Mbps,15000,15.0,1,300,300,3Mbps,LTE,"정상가 30,730원, 할인 7개월, 네이버페이 10,000원, 평점 4.5"
아이즈모바일_LTE_58,아이즈모바일,[L]쿠폰팩 7GB+_(7개월),24200,7.0,1,999,999,1Mbps,LTE,평점 4.2
이지모바일_LTE_66,이지모바일,이지 15G(300)+,16000,15.0,1,300,300,3Mbps,LTE,"정상가 31,900원, 할인 7개월, 일반유심/배송비 무료, 평점 4.3"
U+유모바일_LTE_39,U+유모바일,[평생할인] 5GB+/100분,11500,5.0,1,100,100,1Mbps,LTE,"가족결합시 Npay 10% 혜택(다모아 결합), 평점 4.4"
KG모바일_LTE_31,KG모바일,[일반] 실속 (10GB/300분),3300,10.0,1,300,100,무제한,LTE,"정상가 18,700원, 할인 6개월, 유독 쿠폰(구글 AI Pro,도미노피자 할인), 일반 유심/배송비 무료, 평점 4.6"
스마텔_LTE_83,스마텔,USIM 알뜰데이터2 15GB+,14000,15.0,1,300,300,3Mbps,LTE,"정상가 34,100원, 할인 7개월, 평점 4.2"
티플러스_LTE_84,티플러스,데이터마음껏 15GB＋＋(300분)(네이버페이 매월 5000P),16000,15.0,1,300,300,3Mbps,LTE,"정상가 39,600원, 할인 7개월, 매월 네이버페이 5,000P 쿠폰 증정!, 3대 마트 상품권 2만원 증정, 평점 4.3"
시월모바일_LTE_28,시월모바일,쿠폰팩베이직 300분15GB+,16000,15.0,1,300,300,3Mbps,LTE,"정상가 35,250원, 할인 7개월, 12개월간 월 5000원씩(네이버페이 가능), 평점 4.5"
U+유모바일_LTE_40,U+유모바일,[평생할인] 15GB+/300분,27450,15.0,1,300,300,3Mbps,LTE,"가족결합시 Npay 10% 혜택(다모아 결합), 우리결합시, 데이터 10GB 추가 증정, 평점 4.4"
고고모바일_LTE_48,고고모바일,고고100분/5GB+1Mbps,10890,5.0,1,100,100,1Mbps,LTE,"3대 마트 상품권 2만원, KT유심&배송비 무료, 원스토리 3,000P 쿠폰 , 평점 4.2"
아이즈모바일_LTE_59,아이즈모바일,[L]인터넷결합11GB+,44000,60.0,1,999,999,3Mbps,LTE,평점 4.2
아이즈모바일_LTE_60,아이즈모바일,[L]쿠폰팩 11GB+일2GB_(7개월),44000,60.0,1,999,999,3Mbps,LTE,평점 4.2
U+유모바일_LTE_41,U+유모바일,[올리브영 12만원] 15GB+/300분,28450,15.0,1,300,300,3Mbps,LTE,"가족결합시 Npay 10% 혜택(다모아 결합), 올리브영 12만원 혜택, 평점 4.4"
마블링_LTE_08,마블링,마블링 스탠다드 5GB+1Mbps,12100,5.0,1,100,100,1Mbps,LTE,"정상가 15,200원, 할인 6개월, 평점 4.3"
KT스카이라이프_LTE_59,KT스카이라이프,데이터 충분 15GB+/300분,27500,15.0,1,300,300,3Mbps,LTE,"기본 가입혜택 2만원, S-머니 6만원(매월 1만원씩 6개월간), 평점 4.5"
KT스카이라이프_LTE_60,KT스카이라이프,데이터 충분 15GB+/300분(CU),27500,15.0,1,300,300,3Mbps,LTE,"기본 가입혜택 2만원, S-머니 6만원(매월 1만원씩 6개월간), CU 연간 6만원 할인 평생 제공, 평점 4.5"
스노우맨_LTE_11,스노우맨,스노우맨데이터100GB+,69000,100.0,1,999,999,5Mbps,LTE,평점 4
아이즈모바일_LTE_61,아이즈모바일,[L]매일5GB+,26600,150.0,1,999,999,5Mbps,LTE,"정상가 53,000원, 할인 24개월, 평점 4.2"
시월모바일_LTE_29,시월모바일,쿠폰팩 300분15GB+,19000,15.0,1,300,300,3Mbps,LTE,"정상가 35,280원, 할인 7개월, 24개월간 월 5000원씩(네이버페이 가능), 평점 4.5"
U+유모바일_LTE_42,U+유모바일,다성비 (5GB+/100분),12900,5.0,1,100,100,1Mbps,LTE,"가족결합시 Npay 10% 혜택(다모아 결합), 매달 다이소 5천원 상품권 지급(12개월), 평점 4.4"
모빙_LTE_54,모빙,[L] 데이터 매일5GB+_24개월,27000,150.0,1,999,999,5Mbps,LTE,"정상가 53,900원, 할인 24개월, 평점 4.3"
슈가모바일_LTE_20,슈가모바일,Sugar 데이터많이 15GB+300분,20020,15.0,1,300,300,3Mbps,LTE,"정상가 33,000원, 할인 24개월, 평점 4.6"
모빙_LTE_55,모빙,모두다 막힘없이 일5GB+ 왓챠,27500,150.0,1,999,999,5Mbps,LTE,"정상가 58,300원, 할인 7개월, 평점 4.3"
KG모바일_LTE_32,KG모바일,[일반] 데이터 마음대로 (15GB+/300분)_24개월,20020,15.0,1,300,300,3Mbps,LTE,"정상가 35,200원, 할인 24개월, 일반 유심/배송비 무료, 유독 쿠폰(구글 AI Pro,도미노피자 할인), 평점 4.6"
모빙_LTE_56,모빙,[L] 100분15GB+_2y_plus,23000,15.0,1,100,100,3Mbps,LTE,평점 4.3
모빙_LTE_57,모빙,[S] 100분15GB+,23000,15.0,1,100,100,3Mbps,LTE,평점 4.3
아이즈모바일_LTE_62,아이즈모바일,[S]글로벌로밍11GB+,48400,60.0,1,999,999,3Mbps,LTE,"SOLO결합 데이터 20GB 지급, 해외 130개국 로밍걱정 끝, 평점 4.2"
아이즈모바일_LTE_63,아이즈모바일,[K]무한11GB+ Wavve,48400,60.0,1,999,999,3Mbps,LTE,"웨이브 무료 구독권 지급, 3대 마트 상품권 2만원 증정, SOLO결합 데이터 20GB 지급, 평점 4.2"
티플러스_LTE_85,티플러스,티플 가성비(300분/6GB)_평생요금,1900,6.0,1,300,300,무제한,LTE,평점 4.3
티플러스_LTE_86,티플러스,티플 가성비(300분/6GB)_평생요금,1900,6.0,1,300,300,무제한,LTE,"쇼핑엔티 홈쇼핑 3천원 쿠폰 12개월 증정, 평점 4.3"
아이즈모바일_LTE_64,아이즈모바일,[S]글로벌로밍7GB+,29700,7.0,1,999,999,1Mbps,LTE,"3대 마트 상품권 2만원 증정, 해외 130개국 로밍걱정 끝, SOLO결합 데이터 5GB 지급, 평점 4.2"
에이모바일_5G_04,에이모바일,A 5G 스마트 20GB/300분,1650,20.0,1,300,100,무제한,5G,"정상가 24,200원, 할인 7개월, 평점 4.2"
티플러스_5G_07,티플러스,5G 티플 15GB(15GB/300분),8800,15.0,1,300,100,무제한,5G,"정상가 22,000원, 할인 4개월, 평점 4.3"
이야기모바일_LTE_46,이야기모바일,이야기 스탠다드 300분15GB+,20900,15.0,1,300,300,3Mbps,LTE,"정상가 33,000원, 할인 7개월, 네이버페이 5,000원, 평점 4.5"
아이즈모바일_LTE_65,아이즈모바일,[K]글로벌로밍7GB+,30800,7.0,1,999,999,1Mbps,LTE,"3대 마트 상품권 2만원 증정, 해외 130개국 로밍걱정 끝, SOLO결합 데이터 5GB 지급, 평점 4.2"
아이즈모바일_LTE_66,아이즈모바일,[K]글로벌로밍11GB+,50600,60.0,1,999,999,3Mbps,LTE,"해외 130개국 로밍걱정 끝, SOLO결합 데이터 20GB 지급, 평점 4.2"
모나_LTE_17,모나,NA수다300데이터15GB+,21010,15.0,1,300,300,3Mbps,LTE,"정상가 34,100원, 할인 24개월,  NFC 유심 무료 제공, 4대 편의점 최대 10.1%적립, 평점 4.4"
에이모바일_LTE_22,에이모바일,A 스페셜 매일 5GB+ (24개월),31130,150.0,1,999,999,5Mbps,LTE,"정상가 55,000원, 할인 24개월, 평점 4.2"
스마텔_LTE_84,스마텔,스마트 300분/15GB+ (24개월),22000,15.0,1,300,300,3Mbps,LTE,"정상가 34,100원, 할인 24개월, 평점 4.2"
스노우맨_LTE_12,스노우맨,통화100분/데이터15GB++,26400,15.0,1,100,100,3Mbps,LTE,평점 4
KG모바일_LTE_33,KG모바일,[일반] 데이터 마음대로 (15GB+/300분),23100,15.0,1,300,300,3Mbps,LTE,"정상가 35,200원, 할인 12개월, 일반 유심/배송비 무료, 유독 쿠폰(구글 AI Pro,도미노피자 할인), 평점 4.6"
티플러스_LTE_87,티플러스,티플 데이터마음껏15G＋(100분),27500,15.0,1,100,100,3Mbps,LTE,평점 4.3
스노우맨_LTE_13,스노우맨,통화100분/데이터15GB++(밀리의서재),27500,15.0,1,100,100,3Mbps,LTE,평점 4
LG헬로모바일_LTE_20,LG헬로모바일,보편 안심 유심 5GB 100분,13500,5.0,1,100,100,1Mbps,LTE,"가입사은품 3만원, 구글 AI프로+도미노피자 할인쿠폰, 프레딧 쿠폰 2만원(5천원*4개월), 평점 4.7"
아이즈모바일_LTE_67,아이즈모바일,[L]그란데(300분/5GB),5000,5.0,1,300,100,무제한,LTE,"정상가 14,900원, 할인 24개월, 평점 4.2"
LG헬로모바일_LTE_21,LG헬로모바일,보편 안심 유심 15GB 300분,31900,15.0,1,300,300,3Mbps,LTE,"가입사은품 3만원, 구글 AI프로+도미노피자 할인쿠폰, 프레딧 쿠폰 2만원(5천원*4개월), 평점 4.7"
리브모바일_LTE_33,리브모바일,보이스피싱예방LTE15GB+(300분/300건),22200,15.0,1,300,300,3Mbps,LTE,"정상가 28,900원, 할인 12개월, 평점 4.3"
아이즈모바일_LTE_68,아이즈모바일,[K]아이즈특판100분/15GB+,28600,15.0,1,100,100,3Mbps,LTE,"3대 마트 상품권 2만원 증정, SOLO결합 데이터 10GB 지급, 평점 4.2"
KT스카이라이프_LTE_61,KT스카이라이프,데이터 충분 5GB+/100분,14300,5.0,1,100,100,1Mbps,LTE,"기본 가입혜택 2만원, S-머니 6만원(매월 1만원씩 6개월간), 평점 4.5"
스노우맨_LTE_14,스노우맨,통화100분/데이터15GB++(기프티쇼),29700,15.0,1,100,100,3Mbps,LTE,평점 4
스노우맨_LTE_15,스노우맨,통화100분/데이터15GB++(네이버페이),29700,15.0,1,100,100,3Mbps,LTE,평점 4
리브모바일_LTE_34,리브모바일,LTE 15GB+(300분/300건),24500,15.0,1,300,300,3Mbps,LTE,"정상가 28,900원, 할인 12개월, 평점 4.3"
스노우맨_LTE_16,스노우맨,모두기본데이터7GB+,36300,7.0,1,999,999,1Mbps,LTE,평점 4
SKT_5G_01,SKT,다이렉트5G 62(넷플릭스),62000,-1.0,1,999,999,무제한,5G,"넷플릭스 광고형 스탠다드 할인 제공, 티빙 광고형 스탠다드 제공 (12개월), 네이버웹툰 쿠키 30개 (12개월), T 우주패스, FLO 중 1개 할인, 네이버페이 월 3.3만 원 x 6개월, 첫 달 요금 네이버페이로 전액 환급, eSIM 수수료 비용 무료, T 멤버십 VIP 제공, 스마트기기 이용 요금 무료 (1회선), USIM 수수료 비용 무료, 평점 5"
SKT_5G_02,SKT,0청년 다이렉트62(넷플릭스),62000,-1.0,1,999,999,무제한,5G,"넷플릭스 광고형 스탠다드 할인 제공, 티빙 광고형 스탠다드 제공 (12개월), 네이버웹툰 쿠키 30개 (12개월), CGV 영화관람권 50% 할인 (월 1장), 네이버페이 월 3.3만 원 x 6개월, 첫 달 요금 네이버페이로 전액 환급, eSIM 수수료 비용 무료, 로밍 50% 할인, T 멤버십 VIP 제공, 커피 전문점 50% 할인 (월 1잔), 스마트기기 이용 요금 무료 (1회선), USIM 수수료 비용 무료, 평점 5"
SKT_5G_03,SKT,다이렉트5G 62,62000,-1.0,1,999,999,무제한,5G,"티빙 광고형 스탠다드 제공 (12개월), 네이버웹툰 쿠키 30개 (12개월), T 우주패스,FLO,Wavve 중 2개 할인, 네이버페이 월 3.3만 원 x 6개월, 첫 달 요금 네이버페이로 전액 환급, eSIM 수수료 비용 무료, T 멤버십 VIP 제공, 스마트기기 이용 요금 무료 (1회선), USIM 수수료 비용 무료, 평점 5"
SKT_5G_04,SKT,0 청년 다이렉트 62,62000,-1.0,1,999,999,무제한,5G,"티빙 광고형 스탠다드 제공 (12개월), 네이버웹툰 쿠키 30개 (12개월), CGV 영화관람권 50% 할인 (월 1장), 네이버페이 월 3.3만 원 x 6개월, 첫 달 요금 네이버페이로 전액 환급, eSIM 수수료 비용 무료, 로밍 50% 할인, T 멤버십 VIP 제공, 커피 전문점 50% 할인 (월 1잔), 스마트기기 이용 요금 무료 (1회선), USIM 수수료 비용 무료, 평점 5"
스마텔_5G_09,스마텔,5G 스위트 10GB,36300,10.0,1,999,999,1Mbps,5G,평점 4.2
이야기모바일_5G_08,이야기모바일,이야기K 5G 스페셜(지니뮤직),52800,200.0,1,999,999,무제한,5G,"네이버페이 5,000원, 평점 4.5"
리브모바일_LTE_35,리브모바일,LTE 실속 15GB+(300분),26100,15.0,1,300,300,3Mbps,LTE,"정상가 30,500원, 할인 12개월, 평점 4.3"
리브모바일_LTE_36,리브모바일,LTE 15GB+(300분)(CU할인),26100,15.0,1,300,300,3Mbps,LTE,"정상가 30,500원, 할인 12개월, 평점 4.3"
KT스카이라이프_LTE_62,KT스카이라이프,초슬림 500M/60분,1900,0.5,1,60,50,무제한,LTE,평점 4.5
아이즈모바일_LTE_69,아이즈모바일,[S]벤티(300분/7GB),100,7.0,1,300,100,무제한,LTE,"정상가 18,500원, 할인 12개월, 평점 4.2"
스노우맨_LTE_17,스노우맨,스노우맨100분15GB+,34100,15.0,1,100,100,3Mbps,LTE,평점 4
U+유모바일_LTE_43,U+유모바일,데이터 플러스 15GB(평생 +10GB 추가 제공 프로모션),21900,25.0,1,999,999,1Mbps,LTE,"매달 Npay 1.5만원(18만), 가족결합시 Npay 10% 혜택(다모아 결합), 우리결합시, 데이터 10GB 추가 증정, 추가 데이터 10GB, 평점 4.4"
티플러스_LTE_88,티플러스,티플 마음껏 매일5G＋_평생요금,31900,150.0,1,999,999,5Mbps,LTE,평점 4.3
모빙_LTE_58,모빙,[L] 데이터 매일5GB+_24개월,32000,150.0,1,999,999,5Mbps,LTE,평점 4.3
아이즈모바일_LTE_70,아이즈모바일,아이즈 (100분/5GB),1210,5.0,1,100,50,무제한,LTE,평점 4.2
티플러스_5G_08,티플러스,5G 티플 5GB(5GB/300분),2900,5.0,1,300,100,무제한,5G,"정상가 11,000원, 할인 4개월, 평점 4.3"
아이즈모바일_LTE_71,아이즈모바일,[L]쿠폰팩 100분/15GB+_(7개월),35200,15.0,1,100,100,3Mbps,LTE,평점 4.2
티플러스_5G_09,티플러스,5G 가성비플러스(10GB/350분),100,10.0,1,350,100,무제한,5G,"정상가 15,400원, 할인 6개월, 평점 4.3"
티플러스_LTE_89,티플러스,가성비플러스(10GB/350분),100,10.0,1,350,100,무제한,LTE,"정상가 15,400원, 할인 6개월, 평점 4.3"
SKT_5G_05,SKT,다이렉트5G 69(넷플릭스),69000,-1.0,1,999,999,무제한,5G,"넷플릭스 광고형 스탠다드 할인 제공, 티빙 광고형 스탠다드 제공 (12개월), 네이버웹툰 쿠키 30개 (12개월), 네이버페이 월 3.3만 원 x 6개월, 첫 달 요금 네이버페이로 전액 환급, eSIM 수수료 비용 무료, 스마트기기 이용 요금 무료 (2회선), T 멤버십 VIP 제공, USIM 수수료 비용 무료, 평점 5"
SKT_5G_06,SKT,0청년 다이렉트69(넷플릭스),69000,-1.0,1,999,999,무제한,5G,"넷플릭스 광고형 스탠다드 할인 제공, 티빙 광고형 스탠다드 제공 (12개월), 네이버웹툰 쿠키 30개 (12개월), CGV 영화관람권 50% 할인 (월 1장), 네이버페이 월 3.3만 원 x 6개월, 첫 달 요금 네이버페이로 전액 환급, eSIM 수수료 비용 무료, 로밍 50% 할인, 스마트기기 이용 요금 무료 (2회선), T 멤버십 VIP 제공, 커피 전문점 50% 할인 (월 1잔), USIM 수수료 비용 무료, 평점 5"
아이즈모바일_LTE_72,아이즈모바일,[K]CU&롯시 15GB+,13000,15.0,1,999,999,1Mbps,LTE,"정상가 35,200원, 할인 7개월, 매월 롯데시네마 관람권 지급, 3대 마트 상품권 2만원 증정, 매월 CU 결제 5천원 할인 혜택, SOLO결합 데이터 10GB 지급, 개통시 매월 10GB 데이터 추가 지급, 평점 4.2"
아이즈모바일_LTE_73,아이즈모바일,[K]롯시&밀리 15GB+,13000,15.0,1,999,999,1Mbps,LTE,"정상가 34,100원, 할인 7개월, 밀리의서재 구독권 평생 무료 제공, 매월 롯데시네마 관람권 지급, 3대 마트 상품권 2만원 증정, SOLO결합 데이터 10GB 지급, 개통시 매월 10GB 데이터 추가 지급, 평점 4.2"
에이모바일_LTE_23,에이모바일,A 올라잇 15GB+ 밀리의서재,13090,15.0,1,999,999,1Mbps,LTE,"정상가 24,200원, 할인 7개월, 평점 4.2"
에이모바일_LTE_24,에이모바일,A 스페셜 15GB+,13090,15.0,1,999,999,1Mbps,LTE,"정상가 28,600원, 할인 7개월, 평점 4.2"
아이즈모바일_LTE_74,아이즈모바일,[L]아이즈15GB+1Mbps,14000,15.0,1,999,999,1Mbps,LTE,"정상가 29,700원, 할인 7개월, 평점 4.2"
아이즈모바일_LTE_75,아이즈모바일,[K]올리브영 15GB+,14000,15.0,1,999,999,1Mbps,LTE,"정상가 30,800원, 할인 7개월, 3대 마트 상품권 2만원 증정, 올리브영 상품권 매달 5,000원 지급, SOLO결합 데이터 10GB 지급, 개통시 매월 10GB 데이터 추가 지급, 평점 4.2"
아이즈모바일_LTE_76,아이즈모바일,[K]다이소 15GB+,14000,15.0,1,999,999,1Mbps,LTE,"정상가 30,800원, 할인 7개월, 3대 마트 상품권 2만원 증정, 다이소 상품권 매달 5,000원 지급, SOLO결합 데이터 10GB 지급, 개통시 매월 10GB 데이터 추가 지급, 평점 4.2"
모빙_LTE_59,모빙,[L] 데이터 15GB+,14000,15.0,1,999,999,1Mbps,LTE,"정상가 33,000원, 할인 7개월, 평점 4.3"
U+유모바일_LTE_44,U+유모바일,[다이소 12만] 15GB(+10GB 추가 제공 프로모션),23800,25.0,1,999,999,1Mbps,LTE,"매달 Npay 1.5만원(18만), 가족결합시 Npay 10% 혜택(다모아 결합), 12만원 혜택(매월 다이소 5천원), 우리결합시, 데이터 10GB 추가 증정, 추가 데이터 10GB, 평점 4.4"
스마텔_LTE_85,스마텔,스위트2 15GB+(네이버페이),31900,15.0,1,300,300,3Mbps,LTE,"정상가 38,500원, 할인 36개월, 평점 4.2"
U+유모바일_LTE_45,U+유모바일,[쿠팡이츠 12만] 25GB+/통화기본,24000,25.0,1,999,999,1Mbps,LTE,"매달 Npay 1.5만원(18만), 가족결합시 Npay 10% 혜택(다모아 결합), 매달 쿠팡이츠 1만원(12만), 평점 4.4"
리브모바일_LTE_37,리브모바일,LTE 실속 15GB+(300분)NPay,29500,15.0,1,300,300,3Mbps,LTE,"정상가 33,900원, 할인 12개월, 평점 4.3"
모빙_5G_02,모빙,[S] 5G 300분6GB,5000,6.0,1,300,300,무제한,5G,평점 4.3
리브모바일_LTE_38,리브모바일,"더블업 LTE 25GB+ (15+10 24개월) / 평생가 22,000원 ",22000,25.0,1,999,999,1Mbps,LTE,"추가 데이터 10GB, 평점 4.3"
모빙_LTE_60,모빙,[K] 후후 안심 15GB+,15070,15.0,1,999,999,1Mbps,LTE,"정상가 31,900원, 할인 7개월, 평점 4.3"
모빙_LTE_61,모빙,[K] 밀리의서재 15GB+,15070,15.0,1,999,999,1Mbps,LTE,"정상가 31,900원, 할인 7개월, 평점 4.3"
모빙_LTE_62,모빙,[K] 데이터 15GB+,15070,15.0,1,999,999,1Mbps,LTE,"정상가 33,000원, 할인 7개월, 평점 4.3"
스마텔_LTE_86,스마텔,스위트2 15GB+(지니뮤직),33000,15.0,1,300,300,3Mbps,LTE,"정상가 38,500원, 할인 36개월, 평점 4.2"
마블링_LTE_09,마블링,마블링 스탠다드 1GB+1Mbps,110,1.0,1,100,100,1Mbps,LTE,"정상가 9,900원, 할인 6개월, 평점 4.3"
LG헬로모바일_LTE_22,LG헬로모바일,데이터 더주는 유심 15GB,22400,25.0,1,999,999,1Mbps,LTE,"가입사은품 3만원, 헬로모바일 결합시, 추가 데이터 10GB 증정, 구글 AI프로+도미노피자 할인쿠폰, 프레딧 쿠폰 2만원(5천원*4개월), 평점 4.7"
이야기모바일_LTE_47,이야기모바일,함께이야기해S(300분+10GB),9900,10.0,1,300,100,무제한,LTE,"정상가 15,400원, 할인 12개월, 네이버페이 5,000원, 평점 4.5"
아이즈모바일_LTE_77,아이즈모바일,[S]글로벌로밍100분/15GB+,38500,15.0,1,100,100,3Mbps,LTE,"해외 130개국 로밍걱정 끝, SOLO결합 데이터 10GB 지급, 평점 4.2"
아이즈모바일_LTE_78,아이즈모바일,세이브머니유심(기본제공/5GB+),6100,5.0,1,999,999,1Mbps,LTE,평점 4.2
모빙_LTE_63,모빙,[K] 다이소 15GB+,17050,15.0,1,999,999,1Mbps,LTE,"정상가 34,100원, 할인 7개월, 평점 4.3"
모빙_LTE_64,모빙,[K] CU편의점 15GB+,17050,15.0,1,999,999,1Mbps,LTE,"정상가 36,300원, 할인 7개월, 평점 4.3"
에이모바일_LTE_25,에이모바일,A 스마트 15GB,1100,15.0,1,999,999,무제한,LTE,"정상가 21,340원, 할인 7개월, 평점 4.2"
아이즈모바일_LTE_79,아이즈모바일,[K]글로벌로밍100분/15GB+,39600,15.0,1,100,100,3Mbps,LTE,"3대 마트 상품권 2만원 증정, 해외 130개국 로밍걱정 끝, SOLO결합 데이터 10GB 지급, 평점 4.2"
U+유모바일_LTE_46,U+유모바일,[평생할인] 5GB+/200분,12500,5.0,1,200,100,1Mbps,LTE,"가족결합시 Npay 10% 혜택(다모아 결합), 평점 4.4"
에이모바일_LTE_26,에이모바일,A 스마트 20GB,2200,20.0,1,999,999,무제한,LTE,"정상가 25,520원, 할인 7개월, 평점 4.2"
KG모바일_LTE_34,KG모바일,[평생할인] 데이터 마음대로 (10GB+/300분),5610,10.0,1,300,100,1Mbps,LTE,"유독 쿠폰(구글 AI Pro,도미노피자 할인), 평점 4.6"
LG헬로모바일_LTE_23,LG헬로모바일,슬림 유심 1GB 100분,2700,1.0,1,100,50,무제한,LTE,"프레딧 쿠폰 2만원(5천원*4개월), 평점 4.7"
LG헬로모바일_LTE_24,LG헬로모바일,쿠폰팩 데이터 더주는 유심 15GB,24800,25.0,1,999,999,1Mbps,LTE,"가입사은품 3만원, 헬로모바일 결합시, 추가 데이터 10GB 증정, 쿠폰팩 24개월(5천원*24개월) 제공, 구글 AI프로+도미노피자 할인쿠폰, 프레딧 쿠폰 2만원(5천원*4개월), 평점 4.7"
고고모바일_LTE_49,고고모바일,LTE200분/5GB+1M,11660,5.0,1,200,100,1Mbps,LTE,"3대 마트 상품권 2만원, KT유심&배송비 무료, 원스토리 3,000P 쿠폰 , 평점 4.2"
에이모바일_LTE_27,에이모바일,A 스페셜 15GB+ (24개월),19030,15.0,1,999,999,1Mbps,LTE,"정상가 28,600원, 할인 24개월, 평점 4.2"
티플러스_LTE_90,티플러스,티플 데이터마음껏10G(100분),100,10.0,1,100,100,1Mbps,LTE,"정상가 17,500원, 할인 7개월, 평점 4.3"
KG모바일_LTE_35,KG모바일,[평생할인] 데이터 마음대로 (5GB+/200분),3080,5.0,1,200,100,1Mbps,LTE,"유독 쿠폰(구글 AI Pro,도미노피자 할인), 평점 4.6"
티플러스_LTE_91,티플러스,티플 15GB(15GB/300분)_평생요금,7900,15.0,1,300,100,무제한,LTE,"쇼핑엔티 홈쇼핑 3천원 쿠폰 12개월 증정, 평점 4.3"
이지모바일_5G_08,이지모바일,[모요only] [5G]EG 심플 무제한 50GB+1,18900,50.0,1,999,999,1Mbps,5G,"정상가 45,100원, 할인 7개월, 5대 마트 상품권 2만원, 일반유심/배송비 무료, 평점 4.3"
에이모바일_LTE_28,에이모바일,A 갓성비 6GB/200분 9,1100,6.0,1,200,100,무제한,LTE,"정상가 9,900원, 할인 9개월, 평점 4.2"
이지모바일_5G_09,이지모바일,EG 5G 심플 50GB+,19800,50.0,1,999,999,1Mbps,5G,"정상가 45,100원, 할인 7개월, 5대 마트 상품권 2만원, 일반유심/배송비 무료, 평점 4.3"
에이모바일_5G_05,에이모바일,더 빠른 110GB+,34100,110.0,1,999,999,5Mbps,5G,"정상가 49,500원, 할인 7개월, 평점 4.2"
모빙_5G_03,모빙,[K] 5G 밀리의서재 110GB+,34100,110.0,1,999,999,5Mbps,5G,"정상가 61,600원, 할인 12개월, 평점 4.3"
모빙_5G_04,모빙,[K] 5G 데이터 110GB+,34100,110.0,1,999,999,5Mbps,5G,"정상가 66,000원, 할인 12개월, 평점 4.3"
모빙_LTE_65,모빙,쏙쏙 300분7GB,1100,7.0,1,300,100,무제한,LTE,"정상가 9,900원, 할인 7개월, 평점 4.3"
LG헬로모바일_LTE_25,LG헬로모바일,보편 안심 유심 5GB 200분,13900,5.0,1,200,100,1Mbps,LTE,"가입사은품 3만원, 구글 AI프로+도미노피자 할인쿠폰, 프레딧 쿠폰 2만원(5천원*4개월), 평점 4.7"
모빙_5G_05,모빙,[K] 5G 지니뮤직 110GB+,37400,110.0,1,999,999,5Mbps,5G,"정상가 66,000원, 할인 12개월, 평점 4.3"
모빙_LTE_66,모빙,[S] 100분1GB,2800,1.0,1,100,100,무제한,LTE,평점 4.3
스마텔_LTE_87,스마텔,스마일플러스(350분+7GB),100,7.0,1,350,100,무제한,LTE,"정상가 17,600원, 할인 7개월, 평점 4.2"
이야기모바일_LTE_48,이야기모바일,이야기K 데이터 15GB+(N Pay 5000P),30400,15.0,1,300,300,3Mbps,LTE,"네이버페이 5,000원, 평점 4.5"
스노우맨_LTE_18,스노우맨,스노우맨 일5GB+5Mbps,49500,150.0,1,999,999,5Mbps,LTE,평점 4
이야기모바일_LTE_49,이야기모바일,내맘대로 (50분+500MB),3300,0.5,1,50,50,무제한,LTE,"정상가 4,950원, 할인 12개월, 네이버페이 5,000원, 평점 4.5"
에이모바일_LTE_29,에이모바일,A 갓성비 6GB/200분 6,220,6.0,1,200,100,무제한,LTE,"정상가 10,450원, 할인 6개월, 평점 4.2"
U+유모바일_LTE_47,U+유모바일,[평생할인] 500MB/60분,3300,0.5,1,60,50,무제한,LTE,"가족결합시 Npay 10% 혜택(다모아 결합), 평점 4.4"
KG모바일_5G_01,KG모바일,[모빌카드 스페셜] 유심 5G 50GB+,25520,50.0,1,999,999,1Mbps,5G,"정상가 46,750원, 할인 7개월, 일반 유심/배송비 무료, 유독 쿠폰(구글 AI Pro,도미노피자 할인), 평점 4.6"
모빙_5G_06,모빙,[S] 5G 데이터 110GB+,42400,110.0,1,999,999,5Mbps,5G,"정상가 53,900원, 할인 24개월, 평점 4.3"
티플러스_LTE_92,티플러스,티플포유(1G/100분),3300,1.0,1,100,100,무제한,LTE,평점 4.3
U+유모바일_5G_05,U+유모바일,[평생할인] 5G 50GB+/통화기본,37850,50.0,1,999,999,1Mbps,5G,"가족결합시 Npay 10% 혜택(다모아 결합), 우리결합시, 데이터 10GB 추가 증정, 평점 4.4"
찬스모바일_5G_01,찬스모바일,5G 음성기본 50GB+,26070,50.0,1,999,999,1Mbps,5G,"정상가 42,900원, 할인 7개월, 유심/배송비 무료, 평점 4.5"
티플러스_5G_10,티플러스,5G 가성비플러스(5GB/350분)_평생요금,1900,5.0,1,350,100,무제한,5G,평점 4.3
U+유모바일_5G_06,U+유모바일,[올리브영 12만원] 5G 50GB+/통화기본,38850,50.0,1,999,999,1Mbps,5G,"가족결합시 Npay 10% 혜택(다모아 결합), 올리브영 12만원 혜택, 평점 4.4"
인스모바일_LTE_28,인스모바일,[평생할인]데이터 안심 5GB+(USIM),7150,5.0,1,200,100,1Mbps,LTE,평점 4.4
이야기모바일_LTE_50,이야기모바일,이야기 라이트 100분1GB+,5500,1.0,1,100,100,1Mbps,LTE,"정상가 9,900원, 할인 12개월, 네이버페이 5,000원, 평점 4.5"
슈가모바일_5G_03,슈가모바일,5G Sugar 통화마음대로 50GB+,27600,50.0,1,999,999,1Mbps,5G,"정상가 43,000원, 할인 7개월, 평점 4.6"
모빙_5G_07,모빙,[S] 5G 모빙 300분15GB,11000,15.0,1,300,100,무제한,5G,평점 4.3
모빙_5G_08,모빙,5G 쏙쏙 300분15GB,11000,15.0,1,300,100,무제한,5G,평점 4.3
마블링_5G_01,마블링,마블링 프라임(5G) 50GB+1Mbps,29400,50.0,1,999,999,1Mbps,5G,"정상가 45,900원, 할인 7개월, 평점 4.3"
모빙_LTE_67,모빙,실속 100분10GB+,6600,10.0,1,100,100,1Mbps,LTE,"정상가 22,000원, 할인 24개월, 평점 4.3"
KT스카이라이프_5G_06,KT스카이라이프,5G 모두 충분 50GB+,37900,50.0,1,999,999,1Mbps,5G,"기본 가입혜택 2만원, S-머니 12만원(매월 2만원씩 6개월간), 평점 4.5"
시월모바일_5G_01,시월모바일,시월5G 무제한 50GB+1Mbps,29100,50.0,1,999,999,1Mbps,5G,"정상가 41,200원, 할인 7개월, 평점 4.5"
고고모바일_5G_07,고고모바일,[모요only] 5G 무제한 50GB+1Mbps,30000,50.0,1,999,999,1Mbps,5G,"정상가 41,580원, 할인 12개월, 3대 마트 상품권 2만원, 추가데이터 10GB 제공, KT유심&배송비 무료, 원스토리 3,000P 쿠폰 , 평점 4.2"
인스모바일_LTE_29,인스모바일,실속 300분+3GB(USIM),1100,3.0,1,300,100,무제한,LTE,"정상가 17,600원, 할인 6개월, 평점 4.4"
고고모바일_5G_08,고고모바일,5G무제한 50GB+1Mbps,41580,50.0,1,999,999,1Mbps,5G,"3대 마트 상품권 2만원, 추가데이터 10GB 제공, KT유심&배송비 무료, 원스토리 3,000P 쿠폰 , 평점 4.2"
리브모바일_LTE_39,리브모바일,LTE 실속 5GB+(200분),17600,5.0,1,200,100,1Mbps,LTE,평점 4.3
이지모바일_5G_10,이지모바일,EG-5G레귤러 50G+,30420,50.0,1,999,999,1Mbps,5G,"정상가 47,250원, 할인 7개월, 일반유심/배송비 무료, 평점 4.3"
에이모바일_5G_06,에이모바일,A 5G 스마트 10GB/200분,110,10.0,1,200,100,무제한,5G,"정상가 13,200원, 할인 7개월, 평점 4.2"
에이모바일_LTE_30,에이모바일,A 스탠다드 10GB/200분,110,10.0,1,200,100,무제한,LTE,"정상가 17,600원, 할인 7개월, 평점 4.2"
에이모바일_LTE_31,에이모바일,A 스마트 10GB/100분,110,10.0,1,100,100,무제한,LTE,"정상가 12,100원, 할인 7개월, 평점 4.2"
아이즈모바일_LTE_80,아이즈모바일,세이브머니유심(100분/10GB+),100,10.0,1,100,100,1Mbps,LTE,"정상가 18,700원, 할인 6개월, 평점 4.2"
모빙_LTE_68,모빙,실속 100분10GB+,100,10.0,1,100,100,1Mbps,LTE,"정상가 22,000원, 할인 6개월, 평점 4.3"
LG헬로모바일_LTE_26,LG헬로모바일,슬림 유심 500MB 50분,1700,0.5,1,50,50,무제한,LTE,"프레딧 쿠폰 2만원(5천원*4개월), 평점 4.7"
찬스모바일_LTE_22,찬스모바일,음성 100분 1GB+,3520,1.0,1,100,100,1Mbps,LTE,"정상가 12,210원, 할인 6개월, 유심/배송비 무료, 평점 4.5"
아이즈모바일_LTE_81,아이즈모바일,[K]벤티(200분/10GB),900,10.0,1,200,100,무제한,LTE,"정상가 23,200원, 할인 12개월, 3대 마트 상품권 2만원 증정, 평점 4.2"
아이즈모바일_LTE_82,아이즈모바일,[K]그란데(300분/5GB),5550,5.0,1,300,100,무제한,LTE,"3대 마트 상품권 2만원 증정, 평점 4.2"
티플러스_LTE_93,티플러스,The 완전마음껏 15GB＋_평생요금,19000,15.0,1,999,999,1Mbps,LTE,평점 4.3
모빙_LTE_69,모빙,[L] 데이터 15GB+_2y_plus,19000,15.0,1,999,999,1Mbps,LTE,평점 4.3
KG모바일_LTE_36,KG모바일,[일반] 데이터 마음대로 (10GB+/200분)_12개월,1760,10.0,1,200,100,1Mbps,LTE,"정상가 26,400원, 할인 12개월, 일반 유심/배송비 무료, 유독 쿠폰(구글 AI Pro,도미노피자 할인), 평점 4.6"
스마텔_LTE_88,스마텔,LTE 음성무제한 5GB,100,5.0,1,999,200,무제한,LTE,"정상가 16,500원, 할인 7개월, 평점 4.2"
KG모바일_LTE_37,KG모바일,[일반] 데이터 마음대로 (1GB+/100분),3850,1.0,1,100,100,1Mbps,LTE,"정상가 15,400원, 할인 6개월, 일반 유심/배송비 무료, 유독 쿠폰(구글 AI Pro,도미노피자 할인), 평점 4.6"
핀다이렉트_5G_02,핀다이렉트,[L] 핀다이렉트Z Speed 50GB+,32000,50.0,1,999,999,1Mbps,5G,"정상가 42,900원, 할인 7개월, 평점 4.2"
KG모바일_5G_02,KG모바일,[일반] 유심 5G 50GB+,35530,50.0,1,999,999,1Mbps,5G,"정상가 46,750원, 할인 12개월, 일반 유심/배송비 무료, 유독 쿠폰(구글 AI Pro,도미노피자 할인), 평점 4.6"
아이즈모바일_LTE_83,아이즈모바일,[S]그란데(300분/5GB),6100,5.0,1,300,100,무제한,LTE,평점 4.2
에이모바일_LTE_32,에이모바일,A 갓성비 10GB/100분 9,2750,10.0,1,100,100,무제한,LTE,"정상가 12,100원, 할인 9개월, 평점 4.2"
인스모바일_LTE_30,인스모바일,데이터 안심 1GB+(USIM),4400,1.0,1,100,100,1Mbps,LTE,"정상가 13,200원, 할인 6개월, 평점 4.4"
아이즈모바일_LTE_84,아이즈모바일,[L]그란데(200분/6GB),6000,6.0,1,200,100,무제한,LTE,"정상가 15,900원, 할인 24개월, 평점 4.2"
인스모바일_LTE_31,인스모바일,[평생할인]인스 유심 음성 100분+1GB,2750,1.0,1,100,50,무제한,LTE,평점 4.4
아이즈모바일_LTE_85,아이즈모바일,아이즈 100분 10GB,3900,10.0,1,100,100,무제한,LTE,"정상가 14,300원, 할인 24개월, 3대 마트 상품권 2만원 증정, 평점 4.2"
티플러스_LTE_94,티플러스,티플 10GB(10GB/300분),8990,10.0,1,300,100,무제한,LTE,"3대 마트 상품권 2만원 증정, 평점 4.3"
리브모바일_5G_05,리브모바일,5G 무제한 50GB+(LGU+망),38000,50.0,1,999,999,1Mbps,5G,"정상가 42,400원, 할인 12개월, 평점 4.3"
스마텔_5G_10,스마텔,5G 스위트 50GB+,41800,50.0,1,999,999,1Mbps,5G,"정상가 47,300원, 할인 36개월, 평점 4.2"
스노우맨_LTE_19,스노우맨,데이터15GB+,25300,15.0,1,999,999,1Mbps,LTE,평점 4
이야기모바일_5G_09,이야기모바일,5G 함께이야기해S (200분+20GB),18700,20.0,1,200,100,무제한,5G,"네이버페이 5,000원, 평점 4.5"
에이모바일_5G_07,에이모바일,A 5G 갓성비 10GB/200분,3300,10.0,1,200,100,무제한,5G,"정상가 12,100원, 할인 6개월, 평점 4.2"
인스모바일_LTE_32,인스모바일,[평생할인]인스 유심 음성 60분+500MB,2620,0.5,1,60,50,무제한,LTE,평점 4.4
리브모바일_5G_06,리브모바일,5G 무제한 50GB+,39500,50.0,1,999,999,1Mbps,5G,"정상가 43,900원, 할인 12개월, 평점 4.3"
에이모바일_LTE_33,에이모바일,A 갓성비 10GB/100분,110,10.0,1,100,100,무제한,LTE,"정상가 13,200원, 할인 6개월, 평점 4.2"
모빙_LTE_70,모빙,실속 100분10GB,100,10.0,1,100,100,무제한,LTE,"정상가 19,000원, 할인 6개월, 평점 4.3"
찬스모바일_LTE_23,찬스모바일,실속 10GB+1Mbps,550,10.0,1,200,100,1Mbps,LTE,"정상가 14,300원, 할인 6개월, 유심/배송비 무료, 평점 4.5"
스마텔_5G_11,스마텔,5G 심플(350분+7GB),100,7.0,1,350,100,무제한,5G,"정상가 17,600원, 할인 6개월, 평점 4.2"
아이즈모바일_LTE_86,아이즈모바일,[L]무한15GB+1Mbps,29700,15.0,1,999,999,1Mbps,LTE,평점 4.2
찬스모바일_LTE_24,찬스모바일,100분 4.5GB,100,4.5,1,100,100,무제한,LTE,"정상가 3,300원, 할인 10개월, 평점 4.5"
스마텔_LTE_89,스마텔,후후 스마일 (200분/5GB+),15400,5.0,1,200,100,1Mbps,LTE,평점 4.2
찬스모바일_LTE_25,찬스모바일,[CHM] 음성 100분 6GB,100,6.0,1,100,100,무제한,LTE,"정상가 3,850원, 할인 9개월, 유심/배송비 무료, 평점 4.5"
스마텔_LTE_90,스마텔,스마일플러스 (100분+6GB),100,6.0,1,100,100,무제한,LTE,"정상가 9,900원, 할인 7개월, 평점 4.2"
아이즈모바일_5G_01,아이즈모바일,[S]5G 데이터110GB+,58100,110.0,1,999,999,5Mbps,5G,평점 4.2
SKT_5G_07,SKT,다이렉트5G 48,48000,110.0,1,999,999,5Mbps,5G,"티빙 광고형 스탠다드 제공 (12개월), 네이버웹툰 쿠키 30개 (12개월), 네이버페이 월 3.3만 원 x 6개월, 첫 달 요금 네이버페이로 전액 환급, eSIM 수수료 비용 무료, USIM 수수료 비용 무료, 평점 5"
고고모바일_LTE_50,고고모바일,LTE300분/5GB-데이터소진후 자동차단,13640,5.0,1,300,300,무제한,LTE,"3대 마트 상품권 2만원, KT유심&배송비 무료, 원스토리 3,000P 쿠폰 , 평점 4.2"
티플러스_LTE_95,티플러스,티플 데이터마음껏5G(100분),100,5.0,1,100,100,1Mbps,LTE,"정상가 11,550원, 할인 10개월, 평점 4.3"
티플러스_LTE_96,티플러스,티플포유(5G/100분),100,5.0,1,100,100,무제한,LTE,"정상가 8,800원, 할인 12개월, 평점 4.3"
에이모바일_LTE_34,에이모바일,A 갓성비 유독 5GB+ 7,330,5.0,1,100,100,1Mbps,LTE,"정상가 11,000원, 할인 7개월, 평점 4.2"
에이모바일_LTE_35,에이모바일,A 스마트 5GB/100분,330,5.0,1,100,100,무제한,LTE,"정상가 8,800원, 할인 12개월, 평점 4.2"
스노우맨_5G_01,스노우맨,스노우맨 5G 심플,66000,110.0,1,999,999,5Mbps,5G,평점 4
모빙_LTE_71,모빙,모빙 데이터 1GB+,11600,1.0,1,999,999,1Mbps,LTE,"정상가 19,000원, 할인 24개월, 평점 4.3"
SKT_5G_08,SKT,다이렉트5G 38,38000,15.0,1,999,999,1Mbps,5G,"티빙 광고형 스탠다드 제공 (6개월), 네이버웹툰 쿠키 30개 (6개월), 네이버페이 월 2만 원 x 3개월, eSIM 수수료 비용 무료, USIM 수수료 비용 무료, 평점 5"
U+유모바일_LTE_48,U+유모바일,[평생할인] 1GB+/100분,7900,1.0,1,100,100,1Mbps,LTE,"가족결합시 Npay 10% 혜택(다모아 결합), 평점 4.4"
이야기모바일_LTE_51,이야기모바일,[모요only] 내맘대로 (100분+1GB),5390,1.0,1,100,50,무제한,LTE,"네이버페이 5,000원, 평점 4.5"
스마텔_LTE_91,스마텔,USIM 심플 (100분 + 6GB),100,6.0,1,100,100,무제한,LTE,"정상가 9,900원, 할인 6개월, 평점 4.2"
고고모바일_5G_09,고고모바일,[모요only] 5G 200분/15GB,900,15.0,1,200,100,무제한,5G,"정상가 26,400원, 할인 7개월, 3대 마트 상품권 2만원, KT유심&배송비 무료, 평점 4.2"
LG헬로모바일_LTE_27,LG헬로모바일,보편 안심 유심 1GB 100분,7900,1.0,1,100,100,1Mbps,LTE,"가입사은품 3만원, 구글 AI프로+도미노피자 할인쿠폰, 프레딧 쿠폰 2만원(5천원*4개월), 평점 4.7"
이야기모바일_LTE_52,이야기모바일,내맘대로S(100+6GB),100,6.0,1,100,100,무제한,LTE,"정상가 11,000원, 할인 4개월, 네이버페이 5,000원, 평점 4.5"
모빙_LTE_72,모빙,실속 100분5GB+,4000,5.0,1,100,100,1Mbps,LTE,"정상가 14,000원, 할인 24개월, 평점 4.3"
이야기모바일_LTE_53,이야기모바일,내맘대로S(300+10GB),14300,10.0,1,300,300,무제한,LTE,"정상가 16,500원, 할인 12개월, 네이버페이 5,000원, 평점 4.5"
아이즈모바일_LTE_87,아이즈모바일,[K]벤티(300분/7GB),2600,7.0,1,300,100,무제한,LTE,"3대 마트 상품권 2만원 증정, 평점 4.2"
아이즈모바일_LTE_88,아이즈모바일,[K]그란데(200분/6GB),6000,6.0,1,200,100,무제한,LTE,"3대 마트 상품권 2만원 증정, 평점 4.2"
모빙_LTE_73,모빙,실속 100분10GB,7000,10.0,1,100,100,무제한,LTE,평점 4.3
아이즈모바일_LTE_89,아이즈모바일,[S]그란데(200분/6GB),6600,6.0,1,200,100,무제한,LTE,평점 4.2
티플러스_LTE_97,티플러스,티플 10GB(10GB/100분),7990,10.0,1,100,100,무제한,LTE,평점 4.3
티플러스_LTE_98,티플러스,티플 10GB(10GB/100분),7990,10.0,1,100,100,무제한,LTE,평점 4.3
모빙_5G_09,모빙,[S] 5G 모빙 300분20GB,15000,20.0,1,300,100,무제한,5G,평점 4.3
모빙_5G_10,모빙,5G 쏙쏙 300분20GB,15400,20.0,1,300,100,무제한,5G,평점 4.3
LG헬로모바일_LTE_28,LG헬로모바일,보편 안심 유심 10GB 200분,18900,10.0,1,200,100,1Mbps,LTE,"가입사은품 3만원, 구글 AI프로+도미노피자 할인쿠폰, 프레딧 쿠폰 2만원(5천원*4개월), 평점 4.7"
인스모바일_LTE_33,인스모바일,[평생할인]실속 300분+3GB(USIM),1870,3.0,1,300,100,무제한,LTE,평점 4.4
티플러스_LTE_99,티플러스,티플 10GB(10GB/200분),8500,10.0,1,200,100,무제한,LTE,평점 4.3
티플러스_LTE_100,티플러스,티플 10GB(10GB/200분),8500,10.0,1,200,100,무제한,LTE,평점 4.3
모빙_LTE_74,모빙,쏙쏙 100분(10GB),10200,10.0,1,100,100,무제한,LTE,평점 4.3
핀다이렉트_5G_03,핀다이렉트,[K] 핀다이렉트 Speed 30GB/200분,14000,30.0,1,200,100,무제한,5G,"정상가 29,700원, 할인 7개월, 3대 마트 상품권 2만원, 평점 4.2"
U+유모바일_LTE_49,U+유모바일,데이터 플러스 10GB(평생 +10GB 추가 제공 프로모션),19900,20.0,1,999,999,1Mbps,LTE,"매달 Npay 1.5만원(18만), 가족결합시 Npay 10% 혜택(다모아 결합), 우리결합시, 데이터 10GB 추가 증정, 추가 데이터 10GB, 평점 4.4"
아이즈모바일_LTE_90,아이즈모바일,세이브머니유심(200분/5GB+),100,5.0,1,200,100,1Mbps,LTE,"정상가 11,770원, 할인 7개월, 평점 4.2"
아이즈모바일_LTE_91,아이즈모바일,[S]아이즈특판10GB+1Mbps,13000,10.0,1,999,999,1Mbps,LTE,"정상가 20,900원, 할인 7개월, 2월 한정 신세계 상품권 10,000원 지급, SOLO결합 데이터 10GB 지급, 평점 4.2"
에이모바일_LTE_36,에이모바일,A 넥스트 10GB+,13000,10.0,1,999,999,1Mbps,LTE,"정상가 22,110원, 할인 7개월, 평점 4.2"
티플러스_LTE_101,티플러스,The 완전마음껏10G＋(예스24 e북무료),13000,10.0,1,999,999,1Mbps,LTE,"정상가 27,830원, 할인 7개월, 평점 4.3"
티플러스_LTE_102,티플러스, The 완전마음껏10G+(다이소 매월 5000P) ,13000,10.0,1,999,999,1Mbps,LTE,"정상가 27,830원, 할인 7개월, 12개월 간 다이소 상품권 5,000원 쿠폰, 평점 4.3"
아이즈모바일_LTE_92,아이즈모바일,[L]아이즈10GB+1Mbps,13000,10.0,1,999,999,1Mbps,LTE,"정상가 27,500원, 할인 7개월, 평점 4.2"
티플러스_LTE_103,티플러스,LG 10G+(컬쳐랜드 문화상품권 매월 5000P),13000,10.0,1,999,999,1Mbps,LTE,"정상가 27,830원, 할인 7개월, 컬쳐랜드 모바일상품권 5천원 증정(12개월), 평점 4.3"
티플러스_LTE_104,티플러스,The 완전마음껏10G+(카카오 이모티콘 플러스),13000,10.0,1,999,999,1Mbps,LTE,"정상가 27,830원, 할인 7개월, 카카오이모티콘 플러스 매월 무료 제공, 평점 4.3"
티플러스_LTE_105,티플러스,The 완전마음껏10G＋(올리브영 매월 5000P),13000,10.0,1,999,999,1Mbps,LTE,"정상가 27,830원, 할인 7개월, 올리브영 12개월간 매월 5,000원 상품권, 평점 4.3"
티플러스_LTE_106,티플러스,티플 SNOW 10GB+ [12개월간 SNOW앱 무료],13000,10.0,1,999,999,1Mbps,LTE,"정상가 27,500원, 할인 7개월, 평점 4.3"
티플러스_LTE_107,티플러스,티플 위드유 10GB＋(G car)_12개월할인,13000,10.0,1,999,999,1Mbps,LTE,"정상가 29,700원, 할인 12개월, 롯데렌터카 연간 패스 이용권, 평점 4.3"
티플러스_LTE_108,티플러스,The 완전마음껏 10GB＋,13000,10.0,1,999,999,1Mbps,LTE,"정상가 29,700원, 할인 7개월, 평점 4.3"
티플러스_LTE_109,티플러스,티플 위드유 10GB+ (G car+세차클링),13000,10.0,1,999,999,1Mbps,LTE,"정상가 29,700원, 할인 7개월, 롯데렌터카 연간 패스 이용권, 세차 클링 출장 세차 할인 쿠폰, 평점 4.3"
아이즈모바일_LTE_93,아이즈모바일,[K]올리브영 10GB+,13000,10.0,1,999,999,1Mbps,LTE,"정상가 28,600원, 할인 7개월, 3대 마트 상품권 2만원 증정, 올리브영 상품권 매달 5,000원 지급, 개통시 매월 10GB 데이터 추가 지급, SOLO결합 데이터 10GB 지급, 평점 4.2"
아이즈모바일_LTE_94,아이즈모바일,[K]다이소 10GB+,13000,10.0,1,999,999,1Mbps,LTE,"정상가 28,600원, 할인 7개월, 3대 마트 상품권 2만원 증정, 다이소 상품권 매달 5,000원 지급, 개통시 매월 10GB 데이터 추가 지급, SOLO결합 데이터 10GB 지급, 평점 4.2"
아이즈모바일_LTE_95,아이즈모바일,[K]롯시&밀리 10GB+,13000,10.0,1,999,999,1Mbps,LTE,"정상가 31,900원, 할인 7개월, 밀리의서재 구독권 평생 무료 제공, 매월 롯데시네마 관람권 지급, 3대 마트 상품권 2만원 증정, 2월 한정 올리브영 35,000원 지급, 개통시 매월 10GB 데이터 추가 지급, SOLO결합 데이터 10GB 지급, 평점 4.2"
아이즈모바일_LTE_96,아이즈모바일,[K]CU&롯시 10GB+,13000,10.0,1,999,999,1Mbps,LTE,"정상가 33,000원, 할인 7개월, 매월 롯데시네마 관람권 지급, 3대 마트 상품권 2만원 증정, 2월 한정 올리브영 35,000원 지급, 매월 CU 결제 5천원 할인 혜택, 개통시 매월 10GB 데이터 추가 지급, SOLO결합 데이터 10GB 지급, 평점 4.2"
아이즈모바일_LTE_97,아이즈모바일,[S]올리브영10GB+1Mbps,13000,10.0,1,999,999,1Mbps,LTE,"정상가 33,000원, 할인 7개월, 올리브영 상품권 매달 7,000원 지급, SOLO결합 데이터 10GB 지급, 평점 4.2"
티플러스_LTE_110,티플러스,티플 올리브영 10GB+ (매월 1만원 상품권),13000,10.0,1,999,999,1Mbps,LTE,"정상가 30,800원, 할인 7개월, 올리브영 12개월간 매월 7,000원 상품권, 올리브영 7개월간 매월 3,000원 상품권, 평점 4.3"
티플러스_LTE_111,티플러스,티플 10GB+(이디야커피),13000,10.0,1,999,999,1Mbps,LTE,"정상가 33,000원, 할인 7개월, 12개월간 이디야 모바일권 7,000원권 증정, 평점 4.3"
모빙_LTE_75,모빙,[S] 데이터 10GB+,13000,10.0,1,999,999,1Mbps,LTE,"정상가 33,000원, 할인 7개월, 평점 4.3"
모빙_LTE_76,모빙,[L] 데이터 10GB+,13000,10.0,1,999,999,1Mbps,LTE,"정상가 30,800원, 할인 7개월, 평점 4.3"
아이즈모바일_LTE_98,아이즈모바일,[S]이디야 화이트 10GB+,13000,10.0,1,999,999,1Mbps,LTE,"정상가 31,900원, 할인 7개월, 매월 이디야 6,000원 모바일 카드 지급, 평점 4.2"
티플러스_LTE_112,티플러스,티플 CGV 10GB＋,13000,10.0,1,999,999,1Mbps,LTE,"정상가 37,400원, 할인 7개월, CGV 2D영화 8천원 관람권 2매, CGV 스몰세트 교환권, 평점 4.3"
에이모바일_LTE_37,에이모바일,A 올라잇 10GB+ 밀리의서재,13090,10.0,1,999,999,1Mbps,LTE,"정상가 23,100원, 할인 7개월, 평점 4.2"
에이모바일_LTE_38,에이모바일,A 스페셜 10GB+,13090,10.0,1,999,999,1Mbps,LTE,"정상가 26,400원, 할인 7개월, 평점 4.2"
모빙_LTE_77,모빙,실속 데이터 1GB+,7000,1.0,1,999,999,1Mbps,LTE,평점 4.3
아이즈모바일_LTE_99,아이즈모바일,[S]벤티(200분/10GB),9900,10.0,1,200,100,무제한,LTE,평점 4.2
에이모바일_5G_08,에이모바일,A 5G 스페셜,39600,200.0,1,999,999,무제한,5G,"정상가 55,000원, 할인 7개월, 평점 4.2"
모빙_LTE_78,모빙,[K] 밀리의서재 10GB+,14080,10.0,1,999,999,1Mbps,LTE,"정상가 28,600원, 할인 7개월, 평점 4.3"
모빙_LTE_79,모빙,[K] 데이터 10GB+,14080,10.0,1,999,999,1Mbps,LTE,"정상가 30,800원, 할인 7개월, 평점 4.3"
모빙_5G_11,모빙,[K] 5G 데이터 200GB+,40700,200.0,1,999,999,무제한,5G,"정상가 70,400원, 할인 12개월, 평점 4.3"
모빙_5G_12,모빙,[K] 5G 밀리의서재 200GB+,40700,200.0,1,999,999,무제한,5G,"정상가 70,400원, 할인 12개월, 평점 4.3"
리브모바일_LTE_40,리브모바일,"더블업 LTE 20GB+ (10+10 24개월) / 평생가 20,000원 ",20000,20.0,1,999,999,1Mbps,LTE,"추가 데이터 10GB, 평점 4.3"
모빙_LTE_80,모빙,[K] CU편의점 10GB+,16060,10.0,1,999,999,1Mbps,LTE,"정상가 29,700원, 할인 7개월, 평점 4.3"
모빙_LTE_81,모빙,[K] 다이소 10GB+,16060,10.0,1,999,999,1Mbps,LTE,"정상가 30,800원, 할인 7개월, 평점 4.3"
아이즈모바일_LTE_100,아이즈모바일,세이브머니유심(기본제공/1GB+),8030,1.0,1,999,999,1Mbps,LTE,평점 4.2
아이즈모바일_LTE_101,아이즈모바일,[S]무한10GB+,16900,10.0,1,999,999,1Mbps,LTE,"정상가 35,200원, 할인 24개월, SOLO결합 데이터 10GB 지급, 평점 4.2"
LG헬로모바일_LTE_29,LG헬로모바일,데이터 더주는 10GB,20500,20.0,1,999,999,1Mbps,LTE,"가입사은품 3만원, 헬로모바일 결합시, 추가 데이터 10GB 증정, 구글 AI프로+도미노피자 할인쿠폰, 프레딧 쿠폰 2만원(5천원*4개월), 평점 4.7"
아이즈모바일_LTE_102,아이즈모바일,[S]OK캐쉬백 10GB+,17000,10.0,1,999,999,1Mbps,LTE,"정상가 31,900원, 할인 7개월, SOLO결합 데이터 10GB 지급, 평점 4.2"
티플러스_LTE_113,티플러스,통화안심 5GB,100,5.0,1,999,100,무제한,LTE,"정상가 13,750원, 할인 7개월, 평점 4.3"
핀다이렉트_LTE_20,핀다이렉트,[K] DIGITAL DETOX 3GB 챌린지,330,3.0,1,100,100,무제한,LTE,"정상가 8,800원, 할인 7개월, 3대 마트 상품권 2만원, 평점 4.2"
에이모바일_LTE_39,에이모바일,A 스페셜 10GB+ (24개월),18040,10.0,1,999,999,1Mbps,LTE,"정상가 26,400원, 할인 24개월, 평점 4.2"
핀다이렉트_LTE_21,핀다이렉트,[S] DIGITAL DETOX 3GB 챌린지,330,3.0,1,100,100,무제한,LTE,"정상가 8,800원, 할인 7개월, 평점 4.2"
이야기모바일_LTE_54,이야기모바일,내맘대로 차단형 (50분+500MB),4950,0.5,1,50,50,무제한,LTE,"네이버페이 5,000원, 평점 4.5"
모빙_5G_13,모빙,5G 200GB+ 지니뮤직,44000,200.0,1,999,999,무제한,5G,"정상가 73,700원, 할인 12개월, 평점 4.3"
모빙_5G_14,모빙,[S] 5G 모빙 500분15GB,12000,15.0,1,500,100,무제한,5G,평점 4.3
티플러스_LTE_114,티플러스,가성비플러스(20GB/350분),6900,20.0,1,350,100,무제한,LTE,"정상가 29,700원, 할인 7개월, 3대 마트 상품권 2만원 증정, 평점 4.3"
티플러스_5G_11,티플러스,5G 가성비플러스(20GB/350분),6900,20.0,1,350,100,무제한,5G,"정상가 29,700원, 할인 7개월, 3대 마트 상품권 2만원 증정, 평점 4.3"
LG헬로모바일_LTE_30,LG헬로모바일,쿠폰팩 데이터 더주는 유심 10GB,22900,20.0,1,999,999,1Mbps,LTE,"가입사은품 3만원, 헬로모바일 결합시, 추가 데이터 10GB 증정, 쿠폰팩 24개월(5천원*24개월) 제공, 구글 AI프로+도미노피자 할인쿠폰, 프레딧 쿠폰 2만원(5천원*4개월), 평점 4.7"
핀다이렉트_LTE_22,핀다이렉트,[L] DIGITAL DETOX 3GB 챌린지,330,3.0,1,100,100,무제한,LTE,"정상가 8,800원, 할인 7개월, 평점 4.2"
모빙_5G_15,모빙,[K] 5G 200분20GB,8800,20.0,1,200,100,무제한,5G,"정상가 34,100원, 할인 7개월, 평점 4.3"
에이모바일_5G_09,에이모바일,5G 슬림,24200,10.0,1,999,999,1Mbps,5G,"정상가 39,600원, 할인 7개월, 평점 4.2"
이야기모바일_LTE_55,이야기모바일,이야기 6GB 100분,5500,6.0,1,100,100,무제한,LTE,"정상가 11,000원, 할인 6개월, 네이버페이 5,000원, 평점 4.5"
에이모바일_LTE_40,에이모바일,A 갓성비 1GB/100분,550,1.0,1,100,50,무제한,LTE,"정상가 3,960원, 할인 6개월, 평점 4.2"
리브모바일_5G_07,리브모바일,5G 든든 6GB,15500,6.0,1,999,999,무제한,5G,"정상가 19,900원, 할인 12개월, 평점 4.3"
모빙_LTE_82,모빙,[S] 300분5GB,100,5.0,1,300,300,무제한,LTE,"정상가 20,000원, 할인 12개월, 평점 4.3"
U+유모바일_LTE_50,U+유모바일,[평생할인] 6GB/통화기본,9500,6.0,1,999,999,무제한,LTE,"가족결합시 Npay 10% 혜택(다모아 결합), 평점 4.4"
아이즈모바일_LTE_103,아이즈모바일,[S]아이즈특판300분/15GB+,14000,15.0,1,300,300,3Mbps,LTE,"정상가 29,900원, 할인 7개월, 2월 한정 신세계 상품권 10,000원 지급, SOLO결합 데이터 10GB 지급, 평점 4.2"
에이모바일_LTE_41,에이모바일,A 넥스트 15GB+/300분,14000,15.0,1,300,300,3Mbps,LTE,"정상가 32,010원, 할인 7개월, 평점 4.2"
티플러스_LTE_115,티플러스, The 데이터마음껏15G+(300분)(다이소 매월 5000P) ,14000,15.0,1,300,300,3Mbps,LTE,"정상가 33,000원, 할인 7개월, 12개월 간 다이소 상품권 5,000원 쿠폰, 평점 4.3"
티플러스_LTE_116,티플러스,LG 15G+(300분)(컬쳐랜드 문화상품권 매월 5000P),14000,15.0,1,300,300,3Mbps,LTE,"정상가 33,000원, 할인 7개월, 컬쳐랜드 모바일상품권 5천원 증정(12개월), 평점 4.3"
티플러스_LTE_117,티플러스,The 완전마음껏15G+(300분)(카카오 이모티콘 플러스),14000,15.0,1,300,300,3Mbps,LTE,"정상가 33,000원, 할인 7개월, 카카오이모티콘 플러스 매월 무료 제공, 평점 4.3"
티플러스_LTE_118,티플러스,The 데이터마음껏15G＋(300분)(올리브영 매월 5000P),14000,15.0,1,300,300,3Mbps,LTE,"정상가 33,000원, 할인 7개월, 올리브영 12개월간 매월 5,000원 상품권, 평점 4.3"
티플러스_LTE_119,티플러스, 티플 SNOW 15GB+(300분) [12개월간 SNOW앱 무료],14000,15.0,1,300,300,3Mbps,LTE,"정상가 35,200원, 할인 7개월, SNOW 앱 VIP 월 구독권, 평점 4.3"
스마텔_LTE_92,스마텔,USIM 스위트 심플(200분+7GB),2200,7.0,1,200,100,무제한,LTE,"정상가 12,100원, 할인 7개월, 평점 4.2"
티플러스_LTE_120,티플러스,The 데이터마음껏 15GB＋(300분),14000,15.0,1,300,300,3Mbps,LTE,"정상가 37,400원, 할인 7개월, 평점 4.3"
티플러스_LTE_121,티플러스,티플 올리브영 15GB+(300분) (매월 1만원 상품권),14000,15.0,1,300,300,3Mbps,LTE,"정상가 38,500원, 할인 7개월, 올리브영 7개월간 매월 3,000원 상품권, 올리브영 12개월간 매월 7,000원 상품권, 평점 4.3"
티플러스_LTE_122,티플러스,티플 위드유 15GB+(300분) (G car+세차클링),14000,15.0,1,300,300,3Mbps,LTE,"정상가 37,400원, 할인 7개월, 롯데렌터카 연간 패스 이용권, 세차 클링 출장 세차 할인 쿠폰, 평점 4.3"
U+유모바일_LTE_51,U+유모바일,[올리브영 12만원] 6GB/통화기본,10500,6.0,1,999,999,무제한,LTE,"가족결합시 Npay 10% 혜택(다모아 결합), 올리브영 12만원 혜택, 평점 4.4"
아이즈모바일_LTE_104,아이즈모바일,[K]CU&롯시 300분/15GB+,14000,15.0,1,300,300,3Mbps,LTE,"정상가 41,800원, 할인 7개월, 매월 롯데시네마 관람권 지급, 3대 마트 상품권 2만원 증정, 매월 CU 결제 5천원 할인 혜택, 2월 한정 올리브영 35,000원 지급, SOLO결합 데이터 10GB 지급, 평점 4.2"
티플러스_LTE_123,티플러스,티플 15GB+(300분)(이디야커피),14000,15.0,1,300,300,3Mbps,LTE,"정상가 40,700원, 할인 7개월, 12개월간 이디야 모바일권 7,000원권 증정, 평점 4.3"
아이즈모바일_LTE_105,아이즈모바일,[K]다이소 300분/15GB+,14000,15.0,1,300,300,3Mbps,LTE,"정상가 39,600원, 할인 7개월, 3대 마트 상품권 2만원 증정, 다이소 상품권 매달 5,000원 지급, SOLO결합 데이터 10GB 지급, 평점 4.2"
아이즈모바일_LTE_106,아이즈모바일,[K]올리브영 300분/15GB+,14000,15.0,1,300,300,3Mbps,LTE,"정상가 39,600원, 할인 7개월, 3대 마트 상품권 2만원 증정, 올리브영 상품권 매달 5,000원 지급, SOLO결합 데이터 10GB 지급, 평점 4.2"
모빙_LTE_83,모빙,[S] 300분15GB+,14000,15.0,1,300,300,3Mbps,LTE,"정상가 40,700원, 할인 7개월, 평점 4.3"
아이즈모바일_LTE_107,아이즈모바일,[S]이디야 블루 15GB+/300분,14000,15.0,1,300,300,3Mbps,LTE,"정상가 41,800원, 할인 7개월, 매월 이디야 6,000원 모바일 카드 지급, 평점 4.2"
티플러스_LTE_124,티플러스,티플 CGV 15GB＋(300분),14000,15.0,1,300,300,3Mbps,LTE,"정상가 46,200원, 할인 7개월, CGV 2D영화 8천원 관람권 2매, CGV 스몰세트 교환권, 평점 4.3"
에이모바일_LTE_42,에이모바일,A 스페셜 15GB+/300분,14080,15.0,1,300,300,3Mbps,LTE,"정상가 30,800원, 할인 7개월, 평점 4.2"
에이모바일_LTE_43,에이모바일,A 올라잇 15GB+/300분,14080,15.0,1,300,300,3Mbps,LTE,"정상가 37,400원, 할인 7개월, 평점 4.2"
모빙_LTE_84,모빙,[K] CU편의점 300분15GB+,14080,15.0,1,300,300,3Mbps,LTE,"정상가 45,100원, 할인 7개월, 평점 4.3"
모빙_LTE_85,모빙,[K] 300분15GB+,14080,15.0,1,300,300,3Mbps,LTE,"정상가 44,000원, 할인 7개월, 평점 4.3"
인스모바일_5G_01,인스모바일,인스 유심 스피드(5G) 음성200분+7GB,110,7.0,1,200,100,무제한,5G,"정상가 23,100원, 할인 6개월, 평점 4.4"
모빙_LTE_86,모빙,[L] 데이터 10GB+_2y_plus,18000,10.0,1,999,999,1Mbps,LTE,평점 4.3
아이즈모바일_LTE_108,아이즈모바일,[L]스페셜300분/15GB+,16000,15.0,1,300,300,3Mbps,LTE,"정상가 34,100원, 할인 7개월, 평점 4.2"
에이모바일_LTE_44,에이모바일,A 올라잇 15GB+/300분 네이버페이,16060,15.0,1,300,300,3Mbps,LTE,"정상가 40,700원, 할인 7개월, 평점 4.2"
이야기모바일_LTE_56,이야기모바일,내맘대로S(200+10GB),11000,10.0,1,200,200,무제한,LTE,"정상가 15,400원, 할인 12개월, 네이버페이 5,000원, 평점 4.5"
모빙_LTE_87,모빙,[S] 데이터 10GB+,19200,10.0,1,999,999,1Mbps,LTE,평점 4.3
스마텔_5G_12,스마텔,5G스마트플러스(100분 + 3GB),3000,3.0,1,100,100,무제한,5G,"정상가 9,000원, 할인 12개월, 평점 4.2"
모빙_LTE_88,모빙,실속 300분15GB+,17000,15.0,1,300,300,3Mbps,LTE,"정상가 40,000원, 할인 7개월, 평점 4.3"
스마텔_LTE_93,스마텔,USIM 심플 (100분 + 3GB),1900,3.0,1,100,100,무제한,LTE,"정상가 5,500원, 할인 6개월, 평점 4.2"
티플러스_LTE_125,티플러스,티플 위드유 15GB＋(300분)(G car)_12개월할인,17900,15.0,1,300,300,3Mbps,LTE,"정상가 37,400원, 할인 12개월, 롯데렌터카 연간 패스 이용권, 평점 4.3"
아이즈모바일_LTE_109,아이즈모바일,[K]아이즈특판10GB+,22000,10.0,1,999,999,1Mbps,LTE,"3대 마트 상품권 2만원 증정, SOLO결합 데이터 10GB 지급, 평점 4.2"
스마텔_LTE_94,스마텔,후후 심플 (100분 + 3GB),2230,3.0,1,100,100,무제한,LTE,"정상가 5,830원, 할인 6개월, 평점 4.2"
아이즈모바일_LTE_110,아이즈모바일,아이즈 (10GB/100분),21900,10.0,1,100,100,무제한,LTE,평점 4.2
티플러스_LTE_126,티플러스,The 데이터마음껏15G＋(300분)(예스24 e북무료),18900,15.0,1,300,300,3Mbps,LTE,"정상가 33,000원, 할인 7개월, 평점 4.3"
아이즈모바일_LTE_111,아이즈모바일,[S]OK캐쉬백 300분/15GB+,19000,15.0,1,300,300,3Mbps,LTE,"정상가 41,800원, 할인 7개월, SOLO결합 데이터 10GB 지급, 평점 4.2"
스노우맨_LTE_20,스노우맨,데이터10GB+,23100,10.0,1,999,999,1Mbps,LTE,평점 4
에이모바일_LTE_45,에이모바일,A 스페셜 15GB+/300분 (24개월),20020,15.0,1,300,300,3Mbps,LTE,"정상가 30,800원, 할인 24개월, 평점 4.2"
모빙_LTE_89,모빙,[L] 라운지프리 300분15GB+,20000,15.0,1,300,300,3Mbps,LTE,"정상가 41,000원, 할인 24개월, 평점 4.3"
LG헬로모바일_5G_02,LG헬로모바일,5G 유심 통화 맘편히 6GB,11950,6.0,1,999,999,무제한,5G,"가입사은품 3만원, 구글 AI프로+도미노피자 할인쿠폰, 프레딧 쿠폰 2만원(5천원*4개월), 평점 4.7"
티플러스_LTE_127,티플러스,티플 15G＋(300분)_24개월 할인,21000,15.0,1,300,300,3Mbps,LTE,"정상가 33,000원, 할인 24개월, 평점 4.3"
아이즈모바일_LTE_112,아이즈모바일,[L]무한300분/15GB+,21000,15.0,1,300,300,3Mbps,LTE,"정상가 36,900원, 할인 24개월, 평점 4.2"
아이즈모바일_LTE_113,아이즈모바일,아이즈 100분 5GB,90,5.0,1,100,150,무제한,LTE,"정상가 9,900원, 할인 12개월, 3대 마트 상품권 2만원 증정, 평점 4.2"
아이즈모바일_LTE_114,아이즈모바일,세이브머니유심(100분/5GB+),5900,5.0,1,100,100,1Mbps,LTE,평점 4.2
아이즈모바일_LTE_115,아이즈모바일,[L]무한10GB+1Mbps,27500,10.0,1,999,999,1Mbps,LTE,평점 4.2
스마텔_LTE_95,스마텔,LTE 음성무제한 15GB,6800,15.0,1,999,200,무제한,LTE,"정상가 23,100원, 할인 7개월, 평점 4.2"
아이즈모바일_LTE_116,아이즈모바일,[K]무한10GB+1Mbps,28600,10.0,1,999,999,1Mbps,LTE,"3대 마트 상품권 2만원 증정, SOLO결합 데이터 10GB 지급, 평점 4.2"
이야기모바일_LTE_57,이야기모바일,내맘대로S(100+3GB),4400,3.0,1,100,100,무제한,LTE,"정상가 7,700원, 할인 12개월, 네이버페이 5,000원, 평점 4.5"
아이즈모바일_LTE_117,아이즈모바일,[S]무한300분/15GB+,23500,15.0,1,300,300,3Mbps,LTE,"정상가 36,300원, 할인 24개월, SOLO결합 데이터 10GB 지급, 평점 4.2"
모빙_LTE_90,모빙,[S] 200분5GB+,14300,5.0,1,200,100,1Mbps,LTE,"정상가 19,800원, 할인 24개월, 평점 4.3"
스마텔_LTE_96,스마텔,스마일플러스(100분+3GB),2860,3.0,1,100,100,무제한,LTE,"정상가 5,500원, 할인 5개월, 평점 4.2"
스마텔_5G_13,스마텔,5G 스마일 플러스 (100분+3GB),2950,3.0,1,100,100,무제한,5G,"정상가 9,000원, 할인 5개월, 평점 4.2"
스마텔_LTE_97,스마텔,LTE 음성무제한 20GB,6400,20.0,1,999,200,무제한,LTE,"정상가 25,300원, 할인 7개월, 평점 4.2"
스마텔_LTE_98,스마텔,후후 플러스 (100분+3GB),3190,3.0,1,100,100,무제한,LTE,"정상가 5,830원, 할인 5개월, 평점 4.2"
스마텔_5G_14,스마텔,5G 스마일플러스(350분+7GB),4400,7.0,1,350,100,무제한,5G,"정상가 17,600원, 할인 5개월, 평점 4.2"
U+유모바일_5G_07,U+유모바일,[평생할인] 5G 15GB/200분,17900,15.0,1,200,100,무제한,5G,"가족결합시 Npay 10% 혜택(다모아 결합), 평점 4.4"
찬스모바일_LTE_26,찬스모바일,[CHM] 음성 200분 5GB,100,5.0,1,200,100,무제한,LTE,"정상가 3,850원, 할인 9개월, 유심/배송비 무료, 평점 4.5"
모빙_LTE_91,모빙,[S] 데이터 7GB,100,7.0,1,999,200,무제한,LTE,"정상가 22,000원, 할인 7개월, 평점 4.3"
스마텔_LTE_99,스마텔,스마일플러스 (200분+5GB),100,5.0,1,200,100,무제한,LTE,"정상가 9,900원, 할인 7개월, 평점 4.2"
티플러스_LTE_128,티플러스,가성비플러스(20GB/350분)_평생요금,10900,20.0,1,350,100,무제한,LTE,"3대 마트 상품권 2만원 증정, 평점 4.3"
찬스모바일_LTE_27,찬스모바일,음성 200분 6GB+,100,6.0,1,200,100,1Mbps,LTE,"정상가 9,900원, 할인 7개월, 유심/배송비 무료, 평점 4.5"
고고모바일_5G_10,고고모바일,5G200분/15GB,20790,15.0,1,200,100,무제한,5G,"3대 마트 상품권 2만원, KT유심&배송비 무료, 원스토리 3,000P 쿠폰 , 평점 4.2"
아이즈모바일_LTE_118,아이즈모바일,[S]울트라(200분/20GB),9900,20.0,1,200,100,무제한,LTE,평점 4.2
스노우맨_LTE_21,스노우맨,통화300분/데이터15GB++,28600,15.0,1,300,300,3Mbps,LTE,평점 4
티플러스_LTE_129,티플러스,티플 10GB(10GB/300분)_평생요금,4900,10.0,1,300,100,무제한,LTE,평점 4.3
티플러스_LTE_130,티플러스,티플 데이터마음껏15G＋(300분),29700,15.0,1,300,300,3Mbps,LTE,평점 4.3
스마텔_5G_15,스마텔,5G 음성무제한 5GB,5800,5.0,1,999,200,무제한,5G,평점 4.2
아이즈모바일_LTE_119,아이즈모바일,[K]아이즈특판300분/15GB+,30800,15.0,1,300,300,3Mbps,LTE,"3대 마트 상품권 2만원 증정, SOLO결합 데이터 10GB 지급, 평점 4.2"
스노우맨_5G_02,스노우맨,스노우맨 5G 슬림,55000,10.0,1,999,999,1Mbps,5G,평점 4
스노우맨_LTE_22,스노우맨,통화300분/데이터15GB++(기프티쇼),31900,15.0,1,300,300,3Mbps,LTE,평점 4
스노우맨_LTE_23,스노우맨,통화300분/데이터15GB++(네이버페이),31900,15.0,1,300,300,3Mbps,LTE,평점 4
에이모바일_5G_10,에이모바일,A 5G 스페셜 레귤러,25600,50.0,1,999,999,1Mbps,5G,"정상가 43,200원, 할인 7개월, 평점 4.2"
KT_5G_12,KT,요고 38,38000,25.0,1,999,999,1Mbps,5G,평점 3.9
스마텔_LTE_100,스마텔,USIM 심플 (200분 + 5GB),100,5.0,1,200,100,무제한,LTE,"정상가 9,900원, 할인 6개월, 평점 4.2"
인스모바일_5G_02,인스모바일,인스 유심 스피드(5G) 음성200분+5GB,330,5.0,1,200,100,무제한,5G,"정상가 19,800원, 할인 6개월, 평점 4.4"
스노우맨_LTE_24,스노우맨,스노우맨300분15GB+,36300,15.0,1,300,300,3Mbps,LTE,평점 4
모빙_5G_16,모빙,[K] 5G 데이터 50GB+,31020,50.0,1,999,999,1Mbps,5G,"정상가 57,200원, 할인 12개월, 평점 4.3"
이야기모바일_5G_10,이야기모바일,내맘대로(100분+6GB)(5G),8800,6.0,1,100,100,무제한,5G,"네이버페이 5,000원, 평점 4.5"
이야기모바일_5G_11,이야기모바일,5G 함께이야기해S (200분+15GB),14900,15.0,1,200,100,무제한,5G,"네이버페이 5,000원, 평점 4.5"
아이즈모바일_LTE_120,아이즈모바일,[S]울트라(300분/30GB),11900,30.0,1,300,100,무제한,LTE,평점 4.2
아이즈모바일_LTE_121,아이즈모바일,[S]이디야 화이트 20GB,16400,20.0,1,200,100,무제한,LTE,"매월 이디야 6,000원 모바일 카드 지급, 평점 4.2"
티플러스_LTE_131,티플러스,The 통화마음껏 1.5GB,20900,1.5,1,999,999,무제한,LTE,평점 4.3
에이모바일_LTE_46,에이모바일,A 갓성비 유독 10GB+ 7,3300,10.0,1,200,100,1Mbps,LTE,"정상가 15,400원, 할인 7개월, 평점 4.2"
스마텔_5G_16,스마텔,5G 스마트플러스(200분 + 5GB),7200,5.0,1,200,100,무제한,5G,"정상가 13,000원, 할인 12개월, 평점 4.2"
티플러스_5G_12,티플러스,5G 티플 10GB(10GB/300분)_평생요금,8990,10.0,1,300,100,무제한,5G,평점 4.3
티플러스_LTE_132,티플러스,티플 10GB(10GB/300분),8990,10.0,1,300,100,무제한,LTE,평점 4.3
아이즈모바일_5G_02,아이즈모바일,[S]5G 울트라(200분/20GB),18700,20.0,1,200,100,무제한,5G,평점 4.2
아이즈모바일_LTE_122,아이즈모바일,[K]울트라(100분/15GB),6900,15.0,1,100,100,무제한,LTE,"정상가 23,100원, 할인 24개월, 3대 마트 상품권 2만원 증정, 평점 4.2"
이지모바일_LTE_67,이지모바일,이지 데이터 8GB,1650,8.0,1,300,100,무제한,LTE,"정상가 18,700원, 할인 6개월, 일반유심/배송비 무료, 평점 4.3"
모빙_LTE_92,모빙,[S] 300분5GB,3300,5.0,1,300,300,무제한,LTE,평점 4.3
고고모바일_LTE_51,고고모바일,LTE200분/ 7GB,13420,7.0,1,200,100,무제한,LTE,"3대 마트 상품권 2만원, KT유심&배송비 무료, 원스토리 3,000P 쿠폰 , 평점 4.2"
고고모바일_5G_11,고고모바일,5G200분/7GB,13420,7.0,1,200,100,무제한,5G,"3대 마트 상품권 2만원, KT유심&배송비 무료, 원스토리 3,000P 쿠폰 , 평점 4.2"
모빙_LTE_93,모빙,실속 100분4.5GB,100,4.5,1,100,100,무제한,LTE,"정상가 14,300원, 할인 12개월, 평점 4.3"
스마텔_LTE_101,스마텔,후후 심플 (200분 + 5GB),6230,5.0,1,200,100,무제한,LTE,"정상가 10,230원, 할인 6개월, 평점 4.2"
이야기모바일_LTE_58,이야기모바일,이야기 라이트 200분6GB+,9900,6.0,1,200,100,1Mbps,LTE,"정상가 14,300원, 할인 12개월, 네이버페이 5,000원, 평점 4.5"
아이즈모바일_LTE_123,아이즈모바일,[K]그란데(100분/6GB),90,6.0,1,100,100,무제한,LTE,"정상가 15,100원, 할인 7개월, 3대 마트 상품권 2만원 증정, 평점 4.2"
스마텔_5G_17,스마텔,5G 스마일 플러스 (200분+5GB),4750,5.0,1,200,100,무제한,5G,"정상가 13,000원, 할인 5개월, 평점 4.2"
리브모바일_5G_08,리브모바일,5G 든든 4GB,10500,4.0,1,999,999,무제한,5G,"정상가 14,900원, 할인 12개월, 평점 4.3"
에이모바일_LTE_47,에이모바일,A 갓성비 10GB+/200분,8800,10.0,1,200,100,1Mbps,LTE,"정상가 25,300원, 할인 7개월, 평점 4.2"
인스모바일_LTE_34,인스모바일,데이터 안심 6GB+(USIM),4400,6.0,1,200,100,1Mbps,LTE,"정상가 27,500원, 할인 6개월, 평점 4.4"
U+유모바일_5G_08,U+유모바일,[평생할인] 5G 5GB/200분,8900,5.0,1,200,100,무제한,5G,"가족결합시 Npay 10% 혜택(다모아 결합), 평점 4.4"
U+유모바일_LTE_52,U+유모바일,[평생할인] 4GB/통화기본,7500,4.0,1,999,999,무제한,LTE,"가족결합시 Npay 10% 혜택(다모아 결합), 평점 4.4"
티플러스_LTE_133,티플러스,The 데이터마음껏 5GB＋(200분),19800,5.0,1,200,100,1Mbps,LTE,평점 4.3
아이즈모바일_LTE_124,아이즈모바일,아이즈 (10GB/300분),3900,10.0,1,300,300,무제한,LTE,평점 4.2
이야기모바일_LTE_59,이야기모바일,함께이야기해S(300분+20GB),18700,20.0,1,300,200,무제한,LTE,"정상가 24,200원, 할인 12개월, 네이버페이 5,000원, 평점 4.5"
U+유모바일_5G_09,U+유모바일,[평생할인] 5G 4GB/통화기본,8800,4.0,1,999,999,무제한,5G,"가족결합시 Npay 10% 혜택(다모아 결합), 평점 4.4"
LG헬로모바일_LTE_31,LG헬로모바일,보편 유심 5GB 200분,9900,5.0,1,200,100,무제한,LTE,"가입사은품 3만원, 구글 AI프로+도미노피자 할인쿠폰, 프레딧 쿠폰 2만원(5천원*4개월), 평점 4.7"
이야기모바일_LTE_60,이야기모바일,[모요only]모두이야기해 6GB+,7700,6.0,1,200,100,1Mbps,LTE,"정상가 17,600원, 할인 6개월, 네이버페이 5,000원, 평점 4.5"
스노우맨_5G_03,스노우맨,스노우맨5G심플50GB,51700,50.0,1,999,999,1Mbps,5G,평점 4
고고모바일_5G_12,고고모바일,5G100분/3GB-데이터소진후 자동차단,9020,3.0,1,100,100,무제한,5G,"3대 마트 상품권 2만원, KT유심&배송비 무료, 원스토리 3,000P 쿠폰 , 평점 4.2"
아이즈모바일_LTE_125,아이즈모바일,[L]그란데(100분/6GB),900,6.0,1,100,100,무제한,LTE,"정상가 15,100원, 할인 6개월, 평점 4.2"
핀다이렉트_5G_04,핀다이렉트,[L] 핀다이렉트e Xtra 2GB,220,2.0,1,100,100,무제한,5G,"정상가 8,800원, 할인 7개월, 평점 4.2"
아이즈모바일_LTE_126,아이즈모바일,[S]음성자유/5GB,3300,5.0,1,999,100,무제한,LTE,평점 4.2
모빙_LTE_94,모빙,[S] 350분6GB,100,6.0,1,350,350,무제한,LTE,"정상가 18,700원, 할인 12개월, 평점 4.3"
LG헬로모바일_LTE_32,LG헬로모바일,보편 안심 유심 6GB 200분,15200,6.0,1,200,100,1Mbps,LTE,"가입사은품 3만원, 구글 AI프로+도미노피자 할인쿠폰, 프레딧 쿠폰 2만원(5천원*4개월), 평점 4.7"
모빙_LTE_95,모빙,[L] 100분1GB+,5500,1.0,1,100,100,1Mbps,LTE,평점 4.3
모빙_5G_17,모빙,[S] 5G 모빙 500분20GB,16000,20.0,1,500,100,무제한,5G,평점 4.3
스마텔_5G_18,스마텔,5G 음성무제한 15GB,12900,15.0,1,999,200,무제한,5G,평점 4.2
모빙_5G_18,모빙,[K] 5G 200분15GB,6600,15.0,1,200,100,무제한,5G,"정상가 25,300원, 할인 7개월, 평점 4.3"
KG모바일_LTE_38,KG모바일,[일반] 데이터 마음대로 (4.5GB+/200분)_12개월,110,4.5,1,200,0,1Mbps,LTE,"정상가 17,600원, 할인 12개월, 일반 유심/배송비 무료, 유독 쿠폰(구글 AI Pro,도미노피자 할인), 평점 4.6"
모빙_LTE_96,모빙,[S] 200분10GB,100,10.0,1,200,200,무제한,LTE,"정상가 21,000원, 할인 7개월, 평점 4.3"
모빙_LTE_97,모빙,쏙쏙 200분10GB,110,10.0,1,200,200,무제한,LTE,"정상가 20,900원, 할인 7개월, 평점 4.3"
스마텔_LTE_102,스마텔,USIM 스마일 (500분/10GB),900,10.0,1,500,100,무제한,LTE,"정상가 20,900원, 할인 7개월, 평점 4.2"
티플러스_LTE_134,티플러스,티플 데이터마음껏1G(100분),6600,1.0,1,100,100,1Mbps,LTE,평점 4.3
리브모바일_LTE_41,리브모바일,LTE 실속 5GB(200분) ,14300,5.0,1,200,100,무제한,LTE,평점 4.3
티플러스_LTE_135,티플러스,티플 10GB(10GB/0분),7500,10.0,1,0,0,무제한,LTE,"3대 마트 상품권 2만원 증정, 평점 4.3"
아이즈모바일_LTE_127,아이즈모바일,[S]울트라(100분/15GB),5900,15.0,1,100,100,무제한,LTE,평점 4.2
스마텔_LTE_103,스마텔,USIM 스위트 (500분/10GB),3300,10.0,1,500,100,무제한,LTE,"정상가 20,900원, 할인 7개월, 평점 4.2"
스마텔_5G_19,스마텔,USIM 스위트 5G망(500분/10GB),3300,10.0,1,500,100,무제한,5G,"정상가 20,900원, 할인 7개월, 평점 4.2"
모빙_LTE_98,모빙,모빙(100분/3GB),100,3.0,1,100,100,무제한,LTE,"정상가 12,000원, 할인 7개월, 평점 4.3"
이야기모바일_LTE_61,이야기모바일,함께이야기해S 무한 30GB,25400,30.0,1,999,999,무제한,LTE,"정상가 29,700원, 할인 12개월, 네이버페이 5,000원, 평점 4.5"
티플러스_LTE_136,티플러스,가성비플러스(20GB/350분),6900,20.0,1,350,100,무제한,LTE,"정상가 29,700원, 할인 7개월, 평점 4.3"
아이즈모바일_LTE_128,아이즈모바일,아이즈(100분/1GB+),8200,1.0,1,100,100,1Mbps,LTE,평점 4.2
모빙_LTE_99,모빙,실속 100분3GB,100,3.0,1,100,100,무제한,LTE,"정상가 13,900원, 할인 6개월, 평점 4.3"
에이모바일_LTE_48,에이모바일,A 스마트 20GB/100분,1650,20.0,1,100,100,무제한,LTE,"정상가 23,100원, 할인 7개월, 평점 4.2"
KT스카이라이프_5G_07,KT스카이라이프,5G 통화 충분 30GB,29900,30.0,1,999,999,무제한,5G,"기본 가입혜택 2만원, S-머니 6만원(매월 1만원씩 6개월간), 평점 4.5"
스마텔_5G_20,스마텔,5G 음성무제한 20GB,19600,20.0,1,999,200,무제한,5G,평점 4.2
U+유모바일_LTE_53,U+유모바일,[평생할인] 2.5GB/통화기본,6900,2.5,1,999,999,무제한,LTE,"가족결합시 Npay 10% 혜택(다모아 결합), 평점 4.4"
아이즈모바일_LTE_129,아이즈모바일,[S]음성자유/7GB,4300,7.0,1,999,100,무제한,LTE,평점 4.2
아이즈모바일_LTE_130,아이즈모바일,[S]그란데(100분/6GB),1980,6.0,1,100,100,무제한,LTE,평점 4.2
KT_5G_13,KT,요고 36,36000,20.0,1,999,999,1Mbps,5G,평점 3.9
아이즈모바일_LTE_131,아이즈모바일,[L]톨(100분/3GB),3000,3.0,1,100,100,무제한,LTE,"정상가 9,600원, 할인 24개월, 평점 4.2"
모빙_LTE_100,모빙,[K] 100분3GB,110,3.0,1,100,100,무제한,LTE,"정상가 14,300원, 할인 4개월, 평점 4.3"
KT스카이라이프_LTE_63,KT스카이라이프,통화 충분 2.5GB,7700,2.5,1,999,999,무제한,LTE,"S-머니 3만원(매월 5천원씩 6개월간), 기본 가입혜택 2만원, 평점 4.5"
아이즈모바일_LTE_132,아이즈모바일,[K]울트라(100분/20GB),5900,20.0,1,100,100,무제한,LTE,"정상가 28,600원, 할인 10개월, 3대 마트 상품권 2만원 증정, 평점 4.2"
모빙_LTE_101,모빙,[S] 데이터 7GB,6600,7.0,1,999,200,무제한,LTE,평점 4.3
LG헬로모바일_LTE_33,LG헬로모바일,The 착한 데이터 유심 2.5GB,7950,2.5,1,999,999,무제한,LTE,"가입사은품 3만원, 구글 AI프로+도미노피자 할인쿠폰, 프레딧 쿠폰 2만원(5천원*4개월), 평점 4.7"
모빙_LTE_102,모빙,[S] 데이터 5GB,3800,5.0,1,999,200,무제한,LTE,평점 4.3
아이즈모바일_LTE_133,아이즈모바일,[L]벤티(200분/7GB),6700,7.0,1,200,100,무제한,LTE,"정상가 17,700원, 할인 24개월, 평점 4.2"
티플러스_LTE_137,티플러스,티플 드림(3GB/100분),1900,3.0,1,100,100,무제한,LTE,"정상가 6,600원, 할인 4개월, 평점 4.3"
핀다이렉트_LTE_23,핀다이렉트,[K] DIGITAL DETOX 7GB 챌린지,770,7.0,1,100,100,무제한,LTE,"정상가 17,600원, 할인 7개월, 3대 마트 상품권 2만원, 평점 4.2"
핀다이렉트_LTE_24,핀다이렉트,[S] DIGITAL DETOX 7GB 챌린지,770,7.0,1,100,100,무제한,LTE,"정상가 17,600원, 할인 7개월, 평점 4.2"
U+유모바일_5G_10,U+유모바일,[평생할인] 5G 3GB/통화기본,7900,3.0,1,999,999,무제한,5G,"가족결합시 Npay 10% 혜택(다모아 결합), 평점 4.4"
KT_5G_14,KT,요고 42,42000,35.0,1,999,999,1Mbps,5G,평점 3.9
모빙_LTE_103,모빙,실속 100분6GB,4900,6.0,1,100,100,무제한,LTE,평점 4.3
핀다이렉트_LTE_25,핀다이렉트,[L] DIGITAL DETOX 7GB 챌린지,770,7.0,1,100,100,무제한,LTE,"정상가 17,600원, 할인 7개월, 평점 4.2"
LG헬로모바일_5G_03,LG헬로모바일,5G 유심 통화 맘편히 3GB,7990,3.0,1,999,999,무제한,5G,"가입사은품 3만원, 구글 AI프로+도미노피자 할인쿠폰, 프레딧 쿠폰 2만원(5천원*4개월), 평점 4.7"
U+유모바일_5G_11,U+유모바일,[올리브영 12만원] 5G 3GB/통화기본,8900,3.0,1,999,999,무제한,5G,"가족결합시 Npay 10% 혜택(다모아 결합), 올리브영 12만원 혜택, 평점 4.4"
아이즈모바일_LTE_134,아이즈모바일,[S]글로벌로밍(300분/3GB),16500,3.0,1,300,100,무제한,LTE,"해외 130개국 로밍걱정 끝, 평점 4.2"
아이즈모바일_LTE_135,아이즈모바일,세이브머니유심(200분/6GB+),110,6.0,1,200,100,1Mbps,LTE,"정상가 14,960원, 할인 7개월, 평점 4.2"
핀다이렉트_5G_05,핀다이렉트,[L] 핀다이렉트e Xtra 1GB,110,1.0,1,50,50,무제한,5G,"정상가 6,600원, 할인 7개월, 평점 4.2"
모빙_LTE_104,모빙,[S] 200분5GB,2200,5.0,1,200,100,무제한,LTE,"정상가 16,500원, 할인 24개월, 평점 4.3"
모빙_LTE_105,모빙,쏙쏙 200분10GB,9900,10.0,1,200,200,무제한,LTE,평점 4.3
이야기모바일_LTE_62,이야기모바일,함께이야기해S(500분+10GB),13200,10.0,1,500,100,무제한,LTE,"정상가 16,500원, 할인 12개월, 네이버페이 5,000원, 평점 4.5"
슈가모바일_5G_04,슈가모바일,5G Sugar 실속(500분/10GB),5940,10.0,1,500,100,무제한,5G,평점 4.6
U+유모바일_5G_12,U+유모바일,[평생할인] 5G 125GB+/통화기본,42100,125.0,1,999,999,5Mbps,5G,"매달 Npay 1.5만원(18만), 가족결합시 Npay 10% 혜택(다모아 결합), 우리결합시, 데이터 20GB 추가 증정, 평점 4.4"
KG모바일_LTE_39,KG모바일,[평생할인] 데이터 마음대로 (1GB+/300분),4070,1.0,1,300,100,1Mbps,LTE,"유독 쿠폰(구글 AI Pro,도미노피자 할인), 평점 4.6"
모빙_LTE_106,모빙,쏙쏙 100분(6GB),7500,6.0,1,100,100,무제한,LTE,평점 4.3
KT스카이라이프_LTE_64,KT스카이라이프,모두 충분 10GB+,17900,10.0,1,999,999,400Kbps,LTE,"S-머니 6만원(매월 1만원씩 6개월간), 기본 가입혜택 2만원, 평점 4.5"
스마텔_5G_21,스마텔,USIM 스마일 5G망 (500분/10GB),9900,10.0,1,500,100,무제한,5G,"정상가 20,900원, 할인 5개월, 평점 4.2"
모빙_LTE_107,모빙,실속 200분5GB,100,5.0,1,200,100,무제한,LTE,"정상가 15,200원, 할인 6개월, 평점 4.3"
에이모바일_LTE_49,에이모바일,A 갓성비 유독 7GB+ 7,1100,7.0,1,300,100,1Mbps,LTE,"정상가 13,200원, 할인 7개월, 평점 4.2"
KG모바일_5G_03,KG모바일,[모빌카드 스페셜] 유심 5G 125GB+,31350,125.0,1,999,999,5Mbps,5G,"정상가 51,150원, 할인 7개월, 일반 유심/배송비 무료, 유독 쿠폰(구글 AI Pro,도미노피자 할인), 평점 4.6"
슈가모바일_5G_05,슈가모바일,5G Sugar 통화마음대로 125GB++,31600,125.0,1,999,999,5Mbps,5G,"정상가 47,000원, 할인 7개월, 평점 4.6"
찬스모바일_5G_02,찬스모바일,5G 음성기본 125GB+5Mbps,31350,125.0,1,999,999,5Mbps,5G,"정상가 50,600원, 할인 7개월, 유심/배송비 무료, 평점 4.5"
마블링_5G_02,마블링,마블링 프라임(5G) 125GB+5Mbps,33200,125.0,1,999,999,5Mbps,5G,"정상가 51,900원, 할인 7개월, 평점 4.3"
이지모바일_5G_11,이지모바일,EG-5G에센셜 125G+,34570,125.0,1,999,999,5Mbps,5G,"정상가 52,500원, 할인 7개월, 일반유심/배송비 무료, 평점 4.3"
모빙_LTE_108,모빙,실속 100분3GB,3300,3.0,1,100,100,무제한,LTE,평점 4.3
이야기모바일_5G_12,이야기모바일,5G 이야기스페셜 125GB+,36300,125.0,1,999,999,5Mbps,5G,"정상가 51,700원, 할인 7개월, 네이버페이 5,000원, 평점 4.5"
모빙_LTE_109,모빙,실속 200분6GB+,5500,6.0,1,200,100,1Mbps,LTE,"정상가 16,000원, 할인 24개월, 평점 4.3"
KG모바일_5G_04,KG모바일,[일반] 유심 5G 125GB+,39710,125.0,1,999,999,5Mbps,5G,"정상가 51,150원, 할인 12개월, 유독 쿠폰(구글 AI Pro,도미노피자 할인), 평점 4.6"
아이즈모바일_LTE_136,아이즈모바일,[S]톨(100분/3GB),4100,3.0,1,100,100,무제한,LTE,평점 4.2
모빙_LTE_110,모빙,실속 200분6GB+,100,6.0,1,200,100,1Mbps,LTE,"정상가 16,000원, 할인 6개월, 평점 4.3"
아이즈모바일_LTE_137,아이즈모바일,[K]톨(100분/3GB),4430,3.0,1,100,100,무제한,LTE,"3대 마트 상품권 2만원 증정, 평점 4.2"
모빙_LTE_111,모빙,[S] 데이터 10GB,1100,10.0,1,999,200,무제한,LTE,"정상가 26,400원, 할인 7개월, 평점 4.3"
티플러스_LTE_138,티플러스,티플포유(3G/100분),5500,3.0,1,100,100,무제한,LTE,평점 4.3
에이모바일_LTE_50,에이모바일,A 스마트 13GB,990,13.0,1,999,999,무제한,LTE,"정상가 17,160원, 할인 7개월, 평점 4.2"
이야기모바일_LTE_63,이야기모바일,내맘대로S(300+1GB),5500,1.0,1,300,300,무제한,LTE,"정상가 7,700원, 할인 12개월, 네이버페이 5,000원, 평점 4.5"
아이즈모바일_LTE_138,아이즈모바일,아이즈우정(100분/3G),6000,3.0,1,100,100,무제한,LTE,평점 4.2
KG모바일_LTE_40,KG모바일,[일반] 실속 (7GB/100분),1540,7.0,1,100,100,무제한,LTE,"정상가 13,200원, 할인 6개월, 일반 유심/배송비 무료, 유독 쿠폰(구글 AI Pro,도미노피자 할인), 평점 4.6"
아이즈모바일_LTE_139,아이즈모바일,아이즈 (10GB/200분),22900,10.0,1,200,200,무제한,LTE,평점 4.2
아이즈모바일_LTE_140,아이즈모바일,[S]벤티(200분/7GB),7100,7.0,1,200,100,무제한,LTE,평점 4.2
인스모바일_LTE_35,인스모바일,실속 150분+1GB(USIM),1100,1.0,1,150,50,무제한,LTE,"정상가 8,800원, 할인 6개월, 평점 4.4"
아이즈모바일_LTE_141,아이즈모바일,[K]벤티(200분/7GB),7580,7.0,1,200,100,무제한,LTE,"3대 마트 상품권 2만원 증정, 평점 4.2"
아이즈모바일_LTE_142,아이즈모바일,아이즈 (10GB/400분),100,10.0,1,400,400,무제한,LTE,"정상가 25,300원, 할인 7개월, 평점 4.2"
이야기모바일_LTE_64,이야기모바일,내맘대로S(150+1GB),80,1.0,1,150,50,무제한,LTE,"정상가 6,300원, 할인 4개월, 네이버페이 5,000원, 평점 4.5"
아이즈모바일_LTE_143,아이즈모바일,[K]울트라(500분/20GB),1980,20.0,1,500,300,무제한,LTE,"정상가 33,000원, 할인 7개월, 3대 마트 상품권 2만원 증정, 평점 4.2"
티플러스_5G_13,티플러스,5G 티플 8GB(8GB/300분),5000,8.0,1,300,100,무제한,5G,"정상가 14,300원, 할인 4개월, 평점 4.3"
모빙_LTE_112,모빙,실속 200분5GB,3900,5.0,1,200,100,무제한,LTE,평점 4.3
모빙_LTE_113,모빙,모빙 300분15GB,2200,15.0,1,300,300,무제한,LTE,"정상가 28,600원, 할인 7개월, 평점 4.3"
KT스카이라이프_LTE_65,KT스카이라이프,스마트 데이터 충분 10GB+,10800,10.0,1,0,0,200Kbps,LTE,평점 4.5
스마텔_LTE_104,스마텔,LTE 음성무제한 8GB,900,8.0,1,999,200,무제한,LTE,"정상가 18,700원, 할인 7개월, 평점 4.2"
모빙_LTE_114,모빙,실속 500분10GB,100,10.0,1,500,100,무제한,LTE,"정상가 22,000원, 할인 6개월, 평점 4.3"
아이즈모바일_LTE_144,아이즈모바일,보이스안심요금제(200분/7GB),17000,7.0,1,200,100,무제한,LTE,평점 4.2
아이즈모바일_LTE_145,아이즈모바일,보이스안심요금제(200분/7GB),17000,7.0,1,200,100,무제한,LTE,평점 4.2
티플러스_LTE_139,티플러스,티플 10GB(10GB/0분),7500,10.0,1,0,0,무제한,LTE,평점 4.3
티플러스_LTE_140,티플러스,티플 10GB(10GB/0분),7500,10.0,1,0,0,무제한,LTE,평점 4.3
모빙_LTE_115,모빙,[S] 데이터 10GB,6600,10.0,1,999,200,무제한,LTE,"정상가 26,400원, 할인 24개월, 평점 4.3"
아이즈모바일_LTE_146,아이즈모바일,[K]울트라(300분/20GB),9500,20.0,1,300,200,무제한,LTE,"3대 마트 상품권 2만원 증정, 평점 4.2"
고고모바일_LTE_52,고고모바일,프리150분,7040,0.0,1,150,150,무제한,LTE,"3대 마트 상품권 2만원, KT유심&배송비 무료, 원스토리 3,000P 쿠폰 , 평점 4.2"
아이즈모바일_LTE_147,아이즈모바일,세이브머니유심(태블릿/스마트기기 10GB),8800,10.0,1,0,0,무제한,LTE,평점 4.2
이야기모바일_LTE_65,이야기모바일,[모요only] 내맘대로 (50분+1GB),4620,1.0,1,50,50,무제한,LTE,"네이버페이 5,000원, 평점 4.5"
SKT_5G_09,SKT,0 청년 다이렉트 48,48000,160.0,1,999,999,5Mbps,5G,"네이버웹툰 쿠키 30개 (12개월), 티빙 광고형 스탠다드 제공 (12개월), CGV 영화관람권 50% 할인 (월 1장), 네이버페이 월 3.3만 원 x 6개월, 첫 달 요금 네이버페이로 전액 환급, eSIM 수수료 비용 무료, 로밍 50% 할인, 커피 전문점 50% 할인 (월 1잔), USIM 수수료 비용 무료, 평점 5"
티플러스_LTE_141,티플러스,티플 8GB(8GB/300분)_평생요금,3900,8.0,1,300,100,무제한,LTE,평점 4.3
아이즈모바일_LTE_148,아이즈모바일,[L]톨(300분/1GB),2550,1.0,1,300,100,무제한,LTE,"정상가 7,500원, 할인 24개월, 평점 4.2"
U+유모바일_LTE_54,U+유모바일,[평생할인] 1.5GB/150분,4900,1.5,1,150,100,무제한,LTE,"매달 Npay 5천원(6만), 가족결합시 Npay 10% 혜택(다모아 결합), 평점 4.4"
U+유모바일_LTE_55,U+유모바일,[다이소 3천원X12개월] 1.5GB/150분,5000,1.5,1,150,100,무제한,LTE,"매달 Npay 5천원(6만), 가족결합시 Npay 10% 혜택(다모아 결합), 3.6만원 혜택(매월 다이소 3천원), 평점 4.4"
아이즈모바일_LTE_149,아이즈모바일,[S]벤티(300분/8GB),8200,8.0,1,300,100,무제한,LTE,평점 4.2
아이즈모바일_LTE_150,아이즈모바일,[K]벤티(300분/8GB),8310,8.0,1,300,100,무제한,LTE,"3대 마트 상품권 2만원 증정, 평점 4.2"
티플러스_5G_14,티플러스,5G 통화안심 15GB,10900,15.0,1,999,100,무제한,5G,"정상가 24,200원, 할인 4개월, 평점 4.3"
이야기모바일_LTE_66,이야기모바일,내맘대로 차단형 (50분+1GB),7920,1.0,1,50,50,무제한,LTE,"네이버페이 5,000원, 평점 4.5"
이지모바일_5G_12,이지모바일,EG 5G 심플 70GB+,28900,70.0,1,999,999,1Mbps,5G,"정상가 47,300원, 할인 12개월, 5대 마트 상품권 2만원, 일반유심/배송비 무료, 평점 4.3"
쉐이크모바일_5G_04,쉐이크모바일,[모요only] 쉐이크 5G 70GB+_밀리의서재,29400,70.0,1,999,999,1Mbps,5G,"정상가 45,100원, 할인 12개월, 밀리의 서재 구독권 지급 이벤트, 매월 1천원 요금할인 (팝테일 가입·인증), 3대 마트 상품권 2만원, 평점 4.3"
고고모바일_5G_13,고고모바일,[모요only] 5G 무제한 70GB+1Mbps,31000,70.0,1,999,999,1Mbps,5G,"정상가 42,900원, 할인 12개월, 3대 마트 상품권 2만원, 추가데이터 10GB 제공, KT유심&배송비 무료, 원스토리 3,000P 쿠폰 , 평점 4.2"
에이모바일_LTE_51,에이모바일,A 갓성비 7GB/100분 6,330,7.0,1,100,100,무제한,LTE,"정상가 10,450원, 할인 6개월, 평점 4.2"
아이즈모바일_LTE_151,아이즈모바일,[K]울트라(500분/15GB),7900,15.0,1,500,300,무제한,LTE,"3대 마트 상품권 2만원 증정, 평점 4.2"
KT스카이라이프_LTE_66,KT스카이라이프,통화 충분 4.5GB,8850,4.5,1,999,999,무제한,LTE,"S-머니 3만원(매월 5천원씩 6개월간), 기본 가입혜택 2만원, 평점 4.5"
KT스카이라이프_5G_08,KT스카이라이프,5G 모두 충분 70GB+,39100,70.0,1,999,999,1Mbps,5G,"기본 가입혜택 2만원, S-머니 12만원(매월 2만원씩 6개월간), 평점 4.5"
KT스카이라이프_5G_09,KT스카이라이프,5G 모두 충분 70GB+(밀리의서재),39100,70.0,1,999,999,1Mbps,5G,"밀리의서재(매월11,900원)평생 구독권, 기본 가입혜택 2만원, S-머니 12만원(매월 2만원씩 6개월간), 평점 4.5"
고고모바일_5G_14,고고모바일,5G무제한 70GB+1Mbps,42900,70.0,1,999,999,1Mbps,5G,"3대 마트 상품권 2만원, 추가데이터 10GB 제공, KT유심&배송비 무료, 원스토리 3,000P 쿠폰 , 평점 4.2"
스마텔_5G_22,스마텔,5G 스위트 70GB+,42900,70.0,1,999,999,1Mbps,5G,"정상가 48,400원, 할인 36개월, 평점 4.2"
에이모바일_5G_11,에이모바일,A 5G 스페셜 에센셜,31500,125.0,1,999,999,5Mbps,5G,"정상가 50,200원, 할인 7개월, 평점 4.2"
모빙_LTE_116,모빙,실속 500분10GB,7700,10.0,1,500,100,무제한,LTE,평점 4.3
스마텔_LTE_105,스마텔,LTE 음성무제한 11GB,3100,11.0,1,999,200,무제한,LTE,"정상가 19,800원, 할인 7개월, 평점 4.2"
아이즈모바일_LTE_152,아이즈모바일,[L]벤티(300분/8GB),20300,8.0,1,300,100,무제한,LTE,평점 4.2
인스모바일_LTE_36,인스모바일,[평생할인]실속 150분+1GB(USIM),2750,1.0,1,150,50,무제한,LTE,평점 4.4
에이모바일_LTE_52,에이모바일,A 갓성비 7GB/100분 9,2200,7.0,1,100,100,무제한,LTE,"정상가 9,900원, 할인 9개월, 평점 4.2"
KT스카이라이프_LTE_67,KT스카이라이프,슬림 2GB/200분,4900,2.0,1,200,200,무제한,LTE,평점 4.5
아이즈모바일_LTE_153,아이즈모바일,세이브머니유심(태블릿/스마트기기 20GB),12100,20.0,1,0,0,무제한,LTE,"3대 마트 상품권 2만원 증정, 평점 4.2"
KT_5G_15,KT,요고 32,32000,10.0,1,999,999,400Kbps,5G,평점 3.9
U+유모바일_5G_13,U+유모바일,[평생할인] 5G 180GB+/통화기본,50500,180.0,1,999,999,무제한,5G,"가족결합시 Npay 10% 혜택(다모아 결합), 우리결합시, 데이터 20GB 추가 증정, 평점 4.4"
스마텔_LTE_106,스마텔,USIM 스위트 음성 무제한 5GB,7000,5.0,1,999,999,무제한,LTE,"정상가 13,200원, 할인 36개월, 평점 4.2"
모나_LTE_18,모나,[모요only] 모나500분4.5G,550,4.5,1,500,200,무제한,LTE,"정상가 27,500원, 할인 12개월,  NFC 유심 무료 제공, 4대 편의점 최대 10.1%적립, 평점 4.4"
위너스텔_LTE_02,위너스텔,공유 120분,3300,0.0,1,120,120,무제한,LTE,평점 4.7
티플러스_LTE_142,티플러스,티플포유(2G/100분),4400,2.0,1,100,100,무제한,LTE,평점 4.3
KG모바일_5G_05,KG모바일,[모빌카드 스페셜] 유심 5G 180GB+,37950,180.0,1,999,999,무제한,5G,"정상가 59,400원, 할인 7개월, 일반 유심/배송비 무료, 유독 쿠폰(구글 AI Pro,도미노피자 할인), 평점 4.6"
모빙_LTE_117,모빙,모빙 300분15GB,9000,15.0,1,300,300,무제한,LTE,평점 4.3
KT_5G_16,KT,요고 34,34000,15.0,1,999,999,400Kbps,5G,평점 3.9
LG헬로모바일_5G_04,LG헬로모바일,5G 스페셜 유심 180GB,55000,180.0,1,999,999,무제한,5G,"가입사은품 3만원, 헬로모바일 결합시, 추가 데이터 20GB 증정, 구글 AI프로+도미노피자 할인쿠폰, 프레딧 쿠폰 2만원(5천원*4개월), 평점 4.7"
아이즈모바일_LTE_154,아이즈모바일,[K]톨(300분/1GB),4200,1.0,1,300,100,무제한,LTE,"3대 마트 상품권 2만원 증정, 평점 4.2"
시월모바일_5G_02,시월모바일,시월5G 무제한 180GB+10Mbps,41490,180.0,1,999,999,무제한,5G,"정상가 60,190원, 할인 7개월, 평점 4.5"
인스모바일_5G_03,인스모바일,인스 유심 스피드(5G) 180GB+,42700,180.0,1,999,999,무제한,5G,"정상가 63,600원, 할인 7개월, 평점 4.4"
이지모바일_5G_13,이지모바일,[5G]이지 무제한 180G+10,42900,180.0,1,999,999,무제한,5G,"정상가 56,100원, 할인 7개월, 일반유심/배송비 무료, 평점 4.3"
티플러스_5G_15,티플러스,5G 통화안심 20GB,13900,20.0,1,999,100,무제한,5G,"정상가 28,600원, 할인 4개월, 평점 4.3"
모빙_LTE_118,모빙,실속 300분7GB,4400,7.0,1,300,300,무제한,LTE,"정상가 19,800원, 할인 24개월, 평점 4.3"
모빙_LTE_119,모빙,실속 300분7GB,100,7.0,1,300,300,무제한,LTE,"정상가 19,800원, 할인 6개월, 평점 4.3"
티플러스_LTE_143,티플러스,티플 드림(2GB/100분),5500,2.0,1,100,100,무제한,LTE,평점 4.3
이야기모바일_5G_13,이야기모바일,5G 이야기 프리미엄 180GB+,46200,180.0,1,999,999,무제한,5G,"정상가 62,700원, 할인 7개월, 네이버페이 5,000원, 평점 4.5"
KG모바일_5G_06,KG모바일,[일반] 유심 5G 180GB+,48180,180.0,1,999,999,무제한,5G,"정상가 59,400원, 할인 12개월, 일반 유심/배송비 무료, 유독 쿠폰(구글 AI Pro,도미노피자 할인), 평점 4.6"
U+유모바일_5G_14,U+유모바일,[평생할인] 5G 5GB/통화기본,10900,5.0,1,999,999,무제한,5G,"가족결합시 Npay 10% 혜택(다모아 결합), 평점 4.4"
KT스카이라이프_LTE_68,KT스카이라이프,스마트 데이터 충분 20GB+,14100,20.0,1,0,0,200Kbps,LTE,평점 4.5
아이즈모바일_5G_03,아이즈모바일,[L]5G 데이터125GB+5Mbps,59400,125.0,1,999,999,5Mbps,5G,평점 4.2
모빙_LTE_120,모빙,쏙쏙 500분10GB,7700,10.0,1,500,500,무제한,LTE,"정상가 27,500원, 할인 12개월, 평점 4.3"
리브모바일_LTE_42,리브모바일,LTE 든든 5GB,10500,5.0,1,999,999,무제한,LTE,"정상가 14,900원, 할인 12개월, 평점 4.3"
U+유모바일_LTE_56,U+유모바일,[GS25 12만] 150GB+/통화기본,40100,150.0,1,999,999,5Mbps,LTE,"매달 Npay 1.5만원(18만), 가족결합시 Npay 10% 혜택(다모아 결합), 12만원 혜택(매월 GS25 5천원), 우리결합시, 데이터 20GB 추가 증정, 평점 4.4"
모빙_5G_19,모빙,[S] 5G 데이터 15GB,13000,15.0,1,999,100,무제한,5G,평점 4.3
인스모바일_LTE_37,인스모바일,실속 200분+2GB(USIM),1100,2.0,1,200,50,무제한,LTE,"정상가 12,100원, 할인 6개월, 평점 4.4"
U+유모바일_5G_15,U+유모바일,빽다방 100잔 5G 5GB,12400,5.0,1,999,999,무제한,5G,"가족결합시 Npay 10% 혜택(다모아 결합), 빽다방 100잔 (25개월간 매월 4잔), 평점 4.4"
스마텔_LTE_107,스마텔,LTE 음성무제한 25GB,11200,25.0,1,999,200,무제한,LTE,"정상가 29,700원, 할인 7개월, 평점 4.2"
KG모바일_5G_07,KG모바일,[모빌카드 스페셜] 유심 5G 95GB+,28930,95.0,1,999,999,3Mbps,5G,"정상가 49,500원, 할인 7개월, 유독 쿠폰(구글 AI Pro,도미노피자 할인), 일반 유심/배송비 무료, 평점 4.6"
슈가모바일_5G_06,슈가모바일,5G Sugar 통화마음대로 150GB++,36400,150.0,1,999,999,5Mbps,5G,"정상가 50,700원, 할인 7개월, 평점 4.6"
모빙_LTE_121,모빙,[S] 300분1GB,3300,1.0,1,300,300,무제한,LTE,평점 4.3
KG모바일_5G_08,KG모바일,[모빌카드 스페셜] 유심 5G 150GB+,36850,150.0,1,999,999,5Mbps,5G,"정상가 56,100원, 할인 7개월, 일반 유심/배송비 무료, 유독 쿠폰(구글 AI Pro,도미노피자 할인), 평점 4.6"
슈가모바일_5G_07,슈가모바일,5G Sugar 통화마음대로 95GB+,30100,95.0,1,999,999,3Mbps,5G,"정상가 45,500원, 할인 7개월, 평점 4.6"
U+유모바일_5G_16,U+유모바일,[평생할인] 5G 95GB+/통화기본,40900,95.0,1,999,999,3Mbps,5G,"가족결합시 Npay 10% 혜택(다모아 결합), 우리결합시, 데이터 10GB 추가 증정, 평점 4.4"
찬스모바일_5G_03,찬스모바일,5G 음성기본 95GB+3Mbps,30250,95.0,1,999,999,3Mbps,5G,"정상가 47,300원, 할인 7개월, 유심/배송비 무료, 평점 4.5"
U+유모바일_5G_17,U+유모바일,[평생할인] 5G 150GB+/통화기본,47300,150.0,1,999,999,5Mbps,5G,"가족결합시 Npay 10% 혜택(다모아 결합), 우리결합시, 데이터 20GB 추가 증정, 평점 4.4"
마블링_5G_03,마블링,마블링 프라임(5G) 150GB+5Mbps,38500,150.0,1,999,999,5Mbps,5G,"정상가 53,900원, 할인 7개월, 평점 4.3"
인스모바일_5G_04,인스모바일,인스 유심 스피드(5G) 150GB+,39100,150.0,1,999,999,5Mbps,5G,"정상가 55,600원, 할인 7개월, 평점 4.4"
마블링_5G_04,마블링,마블링 프라임(5G) 95GB+3Mbps,32300,95.0,1,999,999,3Mbps,5G,"정상가 49,900원, 할인 7개월, 평점 4.3"
이야기모바일_LTE_67,이야기모바일,내맘대로S(200+2GB),80,2.0,1,200,50,무제한,LTE,"정상가 7,700원, 할인 4개월, 네이버페이 5,000원, 평점 4.5"
이지모바일_5G_14,이지모바일,EG-5G슈퍼 95G+,33400,95.0,1,999,999,3Mbps,5G,"정상가 51,000원, 할인 7개월, 일반유심/배송비 무료, 평점 4.3"
찬스모바일_5G_04,찬스모바일,5G 음성기본 150GB+5Mbps   ,40700,150.0,1,999,999,5Mbps,5G,"정상가 59,400원, 할인 7개월, 유심/배송비 무료, 평점 4.5"
이야기모바일_5G_14,이야기모바일,5G이야기 스페셜 150GB+,41800,150.0,1,999,999,5Mbps,5G,"정상가 53,900원, 할인 7개월, 네이버페이 5,000원, 평점 4.5"
KG모바일_5G_09,KG모바일,[일반] 유심 5G 150GB+,44220,150.0,1,999,999,5Mbps,5G,"정상가 56,100원, 할인 12개월, 유독 쿠폰(구글 AI Pro,도미노피자 할인), 일반 유심/배송비 무료, 평점 4.6"
LG헬로모바일_5G_05,LG헬로모바일,5G 유심 중간요금제 95GB,44000,95.0,1,999,999,3Mbps,5G,"가입사은품 3만원, 헬로모바일 결합시, 추가 데이터 10GB 증정, 구글 AI프로+도미노피자 할인쿠폰, 프레딧 쿠폰 2만원(5천원*4개월), 평점 4.7"
LG헬로모바일_5G_06,LG헬로모바일,5G 스탠다드 유심 150GB,49900,150.0,1,999,999,5Mbps,5G,"가입사은품 3만원, 헬로모바일 결합시, 추가 데이터 20GB 증정, 구글 AI프로+도미노피자 할인쿠폰, 프레딧 쿠폰 2만원(5천원*4개월), 평점 4.7"
스마텔_5G_23,스마텔,5G 음성무제한 8GB,8500,8.0,1,999,200,무제한,5G,평점 4.2
KG모바일_5G_10,KG모바일,[일반] 유심 5G 95GB+,38500,95.0,1,999,999,3Mbps,5G,"정상가 49,500원, 할인 12개월, 유독 쿠폰(구글 AI Pro,도미노피자 할인), 일반 유심/배송비 무료, 평점 4.6"
U+유모바일_LTE_57,U+유모바일,[평생할인] 1GB/60분,3900,1.0,1,60,100,무제한,LTE,"가족결합시 Npay 10% 혜택(다모아 결합), 평점 4.4"
리브모바일_LTE_43,리브모바일,LTE 실속 2GB(200분) ,11000,2.0,1,200,100,무제한,LTE,평점 4.3
아이즈모바일_LTE_155,아이즈모바일,[S]글로벌로밍(300분/1GB),14300,1.0,1,300,100,무제한,LTE,"해외 130개국 로밍걱정 끝, 평점 4.2"
고고모바일_LTE_53,고고모바일,고고200분/2GB-데이터소진후 자동차단,8800,2.0,1,200,200,무제한,LTE,"3대 마트 상품권 2만원, KT유심&배송비 무료, 원스토리 3,000P 쿠폰 , 평점 4.2"
SKT_5G_10,SKT,0 청년 다이렉트 34,34000,15.0,1,999,999,400Kbps,5G,"티빙 광고형 스탠다드 제공 (6개월), 네이버웹툰 쿠키 30개 (6개월), CGV 영화관람권 50% 할인 (월 1장), 네이버페이 월 2만 원 x 3개월, eSIM 수수료 비용 무료, 로밍 50% 할인, 커피 전문점 50% 할인 (월 1잔), USIM 수수료 비용 무료, 평점 5"
U+유모바일_LTE_58,U+유모바일,데이터 플러스 15GB+/100분(평생 +10GB 추가 제공 프로모션),26900,25.0,1,100,100,3Mbps,LTE,"가족결합시 Npay 10% 혜택(다모아 결합), 우리결합시, 데이터 10GB 추가 증정, 추가 데이터 10GB, 평점 4.4"
U+유모바일_LTE_59,U+유모바일,[GS25 12만] 15GB+/100분 (+10GB 추가 제공 프로모션),28900,25.0,1,100,100,3Mbps,LTE,"매달 Npay 1.5만원(18만), 가족결합시 Npay 10% 혜택(다모아 결합), 12만원 혜택(매월 GS25 5천원), 추가 데이터 10GB, 평점 4.4"
모빙_LTE_122,모빙,모빙 200분7GB,100,7.0,1,200,200,무제한,LTE,"정상가 17,600원, 할인 7개월, 평점 4.3"
모빙_LTE_123,모빙,모빙 200분/2GB,100,2.0,1,200,100,무제한,LTE,"정상가 11,900원, 할인 7개월, 평점 4.3"
LG헬로모바일_LTE_34,LG헬로모바일,데이터 더주는 유심 15GB 100분,29900,25.0,1,100,100,3Mbps,LTE,"가입사은품 3만원, 헬로모바일 결합시, 추가 데이터 10GB 증정, 구글 AI프로+도미노피자 할인쿠폰, 프레딧 쿠폰 2만원(5천원*4개월), 평점 4.7"
LG헬로모바일_LTE_35,LG헬로모바일,쿠폰팩 데이터 더주는 유심 15GB 100분,32300,25.0,1,100,100,3Mbps,LTE,"가입사은품 3만원, 헬로모바일 결합시, 추가 데이터 10GB 증정, 쿠폰팩 24개월(5천원*24개월) 제공, 구글 AI프로+도미노피자 할인쿠폰, 프레딧 쿠폰 2만원(5천원*4개월), 평점 4.7"
모빙_5G_20,모빙,[K] 5G 데이터 70GB+,32010,70.0,1,999,999,1Mbps,5G,"정상가 59,400원, 할인 12개월, 평점 4.3"
모빙_5G_21,모빙,[K] 5G 밀리의서재 70GB+,32010,70.0,1,999,999,1Mbps,5G,"정상가 59,400원, 할인 12개월, 평점 4.3"
모빙_LTE_124,모빙,[S] 500분10GB,5900,10.0,1,500,500,무제한,LTE,평점 4.3
스마텔_5G_24,스마텔,5G 스마트 150GB,49000,150.0,1,999,999,5Mbps,5G,평점 4.2
슈가모바일_LTE_21,슈가모바일,Sugar 실속(500분/6GB),3890,6.0,1,500,100,무제한,LTE,평점 4.6
아이즈모바일_LTE_156,아이즈모바일,아이즈포스트(500분/5G),90,5.0,1,500,500,무제한,LTE,"정상가 9,900원, 할인 10개월, 평점 4.2"
아이즈모바일_LTE_157,아이즈모바일,[L]톨(200분/2GB),3100,2.0,1,200,100,무제한,LTE,"정상가 8,600원, 할인 24개월, 평점 4.2"
모빙_5G_22,모빙,[S] 5G 데이터 20GB,17000,20.0,1,999,100,무제한,5G,평점 4.3
SKT_5G_11,SKT,0 청년 다이렉트 69(T우주),69000,-1.0,1,999,999,무제한,5G,"네이버웹툰 쿠키 30개 (12개월), 티빙 광고형 스탠다드 제공 (12개월), CGV 영화관람권 50% 할인 (월 1장), 네이버페이 월 3.3만 원 x 6개월, 첫 달 요금 네이버페이로 전액 환급, eSIM 수수료 비용 무료, 로밍 50% 할인, 커피 전문점 50% 할인 (월 1잔), 스마트기기 이용 요금 무료 (2회선), T 멤버십 VIP 제공, USIM 수수료 비용 무료, 평점 5"
SKT_5G_12,SKT,다이렉트5G 69(T 우주),69000,-1.0,1,999,999,무제한,5G,"T 우주패스,FLO,Wavve 중 1개 무료, 네이버웹툰 쿠키 30개 (12개월), 티빙 광고형 스탠다드 제공 (12개월), 네이버페이 월 3.3만 원 x 6개월, 첫 달 요금 네이버페이로 전액 환급, eSIM 수수료 비용 무료, 스마트기기 이용 요금 무료 (2회선), T 멤버십 VIP 제공, USIM 수수료 비용 무료, 평점 5"
SKT_5G_13,SKT,0 청년 다이렉트 69(디즈니+),69000,-1.0,1,999,999,무제한,5G,"네이버웹툰 쿠키 30개 (12개월), 디즈니+ 스탠다드 제공, 티빙 광고형 스탠다드 제공 (12개월), CGV 영화관람권 50% 할인 (월 1장), 네이버페이 월 3.3만 원 x 6개월, 첫 달 요금 네이버페이로 전액 환급, eSIM 수수료 비용 무료, 로밍 50% 할인, 커피 전문점 50% 할인 (월 1잔), 스마트기기 이용 요금 무료 (2회선), T 멤버십 VIP 제공, USIM 수수료 비용 무료, 평점 5"
SKT_5G_14,SKT,다이렉트5G 69(디즈니+),69000,-1.0,1,999,999,무제한,5G,"티빙 광고형 스탠다드 제공 (12개월), 네이버웹툰 쿠키 30개 (12개월), 디즈니+ 스탠다드 제공, 네이버페이 월 3.3만 원 x 6개월, 첫 달 요금 네이버페이로 전액 환급, eSIM 수수료 비용 무료, 스마트기기 이용 요금 무료 (2회선), T 멤버십 VIP 제공, USIM 수수료 비용 무료, 평점 5"
아이즈모바일_LTE_158,아이즈모바일,[S]그란데(500분/6GB),990,6.0,1,500,100,무제한,LTE,"정상가 18,300원, 할인 12개월, 평점 4.2"
이야기모바일_LTE_68,이야기모바일,내맘대로S(300+3GB),6600,3.0,1,300,300,무제한,LTE,"정상가 9,900원, 할인 12개월, 네이버페이 5,000원, 평점 4.5"
SKT_5G_15,SKT,다이렉트5G 76(T 우주),76000,-1.0,1,999,999,무제한,5G,"티빙 광고형 스탠다드 제공 (12개월), 네이버웹툰 쿠키 30개 (12개월), T 우주패스 쇼핑, 편의점&카페 중 1개 할인, T 우주패스 플러스 상품 2종 무료, 네이버페이 월 3.3만 원 x 6개월, 첫 달 요금 네이버페이로 전액 환급, eSIM 수수료 비용 무료, 스마트기기 이용 요금 무료 (2회선), T 멤버십 VIP 제공, USIM 수수료 비용 무료, 평점 5"
SKT_5G_16,SKT,다이렉트5G 76(넷플릭스),76000,-1.0,1,999,999,무제한,5G,"티빙 광고형 스탠다드 제공 (12개월), 네이버웹툰 쿠키 30개 (12개월), 넷플릭스 스탠다드 제공, 네이버페이 월 3.3만 원 x 6개월, 첫 달 요금 네이버페이로 전액 환급, eSIM 수수료 비용 무료, 스마트기기 이용 요금 무료 (2회선), T 멤버십 VIP 제공, USIM 수수료 비용 무료, 평점 5"
SKT_5G_17,SKT,다이렉트5G 76(디즈니+),76000,-1.0,1,999,999,무제한,5G,"티빙 광고형 스탠다드 제공 (12개월), 네이버웹툰 쿠키 30개 (12개월), 디즈니+ 프리미엄 제공, 네이버페이 월 3.3만 원 x 6개월, 첫 달 요금 네이버페이로 전액 환급, eSIM 수수료 비용 무료, 스마트기기 이용 요금 무료 (2회선), T 멤버십 VIP 제공, USIM 수수료 비용 무료, 평점 5"
SKT_5G_18,SKT,다이렉트5G 76(스마트 기기),76000,-1.0,1,999,999,무제한,5G,"티빙 광고형 스탠다드 제공 (12개월), 네이버웹툰 쿠키 30개 (12개월), 네이버페이 월 3.3만 원 x 6개월, 첫 달 요금 네이버페이로 전액 환급, eSIM 수수료 비용 무료, 스마트기기 할인 (최대 12,000원), 스마트기기 이용 요금 무료 (2회선), T 멤버십 VIP 제공, USIM 수수료 비용 무료, 평점 5"
SKT_5G_19,SKT,다이렉트5G 76(유튜브 프리미엄),76000,-1.0,1,999,999,무제한,5G,"유튜브 프리미엄 구독 할인, 티빙 광고형 스탠다드 제공 (12개월), 네이버웹툰 쿠키 30개 (12개월), 네이버페이 월 3.3만 원 x 6개월, 첫 달 요금 네이버페이로 전액 환급, eSIM 수수료 비용 무료, 스마트기기 이용 요금 무료 (2회선), T 멤버십 VIP 제공, USIM 수수료 비용 무료, 평점 5"
찬스모바일_5G_05,찬스모바일,5G 음성기본 80GB+,27830,80.0,1,999,999,1Mbps,5G,"정상가 45,100원, 할인 7개월, 유심/배송비 무료, 평점 4.5"
KT스카이라이프_LTE_69,KT스카이라이프,통화 충분 6.5GB,10900,6.5,1,999,999,무제한,LTE,"기본 가입혜택 2만원, S-머니 6만원(매월 1만원씩 6개월간), 평점 4.5"
슈가모바일_5G_08,슈가모바일,5G Sugar 통화마음대로 80GB+,29100,80.0,1,999,999,1Mbps,5G,"정상가 44,500원, 할인 7개월, 평점 4.6"
U+유모바일_5G_18,U+유모바일,[평생할인] 5G 80GB+/통화기본,39700,80.0,1,999,999,1Mbps,5G,"가족결합시 Npay 10% 혜택(다모아 결합), 우리결합시, 데이터 10GB 추가 증정, 평점 4.4"
마블링_5G_05,마블링,마블링 프라임(5G) 80GB+1Mbps,31400,80.0,1,999,999,1Mbps,5G,"정상가 47,900원, 할인 7개월, 평점 4.3"
시월모바일_5G_03,시월모바일,시월5G 무제한 80GB+1Mbps,30900,80.0,1,999,999,1Mbps,5G,"정상가 43,000원, 할인 7개월, 평점 4.5"
고고모바일_5G_15,고고모바일,[모요only] 5G 무제한 30GB+1Mbps,29000,30.0,1,999,999,1Mbps,5G,"정상가 40,040원, 할인 12개월, 3대 마트 상품권 2만원, 추가데이터 10GB 제공, KT유심&배송비 무료, 원스토리 3,000P 쿠폰 , 평점 4.2"
이지모바일_5G_15,이지모바일,EG-5G플러스 80G+,32120,80.0,1,999,999,1Mbps,5G,"정상가 49,500원, 할인 7개월, 일반유심/배송비 무료, 평점 4.3"
모빙_LTE_125,모빙,[S] 데이터 1GB,3300,1.0,1,999,100,무제한,LTE,"정상가 13,000원, 할인 24개월, 평점 4.3"
이야기모바일_5G_15,이야기모바일,5G 이야기 라이트 80GB+,34100,80.0,1,999,999,1Mbps,5G,"정상가 47,300원, 할인 7개월, 네이버페이 5,000원, 평점 4.5"
모빙_LTE_126,모빙,쏙쏙 500분10GB,11000,10.0,1,500,500,무제한,LTE,평점 4.3
LG헬로모바일_5G_07,LG헬로모바일,5G 유심 중간요금제 80GB,42680,80.0,1,999,999,1Mbps,5G,"가입사은품 3만원, 헬로모바일 결합시, 추가 데이터 10GB 증정, 구글 AI프로+도미노피자 할인쿠폰, 프레딧 쿠폰 2만원(5천원*4개월), 평점 4.7"
스마텔_5G_25,스마텔,5G 음성무제한 11GB,10800,11.0,1,999,200,무제한,5G,평점 4.2
에이모바일_LTE_53,에이모바일,A 갓성비 5GB/230분 9,990,5.0,1,230,100,무제한,LTE,"정상가 9,350원, 할인 9개월, 평점 4.2"
스마텔_5G_26,스마텔,5G 스위트 30GB+,39600,30.0,1,999,999,1Mbps,5G,"정상가 45,100원, 할인 36개월, 평점 4.2"
리브모바일_5G_09,리브모바일,5G 무제한 30GB+,38000,30.0,1,999,999,1Mbps,5G,"정상가 42,400원, 할인 12개월, 평점 4.3"
에이모바일_LTE_54,에이모바일,A 갓성비 5GB/230분 6,110,5.0,1,230,100,무제한,LTE,"정상가 9,900원, 할인 6개월, 평점 4.2"
에이모바일_5G_12,에이모바일,A 5G 스페셜,38500,180.0,1,999,999,무제한,5G,"정상가 58,300원, 할인 7개월, 평점 4.2"
티플러스_LTE_144,티플러스,티플포유(6G/500분),1900,6.0,1,500,100,무제한,LTE,"정상가 12,100원, 할인 6개월, 평점 4.3"
KT스카이라이프_LTE_70,KT스카이라이프,모두 충분 1.5GB+,9900,1.5,1,999,999,400Kbps,LTE,"S-머니 3만원(매월 5천원씩 6개월간), 기본 가입혜택 2만원, 평점 4.5"
모빙_LTE_127,모빙,[L] 200분2GB,3300,2.0,1,200,200,무제한,LTE,평점 4.3
이야기모바일_5G_16,이야기모바일,5G 이야기 무한 200GB,49800,200.0,1,999,999,5Mbps,5G,"정상가 53,100원, 할인 7개월, 네이버페이 5,000원, 평점 4.5"
고고모바일_5G_16,고고모바일,5G무제한 30GB+1Mbps,40040,30.0,1,999,999,1Mbps,5G,"3대 마트 상품권 2만원, 추가데이터 10GB 제공, KT유심&배송비 무료, 원스토리 3,000P 쿠폰 , 평점 4.2"
KT스카이라이프_LTE_71,KT스카이라이프,슬림 3GB/300분,6900,3.0,1,300,300,무제한,LTE,"S-머니 3만원(매월 5천원씩 6개월간), 기본 가입혜택 2만원, 평점 4.5"
스마텔_LTE_108,스마텔,USIM스마트 심플(200분 + 1GB),1900,1.0,1,200,100,무제한,LTE,"정상가 5,500원, 할인 6개월, 평점 4.2"
모빙_5G_23,모빙,5G 180GB+,50000,180.0,1,999,999,무제한,5G,"정상가 63,400원, 할인 24개월, 평점 4.3"
스마텔_5G_27,스마텔,5G 음성무제한 25GB,21800,25.0,1,999,200,무제한,5G,평점 4.2
스노우맨_5G_04,스노우맨,스노우맨5G심플70GB,55000,70.0,1,999,999,1Mbps,5G,평점 4
인스모바일_LTE_38,인스모바일,[평생할인]실속 200분+2GB(USIM),2970,2.0,1,200,50,무제한,LTE,평점 4.4
에이모바일_5G_13,에이모바일,A 5G 스페셜 슈퍼,29500,95.0,1,999,999,3Mbps,5G,"정상가 48,200원, 할인 7개월, 평점 4.2"
아이즈모바일_LTE_159,아이즈모바일,[S]톨(200분/2GB),3650,2.0,1,200,100,무제한,LTE,평점 4.2
티플러스_LTE_145,티플러스,티플 드림(2GB/200분),6600,2.0,1,200,200,무제한,LTE,평점 4.3
아이즈모바일_LTE_160,아이즈모바일,[K]톨(200분/2GB),4200,2.0,1,200,100,무제한,LTE,"3대 마트 상품권 2만원 증정, 평점 4.2"
모빙_5G_24,모빙,5G 홈결합 150GB+,44100,150.0,1,999,999,5Mbps,5G,"정상가 60,500원, 할인 12개월, 평점 4.3"
모나_LTE_19,모나,모나300분10G안심1,2530,10.0,1,300,200,1Mbps,LTE,"정상가 38,500원, 할인 10개월,  NFC 유심 무료 제공, 4대 편의점 최대 10.1%적립, 평점 4.4"
리브모바일_5G_10,리브모바일,5G 무제한 200GB+,53900,200.0,1,999,999,5Mbps,5G,평점 4.3
모빙_5G_25,모빙,[L] 5G 150GB+,45000,150.0,1,999,999,5Mbps,5G,"정상가 60,500원, 할인 24개월, 평점 4.3"
티플러스_LTE_146,티플러스,티플포유(2G/200분),5500,2.0,1,200,100,무제한,LTE,평점 4.3
모빙_LTE_128,모빙,쏙쏙 200분2GB,5500,2.0,1,200,100,무제한,LTE,평점 4.3
KT스카이라이프_LTE_72,KT스카이라이프,모두 충분 6GB+,14900,6.0,1,999,999,400Kbps,LTE,"기본 가입혜택 2만원, S-머니 6만원(매월 1만원씩 6개월간), 평점 4.5"
KT스카이라이프_LTE_73,KT스카이라이프,모두 충분 4.5GB+,13200,4.5,1,999,999,400Kbps,LTE,"기본 가입혜택 2만원, S-머니 6만원(매월 1만원씩 6개월간), 평점 4.5"
이지모바일_5G_16,이지모바일,[5G]이지 평생 2.5GB,2400,2.5,1,200,100,무제한,5G,"일반유심/배송비 무료, 평점 4.3"
리브모바일_LTE_44,리브모바일,ESG LTE 3GB+(100분),7600,3.0,1,100,100,1Mbps,LTE,"정상가 10,900원, 할인 12개월, 평점 4.3"
더원모바일_LTE_01,더원모바일,TOP 100GB 기본 (밀리의서재),17050,100.0,1,999,999,5Mbps,LTE,"정상가 46,200원, 할인 7개월, 솔로결합(+20GB), 밀리의서재 평생 무료 구독권, 3대마트 상품권 2만원 제공, 평점 4.6"
U+유모바일_LTE_60,U+유모바일,[평생할인] 2.5GB/200분,6500,2.5,1,200,100,무제한,LTE,"가족결합시 Npay 10% 혜택(다모아 결합), 평점 4.4"
더원모바일_LTE_02,더원모바일,TOP 100GB 기본 (올리브영),19030,100.0,1,999,999,5Mbps,LTE,"정상가 46,200원, 할인 7개월, 솔로결합(+20GB), 3대마트 상품권 2만원 제공, 올리브영 매월 5,000원 제공, 평점 4.6"
더원모바일_LTE_03,더원모바일,TOP 100GB 기본 (다이소),19030,100.0,1,999,999,5Mbps,LTE,"정상가 46,200원, 할인 7개월, 솔로결합(+20GB), 3대마트 상품권 2만원 제공, 다이소 매월 5,000원 제공, 평점 4.6"
더원모바일_LTE_04,더원모바일,TOP 100GB 기본 (네이버페이),19030,100.0,1,999,999,5Mbps,LTE,"정상가 46,200원, 할인 7개월, 솔로결합(+20GB), 네이버페이 매월 5,000P 제공, 3대마트 상품권 2만원 제공, 평점 4.6"
더원모바일_LTE_05,더원모바일,TOP 11GB 기본 (밀리의서재),15070,60.0,1,999,999,3Mbps,LTE,"정상가 38,500원, 할인 7개월, 솔로결합(+20GB), 밀리의서재 평생 무료 구독권, 3대마트 상품권 2만원 제공, 평점 4.6"
더원모바일_LTE_06,더원모바일,TOP 11GB 기본 (올리브영),17050,60.0,1,999,999,3Mbps,LTE,"정상가 40,700원, 할인 7개월, 솔로결합(+20GB), 3대마트 상품권 2만원 제공, 올리브영 매월 5,000원 제공, 평점 4.6"
더원모바일_LTE_07,더원모바일,TOP 11GB 기본 (다이소),17050,60.0,1,999,999,3Mbps,LTE,"정상가 40,700원, 할인 7개월, 솔로결합(+20GB), 3대마트 상품권 2만원 제공, 다이소 매월 5,000원 제공, 평점 4.6"
더원모바일_LTE_08,더원모바일,TOP 11GB 기본 (네이버페이),17050,60.0,1,999,999,3Mbps,LTE,"정상가 40,700원, 할인 7개월, 솔로결합(+20GB), 네이버페이 매월 5,000P 제공, 3대마트 상품권 2만원 제공, 평점 4.6"
더원모바일_LTE_09,더원모바일,TOP 11GB 기본 (멜론),17050,60.0,1,999,999,3Mbps,LTE,"정상가 41,800원, 할인 7개월, 솔로결합(+20GB), 멜론 모바일 스트리밍 클럽 이용권 증정, 3대마트 상품권 2만원 제공, 평점 4.6"
스마텔_LTE_109,스마텔,스마일플러스(200분+1GB),1820,1.0,1,200,100,무제한,LTE,"정상가 6,000원, 할인 5개월, 평점 4.2"
더원모바일_LTE_10,더원모바일,TOP 7GB 기본 (밀리의서재),10010,7.0,1,999,999,1Mbps,LTE,"정상가 22,000원, 할인 7개월, 솔로결합(+5GB), 밀리의서재 평생 무료 구독권, 3대마트 상품권 2만원 제공, 데이터 10GB 추가 제공(24개월간), 평점 4.6"
스마텔_LTE_110,스마텔,후후 플러스 (200분+1GB),2150,1.0,1,200,100,무제한,LTE,"정상가 6,330원, 할인 5개월, 평점 4.2"
더원모바일_LTE_11,더원모바일,TOP 7GB 기본 (올리브영),12100,7.0,1,999,999,1Mbps,LTE,"정상가 26,400원, 할인 7개월, 솔로결합(+5GB), 3대마트 상품권 2만원 제공, 올리브영 매월 5,000원 제공, 데이터 10GB 추가 제공(24개월간), 평점 4.6"
더원모바일_LTE_12,더원모바일,TOP 7GB 기본 (다이소),12100,7.0,1,999,999,1Mbps,LTE,"정상가 26,400원, 할인 7개월, 솔로결합(+5GB), 3대마트 상품권 2만원 제공, 다이소 매월 5,000원 제공, 데이터 10GB 추가 제공(24개월간), 평점 4.6"
더원모바일_LTE_13,더원모바일,TOP 7GB 기본 (네이버페이),12100,7.0,1,999,999,1Mbps,LTE,"정상가 26,400원, 할인 7개월, 솔로결합(+5GB), 네이버페이 매월 5,000P 제공, 3대마트 상품권 2만원 제공, 데이터 10GB 추가 제공(24개월간), 평점 4.6"
스마텔_LTE_111,스마텔,USIM 심플 (50분 + 1.8GB),1900,1.8,1,50,50,무제한,LTE,"정상가 3,300원, 할인 6개월, 평점 4.2"
더원모바일_LTE_14,더원모바일,TOP 15GB 100분 (밀리의서재),13090,15.0,1,100,100,3Mbps,LTE,"정상가 33,000원, 할인 7개월, 밀리의서재 평생 무료 구독권, 솔로결합(+10GB), 3대마트 상품권 2만원 제공, 평점 4.6"
리브모바일_5G_11,리브모바일,5G 든든 2GB,7500,2.0,1,999,999,무제한,5G,"정상가 11,900원, 할인 12개월, 평점 4.3"
더원모바일_LTE_15,더원모바일,TOP 15GB 100분 (올리브영),15070,15.0,1,100,100,3Mbps,LTE,"정상가 35,200원, 할인 7개월, 솔로결합(+10GB), 3대마트 상품권 2만원 제공, 올리브영 매월 5,000원 제공, 평점 4.6"
더원모바일_LTE_16,더원모바일,TOP 15GB 100분 (다이소),15070,15.0,1,100,100,3Mbps,LTE,"정상가 35,200원, 할인 7개월, 솔로결합(+10GB), 3대마트 상품권 2만원 제공, 다이소 매월 5,000원 제공, 평점 4.6"
에이모바일_5G_14,에이모바일,A 5G 스페셜 플러스,27500,80.0,1,999,999,1Mbps,5G,"정상가 46,200원, 할인 7개월, 평점 4.2"
스마텔_LTE_112,스마텔,후후 심플 (50분 + 1.8GB),2230,1.8,1,50,50,무제한,LTE,"정상가 3,630원, 할인 6개월, 평점 4.2"
이야기모바일_LTE_69,이야기모바일,이야기 라이트 200분2.5GB+,7700,2.5,1,200,100,1Mbps,LTE,"정상가 12,100원, 할인 12개월, 네이버페이 5,000원, 평점 4.5"
모빙_LTE_129,모빙,[K] 500분5GB,7700,5.0,1,500,500,무제한,LTE,평점 4.3
아이즈모바일_LTE_161,아이즈모바일,[K]그란데(500분/6GB),6200,6.0,1,500,100,무제한,LTE,"3대 마트 상품권 2만원 증정, 평점 4.2"
KT_5G_17,KT,요고 46,46000,80.0,1,999,999,1Mbps,5G,평점 3.9
U+유모바일_LTE_61,U+유모바일,[평생할인] 3GB+/100분,9500,3.0,1,100,100,1Mbps,LTE,"가족결합시 Npay 10% 혜택(다모아 결합), 평점 4.4"
인스모바일_LTE_39,인스모바일,데이터 안심 2.5GB+(USIM),5280,2.5,1,200,100,1Mbps,LTE,"정상가 14,300원, 할인 6개월, 평점 4.4"
airbySKtelecom_5G_01,air by SK telecom,air X(무제한),58000,-1.0,1,999,999,무제한,5G,
airbySKtelecom_5G_02,air by SK telecom,air 7GB,29000,7.0,1,999,999,1Mbps,5G,
U+유모바일_5G_19,U+유모바일,[평생할인] 5G 2GB/통화기본,7300,2.0,1,999,999,무제한,5G,"가족결합시 Npay 10% 혜택(다모아 결합), 평점 4.4"
KT_5G_18,KT,요고 40,40000,30.0,1,999,999,1Mbps,5G,평점 3.9
모빙_5G_26,모빙,5G U모빙 200GB+,47700,200.0,1,999,999,5Mbps,5G,"정상가 60,100원, 할인 24개월, 평점 4.3"
더원모바일_LTE_17,더원모바일,TOP 15GB 기본 (밀리의서재),13090,15.0,1,999,999,1Mbps,LTE,"정상가 29,700원, 할인 7개월, 솔로결합(+10GB), 밀리의서재 평생 무료 구독권, 3대마트 상품권 2만원 제공, 데이터 10GB 추가 제공(24개월간), 평점 4.6"
더원모바일_LTE_18,더원모바일,TOP 15GB 기본 (후후),13090,15.0,1,999,999,1Mbps,LTE,"정상가 30,800원, 할인 7개월, 솔로결합(+10GB), 3대마트 상품권 2만원 제공, 데이터 10GB 추가 제공(24개월간), 평점 4.6"
더원모바일_5G_01,더원모바일,ONE 5G 15GB 300분,1210,15.0,1,300,200,무제한,5G,"정상가 22,000원, 할인 6개월, 3대마트 상품권 2만원 제공, 평점 4.6"
더원모바일_5G_02,더원모바일,TOP 5G 110GB 기본 (밀리의서재),19800,110.0,1,999,999,5Mbps,5G,"정상가 47,300원, 할인 7개월, 솔로결합(+20GB), 밀리의서재 평생 무료 구독권, 3대마트 상품권 2만원 제공, 평점 4.6"
스마텔_LTE_113,스마텔,스마일 플러스(50분+1.8GB),1760,1.8,1,50,50,무제한,LTE,"정상가 3,300원, 할인 5개월, 평점 4.2"
이야기모바일_LTE_70,이야기모바일,[모요only] 모두이야기해 2.5GB+,6600,2.5,1,200,100,1Mbps,LTE,"정상가 12,100원, 할인 6개월, 네이버페이 5,000원, 평점 4.5"
더원모바일_5G_03,더원모바일,TOP 5G 110GB 기본 (올리브영),22000,110.0,1,999,999,5Mbps,5G,"정상가 47,300원, 할인 7개월, 솔로결합(+20GB), 3대마트 상품권 2만원 제공, 올리브영 매월 5,000원 제공, 평점 4.6"
더원모바일_5G_04,더원모바일,TOP 5G 110GB 기본 (다이소),22000,110.0,1,999,999,5Mbps,5G,"정상가 47,300원, 할인 7개월, 솔로결합(+20GB), 3대마트 상품권 2만원 제공, 다이소 매월 5,000원 제공, 평점 4.6"
KT스카이라이프_LTE_74,KT스카이라이프,슬림 1.5GB/150분,5000,1.5,1,150,150,무제한,LTE,"S-머니 3만원(매월 5천원씩 6개월간), 기본 가입혜택 2만원, 평점 4.5"
스마텔_LTE_114,스마텔,후후 플러스 (50분+1.8GB),2090,1.8,1,50,50,무제한,LTE,"정상가 3,630원, 할인 5개월, 평점 4.2"
더원모바일_5G_05,더원모바일,ONE 5G 20GB 기본,6600,20.0,1,999,999,무제한,5G,"정상가 23,100원, 할인 12개월, 3대마트 상품권 2만원 제공, 평점 4.6"
티플러스_5G_16,티플러스,5G 가성비플러스(30GB/350분),15900,30.0,1,350,100,무제한,5G,"정상가 39,600원, 할인 7개월, 3대 마트 상품권 2만원 증정, 평점 4.3"
티플러스_LTE_147,티플러스,가성비플러스(30GB/350분),15900,30.0,1,350,100,무제한,LTE,"정상가 39,600원, 할인 7개월, 3대 마트 상품권 2만원 증정, 평점 4.3"
LG헬로모바일_LTE_36,LG헬로모바일,CU 유심 1.5GB 150분,5900,1.5,1,150,150,무제한,LTE,"가입사은품 3만원, 구글 AI프로+도미노피자 할인쿠폰, 프레딧 쿠폰 2만원(5천원*4개월), 평점 4.7"
LG헬로모바일_LTE_37,LG헬로모바일,프레딧 유심 1.5GB 150분,5900,1.5,1,150,150,무제한,LTE,"가입사은품 3만원, 구글 AI프로+도미노피자 할인쿠폰, 프레딧 쿠폰 2만원(5천원*4개월), 평점 4.7"
이지모바일_5G_17,이지모바일,EG 5G 심플 90GB+,29900,90.0,1,999,999,1Mbps,5G,"정상가 49,500원, 할인 12개월, 5대 마트 상품권 2만원, 일반유심/배송비 무료, 평점 4.3"
스마텔_LTE_115,스마텔,USIM 심플 (500분 + 1GB),1900,1.0,1,500,100,무제한,LTE,"정상가 6,600원, 할인 6개월, 평점 4.2"
더원모바일_5G_06,더원모바일,TOP 5G 무제한12GB,990,12.0,1,999,999,무제한,5G,"정상가 23,100원, 할인 10개월, 3대마트 상품권 2만원 제공, 평점 4.6"
KT_5G_19,KT,요고 55,55000,200.0,1,999,999,5Mbps,5G,평점 3.9
고고모바일_5G_17,고고모바일,[모요only] 5G 무제한 90GB+1Mbps,32000,90.0,1,999,999,1Mbps,5G,"정상가 44,000원, 할인 12개월, 3대 마트 상품권 2만원, 추가데이터 10GB 제공, KT유심&배송비 무료, 원스토리 3,000P 쿠폰 , 평점 4.2"
모빙_LTE_130,모빙,[K] 300분3GB,5500,3.0,1,300,300,무제한,LTE,평점 4.3
스마텔_LTE_116,스마텔,후후 심플 (500분 + 1GB),2230,1.0,1,500,100,무제한,LTE,"정상가 6,930원, 할인 6개월, 평점 4.2"
U+유모바일_LTE_62,U+유모바일,[평생할인] 2.5GB+/200분,9500,2.5,1,200,100,1Mbps,LTE,"가족결합시 Npay 10% 혜택(다모아 결합), 평점 4.4"
아이즈모바일_LTE_162,아이즈모바일,[S]음성자유/3GB,3900,3.0,1,999,100,무제한,LTE,평점 4.2
KT_5G_20,KT,요고 49,49000,120.0,1,999,999,5Mbps,5G,평점 3.9
티플러스_LTE_148,티플러스,통화안심 10GB,2900,10.0,1,999,100,무제한,LTE,"정상가 19,800원, 할인 7개월, 평점 4.3"
KG모바일_5G_11,KG모바일,[모빌카드 스페셜] 유심 5G 31GB+,27170,31.0,1,999,999,1Mbps,5G,"정상가 45,650원, 할인 7개월, 일반 유심/배송비 무료, 유독 쿠폰(구글 AI Pro,도미노피자 할인), 평점 4.6"
스마텔_5G_28,스마텔,5G 스위트 90GB+,44000,90.0,1,999,999,1Mbps,5G,"정상가 49,500원, 할인 36개월, 평점 4.2"
KT스카이라이프_5G_10,KT스카이라이프,5G 모두 충분 90GB+,40300,90.0,1,999,999,1Mbps,5G,"기본 가입혜택 2만원, S-머니 12만원(매월 2만원씩 6개월간), 평점 4.5"
KT스카이라이프_5G_11,KT스카이라이프,5G 모두 충분 90GB+(밀리의서재),40300,90.0,1,999,999,1Mbps,5G,"밀리의서재(매월11,900원)평생 구독권, 기본 가입혜택 2만원, S-머니 12만원(매월 2만원씩 6개월간), 평점 4.5"
LG헬로모바일_LTE_38,LG헬로모바일,슬림 안심 유심 2.5GB 200분,10500,2.5,1,200,100,1Mbps,LTE,"가입사은품 3만원, 구글 AI프로+도미노피자 할인쿠폰, 프레딧 쿠폰 2만원(5천원*4개월), 평점 4.7"
고고모바일_5G_18,고고모바일,5G무제한 90GB+1Mbps,44000,90.0,1,999,999,1Mbps,5G,"3대 마트 상품권 2만원, 추가데이터 10GB 제공, KT유심&배송비 무료, 원스토리 3,000P 쿠폰 , 평점 4.2"
모빙_LTE_131,모빙,[S] 데이터 3GB,4800,3.0,1,999,100,무제한,LTE,평점 4.3
더원모바일_5G_07,더원모바일,ONE 5G 5GB 100분,110,5.0,1,100,100,무제한,5G,"정상가 14,300원, 할인 10개월, 3대마트 상품권 2만원 제공, 평점 4.6"
airbySKtelecom_5G_03,air by SK telecom,air 15GB,38000,15.0,1,999,999,1Mbps,5G,
KG모바일_5G_12,KG모바일,[일반] 유심 5G 31GB+,34320,31.0,1,999,999,1Mbps,5G,"정상가 45,650원, 할인 12개월, 유독 쿠폰(구글 AI Pro,도미노피자 할인), 일반 유심/배송비 무료, 평점 4.6"
더원모바일_5G_08,더원모바일,TOP 5G 알뜰12GB,110,12.0,1,100,100,무제한,5G,"정상가 22,000원, 할인 10개월, 3대마트 상품권 2만원 제공, 평점 4.6"
U+유모바일_5G_20,U+유모바일,[평생할인] 5G 31GB+/통화기본,36650,31.0,1,999,999,1Mbps,5G,"가족결합시 Npay 10% 혜택(다모아 결합), 우리결합시, 데이터 10GB 추가 증정, 평점 4.4"
모빙_LTE_132,모빙,모빙 데이터 4G+,25600,4.0,1,999,999,1Mbps,LTE,"정상가 35,000원, 할인 24개월, 평점 4.3"
더원모바일_LTE_19,더원모바일,TOP 100분 12GB+1Mbps,110,12.0,1,100,100,1Mbps,LTE,"정상가 19,800원, 할인 6개월, 3대마트 상품권 2만원 제공, 평점 4.6"
더원모바일_5G_09,더원모바일,TOP 5G 200GB 기본 (밀리의서재),25080,200.0,1,999,999,무제한,5G,"정상가 55,000원, 할인 7개월, 솔로결합(+20GB), 밀리의서재 평생 무료 구독권, 3대마트 상품권 2만원 제공, 평점 4.6"
더원모바일_5G_10,더원모바일,TOP 5G 200GB 기본 (지니뮤직),27060,200.0,1,999,999,무제한,5G,"정상가 55,000원, 할인 7개월, 솔로결합(+20GB), 지니뮤직 무료이용권 매월 제공, 3대마트 상품권 2만원 제공, 평점 4.6"
리브모바일_5G_12,리브모바일,5G 무제한 31GB+(LGU+망),36500,31.0,1,999,999,1Mbps,5G,"정상가 40,900원, 할인 12개월, 평점 4.3"
아이즈모바일_LTE_163,아이즈모바일,세이브머니유심(태블릿/스마트기기 25GB+),36300,60.0,1,0,0,3Mbps,LTE,"3대 마트 상품권 2만원 증정, 평점 4.2"
LG헬로모바일_5G_08,LG헬로모바일,5G 유심 중간요금제 31GB,39600,31.0,1,999,999,1Mbps,5G,"가입사은품 3만원, 구글 AI프로+도미노피자 할인쿠폰, 프레딧 쿠폰 2만원(5천원*4개월), 평점 4.7"
스노우맨_5G_05,스노우맨,스노우맨 5G 슬림플러스,60500,30.0,1,999,999,1Mbps,5G,평점 4
더원모바일_LTE_20,더원모바일,TOP 10GB 기본 (밀리의서재),13090,10.0,1,999,999,1Mbps,LTE,"정상가 27,500원, 할인 7개월, 솔로결합(+10GB), 밀리의서재 평생 무료 구독권, 3대마트 상품권 2만원 제공, 데이터 10GB 추가 제공(24개월간), 평점 4.6"
더원모바일_LTE_21,더원모바일,TOP 10GB 기본 (CU할인),13090,10.0,1,999,999,1Mbps,LTE,"정상가 28,600원, 할인 7개월, 솔로결합(+10GB), 3대마트 상품권 2만원 제공, CU 20% 오프라인 결제할인, 데이터 10GB 추가 제공(24개월간), 평점 4.6"
스마텔_LTE_117,스마텔,스마일플러스 (500분+1GB),2970,1.0,1,500,100,무제한,LTE,"정상가 6,600원, 할인 5개월, 평점 4.2"
스마텔_LTE_118,스마텔,후후 플러스 (500분+1GB),3300,1.0,1,500,100,무제한,LTE,"정상가 6,930원, 할인 5개월, 평점 4.2"
더원모바일_LTE_22,더원모바일,TOP 15GB 300분 (CU할인),14080,15.0,1,300,300,3Mbps,LTE,"정상가 37,400원, 할인 7개월, 솔로결합(+10GB), 3대마트 상품권 2만원 제공, CU 20% 오프라인 결제할인, 평점 4.6"
더원모바일_LTE_23,더원모바일,TOP 15GB 300분 (올리브영),16060,15.0,1,300,300,3Mbps,LTE,"정상가 38,500원, 할인 7개월, 솔로결합(+10GB), 3대마트 상품권 2만원 제공, 올리브영 매월 5,000원 제공, 평점 4.6"
더원모바일_LTE_24,더원모바일,TOP 15GB 300분 (다이소),16060,15.0,1,300,300,3Mbps,LTE,"정상가 38,500원, 할인 7개월, 솔로결합(+10GB), 3대마트 상품권 2만원 제공, 다이소 매월 5,000원 제공, 평점 4.6"
인스모바일_LTE_40,인스모바일,실속 300분+4GB(USIM),2640,4.0,1,300,100,무제한,LTE,"정상가 19,800원, 할인 6개월, 평점 4.4"
스마텔_LTE_119,스마텔,USIM스마트 심플(100분+2.5GB),2800,2.5,1,100,100,무제한,LTE,"정상가 7,500원, 할인 12개월, 평점 4.2"
에이모바일_LTE_55,에이모바일,A 갓성비 6GB/300분 9,1100,6.0,1,300,100,무제한,LTE,"정상가 11,000원, 할인 9개월, 평점 4.2"
U+유모바일_LTE_63,U+유모바일,[평생할인] 9GB/3000분,12500,9.0,1,3000,1000,무제한,LTE,"가족결합시 Npay 10% 혜택(다모아 결합), 평점 4.4"
에이모바일_LTE_56,에이모바일,A 갓성비 6GB/300분 6,110,6.0,1,300,100,무제한,LTE,"정상가 11,550원, 할인 6개월, 평점 4.2"
U+유모바일_LTE_64,U+유모바일,[올리브영 12만원] 9GB/3000분,13500,9.0,1,3000,1000,무제한,LTE,"가족결합시 Npay 10% 혜택(다모아 결합), 올리브영 12만원 혜택, 평점 4.4"
SKT_5G_20,SKT,다이렉트5G 27,27000,6.0,1,999,999,400Kbps,5G,"eSIM 수수료 비용 무료, 평점 5"
리브모바일_LTE_45,리브모바일,데이터같이쓰기 240분 (안심차단)(KT망),4400,0.0,1,240,240,무제한,LTE,평점 4.3
이지모바일_5G_18,이지모바일,[5G]이지 무제한 14G+1,25630,14.0,1,999,999,1Mbps,5G,"정상가 37,400원, 할인 7개월, 일반유심/배송비 무료, 평점 4.3"
티플러스_LTE_149,티플러스,티플 데이터마음껏3G(100분),8800,3.0,1,100,100,1Mbps,LTE,평점 4.3
모빙_LTE_133,모빙,모빙 500분 7GB,5500,7.0,1,500,500,무제한,LTE,평점 4.3
SKT_5G_21,SKT,0 청년 다이렉트 30,30000,8.0,1,999,999,400Kbps,5G,"CGV 영화관람권 50% 할인 (월 1장), eSIM 수수료 비용 무료, 로밍 50% 할인, 커피 전문점 50% 할인 (월 1잔), 평점 5"
모빙_5G_27,모빙,[K] 5G 밀리의서재 90GB+,34100,90.0,1,999,999,1Mbps,5G,"정상가 60,500원, 할인 12개월, 평점 4.3"
모빙_5G_28,모빙,[K] 5G 데이터 90GB+,34100,90.0,1,999,999,1Mbps,5G,"정상가 60,500원, 할인 12개월, 평점 4.3"
SKT_5G_22,SKT,다이렉트5G 31,31000,8.0,1,999,999,400Kbps,5G,"eSIM 수수료 비용 무료, 평점 5"
위너스텔_LTE_03,위너스텔,공유 240분,4950,0.0,1,240,240,무제한,LTE,평점 4.7
KT스카이라이프_LTE_75,KT스카이라이프,웨어러블 Watch,6600,0.25,1,50,250,200Kbps,LTE,평점 4.5
리브모바일_5G_13,리브모바일,5G 무제한 250GB+,56100,250.0,1,999,999,5Mbps,5G,평점 4.3
LG헬로모바일_LTE_39,LG헬로모바일,The 착한 데이터 유심 9GB 3000분,16900,9.0,1,3000,1000,무제한,LTE,"가입사은품 3만원, 구글 AI프로+도미노피자 할인쿠폰, 프레딧 쿠폰 2만원(5천원*4개월), 평점 4.7"
이야기모바일_LTE_71,이야기모바일,내맘대로S(200+3GB),5500,3.0,1,200,200,무제한,LTE,"정상가 8,800원, 할인 12개월, 네이버페이 5,000원, 평점 4.5"
리브모바일_5G_14,리브모바일,5G무제한 14GB+(KT망),33100,14.0,1,999,999,1Mbps,5G,"정상가 37,500원, 할인 12개월, 평점 4.3"
모빙_LTE_134,모빙,실속 200분2.5GB+,6600,2.5,1,200,100,1Mbps,LTE,평점 4.3
티플러스_LTE_150,티플러스,티플포유(1.8G/50분),3300,1.8,1,50,50,무제한,LTE,평점 4.3
스노우맨_LTE_25,스노우맨,LTE데이터선택10G,49390,60.0,1,999,999,3Mbps,LTE,평점 4
티플러스_5G_17,티플러스,5G 통화안심 10GB,7900,10.0,1,999,100,무제한,5G,"정상가 19,800원, 할인 4개월, 평점 4.3"
U+유모바일_5G_21,U+유모바일,[평생할인] 5G 14GB+/통화기본,33010,14.0,1,999,999,1Mbps,5G,"가족결합시 Npay 10% 혜택(다모아 결합), 우리결합시, 데이터 5GB 추가 증정, 평점 4.4"
KT스카이라이프_5G_12,KT스카이라이프,5G 모두 충분 14GB+,32000,14.0,1,999,999,1Mbps,5G,"기본 가입혜택 2만원, S-머니 12만원(매월 2만원씩 6개월간), 평점 4.5"
KT스카이라이프_LTE_76,KT스카이라이프,모두 충분 2.5GB+,11800,2.5,1,999,999,400Kbps,LTE,"기본 가입혜택 2만원, S-머니 6만원(매월 1만원씩 6개월간), 평점 4.5"
슈가모바일_5G_09,슈가모바일,5G Sugar 통화마음대로 12GB+,21500,12.0,1,999,999,1Mbps,5G,"정상가 41,300원, 할인 7개월, 평점 4.6"
KG모바일_5G_13,KG모바일,[모빌카드 스페셜] 유심 5G 12GB+,22550,12.0,1,999,999,1Mbps,5G,"정상가 41,800원, 할인 7개월, 유독 쿠폰(구글 AI Pro,도미노피자 할인), 일반 유심/배송비 무료, 평점 4.6"
LG헬로모바일_5G_09,LG헬로모바일,5G 라이트 유심 14GB,36300,14.0,1,999,999,1Mbps,5G,"가입사은품 3만원, 헬로모바일 결합시, 추가 데이터 5GB 증정, 구글 AI프로+도미노피자 할인쿠폰, 프레딧 쿠폰 2만원(5천원*4개월), 평점 4.7"
인스모바일_5G_05,인스모바일,인스 유심 스피드(5G) 12GB+,25300,12.0,1,999,999,1Mbps,5G,"정상가 50,600원, 할인 7개월, 평점 4.4"
찬스모바일_5G_06,찬스모바일, 5G 음성기본 12GB+1Mbps,25801,12.0,1,999,999,1Mbps,5G,"정상가 42,301원, 할인 7개월, 유심/배송비 무료, 평점 4.5"
아이즈모바일_LTE_164,아이즈모바일,[L]그란데(300분/4GB),4200,4.0,1,300,100,무제한,LTE,"정상가 13,000원, 할인 24개월, 평점 4.2"
이지모바일_5G_19,이지모바일,EG 5G평생 2.5GB,3300,2.5,1,100,100,무제한,5G,"5대 마트 상품권 2만원, 일반유심/배송비 무료, 평점 4.3"
SKT_5G_23,SKT,0 청년 다이렉트 55,55000,300.0,1,999,999,5Mbps,5G,"티빙 광고형 스탠다드 제공 (12개월), 네이버웹툰 쿠키 30개 (12개월), CGV 영화관람권 50% 할인 (월 1장), 네이버페이 월 3.3만 원 x 6개월, 첫 달 요금 네이버페이로 전액 환급, eSIM 수수료 비용 무료, 로밍 50% 할인, 커피 전문점 50% 할인 (월 1잔), USIM 수수료 비용 무료, 평점 5"
이야기모바일_5G_17,이야기모바일,이야기 300분+5GB(5G),100,5.0,1,300,50,무제한,5G,"정상가 13,200원, 할인 4개월, 네이버페이 5,000원, 평점 4.5"
이야기모바일_5G_18,이야기모바일,5G 이야기 라이트 12GB+,29700,12.0,1,999,999,1Mbps,5G,"정상가 41,800원, 할인 7개월, 네이버페이 5,000원, 평점 4.5"
KG모바일_5G_14,KG모바일,[일반] 유심 5G 12GB+,30800,12.0,1,999,999,1Mbps,5G,"정상가 41,800원, 할인 12개월, 일반 유심/배송비 무료, 유독 쿠폰(구글 AI Pro,도미노피자 할인), 평점 4.6"
리브모바일_5G_15,리브모바일,5G 든든무제한 12GB+,30500,12.0,1,999,999,1Mbps,5G,"정상가 34,900원, 할인 12개월, 평점 4.3"
스노우맨_5G_06,스노우맨,스노우맨5G심플90GB,57200,90.0,1,999,999,1Mbps,5G,평점 4
스노우맨_LTE_26,스노우맨,LTE데이터선택2G,32890,2.0,1,999,999,무제한,LTE,평점 4
LG헬로모바일_LTE_40,LG헬로모바일,DATA 걱정없는 유심 2.5GB,25100,2.5,1,999,999,400Kbps,LTE,"가입사은품 3만원, 구글 AI프로+도미노피자 할인쿠폰, 프레딧 쿠폰 2만원(5천원*4개월), 평점 4.7"
티플러스_LTE_151,티플러스,티플 드림(3GB/200분),2000,3.0,1,200,200,무제한,LTE,"정상가 7,700원, 할인 4개월, 평점 4.3"
LG헬로모바일_LTE_41,LG헬로모바일,슬림 유심 2GB 200분,3700,2.0,1,200,150,무제한,LTE,"구글 AI프로+도미노피자 할인쿠폰, 프레딧 쿠폰 2만원(5천원*4개월), 평점 4.7"
슈가모바일_5G_10,슈가모바일,5G Sugar 실속(300분/5GB),4400,5.0,1,300,200,무제한,5G,평점 4.6
스마텔_5G_29,스마텔,5G 스마트 12GB,36300,12.0,1,999,999,1Mbps,5G,평점 4.2
스노우맨_LTE_27,스노우맨,스노우맨 데이터3GB+,49000,3.0,1,999,999,1Mbps,LTE,평점 4
더원모바일_5G_11,더원모바일,ONE 5G 20GB 300분,2750,20.0,1,300,200,무제한,5G,"정상가 24,200원, 할인 6개월, 3대마트 상품권 2만원 제공, 평점 4.6"
U+유모바일_LTE_65,U+유모바일,[평생할인] 15GB+/180분,26900,15.0,1,180,100,3Mbps,LTE,"가족결합시 Npay 10% 혜택(다모아 결합), 우리결합시, 데이터 10GB 추가 증정, 평점 4.4"
티플러스_5G_18,티플러스,5G 통화안심 30GB,21900,30.0,1,999,100,무제한,5G,"정상가 39,600원, 할인 4개월, 평점 4.3"
이야기모바일_5G_19,이야기모바일,5G 이야기 무한 54GB,39600,54.0,1,999,999,1Mbps,5G,"정상가 45,100원, 할인 7개월, 네이버페이 5,000원, 평점 4.5"
더원모바일_5G_12,더원모바일,ONE 5G 30GB 기본,9900,30.0,1,999,999,무제한,5G,"정상가 29,700원, 할인 12개월, 3대마트 상품권 2만원 제공, 평점 4.6"
이야기모바일_5G_20,이야기모바일,5G 이야기 무한 99GB,41800,99.0,1,999,999,1Mbps,5G,"정상가 47,300원, 할인 7개월, 네이버페이 5,000원, 평점 4.5"
LG헬로모바일_LTE_42,LG헬로모바일,보편 안심 유심 15GB 180분,30800,15.0,1,180,100,3Mbps,LTE,"가입사은품 3만원, 헬로모바일 결합시, 추가 데이터 10GB 증정, 구글 AI프로+도미노피자 할인쿠폰, 프레딧 쿠폰 2만원(5천원*4개월), 평점 4.7"
고고모바일_LTE_54,고고모바일,LTE200분/3GB-데이터소진후 자동차단,9900,3.0,1,200,200,무제한,LTE,"3대 마트 상품권 2만원, KT유심&배송비 무료, 원스토리 3,000P 쿠폰 , 평점 4.2"
이야기모바일_LTE_72,이야기모바일,이야기 베이직 2.5GB+,26400,2.5,1,999,999,400Kbps,LTE,"네이버페이 5,000원, 평점 4.5"
이야기모바일_LTE_73,이야기모바일,내맘대로 차단형 (50분+0MB),3300,0.0,1,50,50,무제한,LTE,"네이버페이 5,000원, 평점 4.5"
모빙_LTE_135,모빙,[L] 300분4GB,4000,4.0,1,300,100,무제한,LTE,평점 4.3
모빙_LTE_136,모빙,모빙 300분20GB,13000,20.0,1,300,300,무제한,LTE,평점 4.3
SKT_5G_24,SKT,다이렉트5G 55,55000,250.0,1,999,999,5Mbps,5G,"티빙 광고형 스탠다드 제공 (12개월), 네이버웹툰 쿠키 30개 (12개월), 네이버페이 월 3.3만 원 x 6개월, 첫 달 요금 네이버페이로 전액 환급, eSIM 수수료 비용 무료, 스마트기기 이용 요금 50% 할인 (1회선), USIM 수수료 비용 무료, 평점 5"
아이즈모바일_LTE_165,아이즈모바일,[K]그란데(300분/4GB),5300,4.0,1,300,100,무제한,LTE,"3대 마트 상품권 2만원 증정, 평점 4.2"
아이즈모바일_LTE_166,아이즈모바일,[S]그란데(300분/4GB),5300,4.0,1,300,100,무제한,LTE,"3대 마트 상품권 2만원 증정, 평점 4.2"
모빙_5G_29,모빙,5G 홈결합 12GB+,30000,12.0,1,999,999,1Mbps,5G,"정상가 46,500원, 할인 12개월, 평점 4.3"
KG모바일_LTE_41,KG모바일,[일반] 평생 반값 할인 (1GB/50분),3300,1.0,1,50,0,무제한,LTE,"일반 유심/배송비 무료, 유독 쿠폰(구글 AI Pro,도미노피자 할인), 평점 4.6"
티플러스_LTE_152,티플러스,데이터통화안심 5GB+,9900,5.0,1,999,100,400Kbps,LTE,"정상가 15,400원, 할인 7개월, 3대 마트 상품권 2만원 증정, 평점 4.3"
모빙_5G_30,모빙,5G 실속 200분3GB,3500,3.0,1,200,200,무제한,5G,평점 4.3
모빙_LTE_137,모빙,[S] 200분3GB,3500,3.0,1,200,200,무제한,LTE,평점 4.3
리브모바일_5G_16,리브모바일,5G 무제한 54GB+ ,46400,54.0,1,999,999,1Mbps,5G,평점 4.3
airbySKtelecom_5G_04,air by SK telecom,air 100GB,47000,100.0,1,999,999,5Mbps,5G,
이야기모바일_5G_21,이야기모바일,5G 이야기 무한 74GB,40700,74.0,1,999,999,1Mbps,5G,"정상가 46,200원, 할인 7개월, 네이버페이 5,000원, 평점 4.5"
이야기모바일_5G_22,이야기모바일,5G 이야기 무한 24GB,37400,24.0,1,999,999,1Mbps,5G,"정상가 44,000원, 할인 7개월, 네이버페이 5,000원, 평점 4.5"
모빙_5G_31,모빙,[K] 5G 200분3GB,6600,3.0,1,200,200,무제한,5G,평점 4.3
이야기모바일_5G_23,이야기모바일,5G 함께이야기해S (500분+30GB),28600,30.0,1,500,200,무제한,5G,"네이버페이 5,000원, 평점 4.5"
이야기모바일_LTE_74,이야기모바일,[모요only] 내맘대로 (0분+1GB),4400,1.0,1,0,0,무제한,LTE,"네이버페이 5,000원, 평점 4.5"
티플러스_5G_19,티플러스,5G 통화안심 25GB,18900,25.0,1,999,100,무제한,5G,"정상가 34,100원, 할인 4개월, 평점 4.3"
리브모바일_5G_17,리브모바일,5G 무제한 24GB+ ,43400,24.0,1,999,999,1Mbps,5G,평점 4.3
LG헬로모바일_LTE_43,LG헬로모바일,The 착한 데이터 유심 1.3GB,6300,1.3,1,999,999,무제한,LTE,"가입사은품 3만원, 구글 AI프로+도미노피자 할인쿠폰, 프레딧 쿠폰 2만원(5천원*4개월), 평점 4.7"
모빙_LTE_138,모빙,[K] 250분2.5GB,110,2.5,1,250,250,무제한,LTE,"정상가 13,200원, 할인 4개월, 평점 4.3"
더원모바일_5G_13,더원모바일,ONE 5G 5GB 기본,990,5.0,1,999,999,무제한,5G,"정상가 16,500원, 할인 10개월, 3대마트 상품권 2만원 제공, 평점 4.6"
모빙_5G_32,모빙,5G 모빙 데이터 24GB+,36600,24.0,1,999,999,1Mbps,5G,"정상가 49,500원, 할인 24개월, 평점 4.3"
스마텔_5G_30,스마텔,5G 스마일 24GB+,39600,24.0,1,999,999,1Mbps,5G,평점 4.2
티플러스_5G_20,티플러스,5G 가성비플러스(25GB/350분),12900,25.0,1,350,100,무제한,5G,"정상가 34,100원, 할인 7개월, 3대 마트 상품권 2만원 증정, 평점 4.3"
티플러스_LTE_153,티플러스,가성비플러스(25GB/350분),12900,25.0,1,350,100,무제한,LTE,"정상가 34,100원, 할인 7개월, 3대 마트 상품권 2만원 증정, 평점 4.3"
이야기모바일_LTE_75,이야기모바일,함께이야기해S(1000분+20GB),23500,20.0,1,1000,200,무제한,LTE,"정상가 29,700원, 할인 12개월, 네이버페이 5,000원, 평점 4.5"
스마텔_5G_31,스마텔,5G 스마트플러스 (200분+3GB),3300,3.0,1,200,100,무제한,5G,"정상가 11,000원, 할인 12개월, 평점 4.2"
이지모바일_LTE_68,이지모바일,이지 데이터 3G,3740,3.0,1,200,100,무제한,LTE,"정상가 9,900원, 할인 6개월, 일반유심/배송비 무료, 평점 4.3"
스마텔_LTE_120,스마텔,USIM 심플 (500분 + 2GB),1900,2.0,1,500,100,무제한,LTE,"정상가 7,700원, 할인 6개월, 평점 4.2"
airbySKtelecom_5G_05,air by SK telecom,air 71GB,45000,71.0,1,999,999,3Mbps,5G,
스마텔_5G_32,스마텔,5G 스마일 플러스 (200분+3GB),3300,3.0,1,200,100,무제한,5G,"정상가 11,000원, 할인 5개월, 평점 4.2"
SKT_5G_25,SKT,다이렉트5G 42,42000,24.0,1,999,999,1Mbps,5G,"티빙 광고형 스탠다드 제공 (6개월), 네이버웹툰 쿠키 30개 (6개월), 네이버페이 월 2만 원 x 3개월, eSIM 수수료 비용 무료, USIM 수수료 비용 무료, 평점 5"
아이즈모바일_LTE_167,아이즈모바일,[L]톨(200분/3GB),3800,3.0,1,200,100,무제한,LTE,"정상가 10,400원, 할인 24개월, 평점 4.2"
SKT_LTE_01,SKT,다이렉트LTE 22,22000,1.8,1,999,999,무제한,LTE,"eSIM 수수료 비용 무료, 평점 5"
아이즈모바일_LTE_168,아이즈모바일,[L]톨(500분/2GB),3200,2.0,1,500,100,무제한,LTE,"정상가 10,900원, 할인 24개월, 평점 4.2"
스마텔_LTE_121,스마텔,스마일플러스 (500분+2GB),3850,2.0,1,500,100,무제한,LTE,"정상가 7,700원, 할인 5개월, 평점 4.2"
LG헬로모바일_LTE_44,LG헬로모바일,슬림 유심 1GB 50분,4450,1.0,1,50,999,무제한,LTE,"프레딧 쿠폰 2만원(5천원*4개월), 평점 4.7"
LG헬로모바일_LTE_45,LG헬로모바일,슬림 안심 유심 1GB 100분,8800,1.0,1,100,50,400Kbps,LTE,"가입사은품 3만원, 프레딧 쿠폰 2만원(5천원*4개월), 구글 AI프로+도미노피자 할인쿠폰, 평점 4.7"
스마텔_LTE_122,스마텔,후후 플러스 (500분+2GB),4180,2.0,1,500,100,무제한,LTE,"정상가 8,030원, 할인 5개월, 평점 4.2"
이야기모바일_5G_24,이야기모바일,5G 함께이야기해S (200분+3GB),6600,3.0,1,200,100,무제한,5G,"네이버페이 5,000원, 평점 4.5"
리브모바일_LTE_46,리브모바일,LTE 실속 3GB(200분) ,12100,3.0,1,200,100,무제한,LTE,평점 4.3
airbySKtelecom_5G_06,air by SK telecom,air 30GB,44000,30.0,1,999,999,1Mbps,5G,
이야기모바일_LTE_76,이야기모바일,내맘대로S(200+6GB),7700,6.0,1,200,200,무제한,LTE,"정상가 12,100원, 할인 12개월, 네이버페이 5,000원, 평점 4.5"
이지모바일_LTE_69,이지모바일,LTE 스마트77,3890,0.3,1,200,100,무제한,LTE,"5대 마트 상품권 2만원, 일반유심/배송비 무료, 평점 4.3"
고고모바일_5G_19,고고모바일,[모요only] 5G 200분/12GB,550,12.0,1,200,100,무제한,5G,"정상가 22,000원, 할인 7개월, 3대 마트 상품권 2만원, KT유심&배송비 무료, 평점 4.2"
찬스모바일_5G_07,찬스모바일,알찬5G 실속8G,550,8.0,1,150,100,무제한,5G,"정상가 6,600원, 할인 6개월, 유심/배송비 무료, 평점 4.5"
인스모바일_LTE_41,인스모바일,인스 유심 올프리 6GB+,11000,6.0,1,999,999,1Mbps,LTE,"정상가 25,300원, 할인 7개월, 평점 4.4"
이야기모바일_LTE_77,이야기모바일,내맘대로 차단형 (0분+500MB),3300,0.5,1,0,0,무제한,LTE,"네이버페이 5,000원, 평점 4.5"
위너스텔_LTE_04,위너스텔,조은 88,7700,1.0,1,120,120,무제한,LTE,평점 4.7
아이즈모바일_LTE_169,아이즈모바일,[S]톨(200분/3GB),4350,3.0,1,200,100,무제한,LTE,평점 4.2
아이즈모바일_LTE_170,아이즈모바일,[K]톨(200분/3GB),4570,3.0,1,200,100,무제한,LTE,"3대 마트 상품권 2만원 증정, 평점 4.2"
KT_5G_21,KT,요고 30,30000,8.0,1,999,999,무제한,5G,평점 3.9
아이즈모바일_LTE_171,아이즈모바일,[S]톨(500분/2GB),4300,2.0,1,500,100,무제한,LTE,평점 4.2
LG헬로모바일_LTE_46,LG헬로모바일,DATA 걱정없는 유심 6GB,16900,6.0,1,999,999,1Mbps,LTE,"가입사은품 3만원, 구글 AI프로+도미노피자 할인쿠폰, 프레딧 쿠폰 2만원(5천원*4개월), 평점 4.7"
아이즈모바일_LTE_172,아이즈모바일,[K]톨(500분/2GB),4740,2.0,1,500,100,무제한,LTE,"3대 마트 상품권 2만원 증정, 평점 4.2"
모빙_5G_33,모빙,5G 쏙쏙 500분15GB,12100,15.0,1,500,500,무제한,5G,평점 4.3
티플러스_LTE_154,티플러스,티플 드림(1GB/200분),4950,1.0,1,200,200,무제한,LTE,평점 4.3
티플러스_LTE_155,티플러스,티플 12GB(12GB/300분),4900,12.0,1,300,100,무제한,LTE,"정상가 18,700원, 할인 7개월, 평점 4.3"
티플러스_LTE_156,티플러스,티플포유(3G/500분),1900,3.0,1,500,100,무제한,LTE,"정상가 7,700원, 할인 6개월, 평점 4.3"
리브모바일_LTE_47,리브모바일,LTE 실속 3GB+(200분),15400,3.0,1,200,100,1Mbps,LTE,평점 4.3
아이즈모바일_LTE_173,아이즈모바일,[L]톨(500분/3GB),4000,3.0,1,500,100,무제한,LTE,"정상가 12,800원, 할인 24개월, 평점 4.2"
모빙_LTE_139,모빙,[L] 데이터 6GB+,14300,6.0,1,999,999,1Mbps,LTE,"정상가 24,200원, 할인 24개월, 평점 4.3"
고고모바일_5G_20,고고모바일,5G200분/6GB-데이터소진후 자동차단,13200,6.0,1,200,200,무제한,5G,"3대 마트 상품권 2만원, KT유심&배송비 무료, 원스토리 3,000P 쿠폰 , 평점 4.2"
LG헬로모바일_LTE_47,LG헬로모바일,데이터 더주는 11GB,34930,60.0,1,999,999,3Mbps,LTE,"가입사은품 3만원, 헬로모바일 결합시, 추가 데이터 20GB 증정, 구글 AI프로+도미노피자 할인쿠폰, 프레딧 쿠폰 2만원(5천원*4개월), 평점 4.7"
LG헬로모바일_LTE_48,LG헬로모바일,데이터 더주는 일5GB,40650,150.0,1,999,999,5Mbps,LTE,"가입사은품 3만원, 헬로모바일 결합시, 추가 데이터 20GB 증정, 구글 AI프로+도미노피자 할인쿠폰, 프레딧 쿠폰 2만원(5천원*4개월), 평점 4.7"
LG헬로모바일_LTE_49,LG헬로모바일,쿠폰팩 데이터 더주는 유심 일5GB,43050,150.0,1,999,999,5Mbps,LTE,"가입사은품 3만원, 헬로모바일 결합시, 추가 데이터 20GB 증정, 쿠폰팩 24개월(5천원*24개월) 제공, 구글 AI프로+도미노피자 할인쿠폰, 프레딧 쿠폰 2만원(5천원*4개월), 평점 4.7"
LG헬로모바일_LTE_50,LG헬로모바일,쿠폰팩 데이터 더주는 유심 11GB,37330,60.0,1,999,999,3Mbps,LTE,"가입사은품 3만원, 헬로모바일 결합시, 추가 데이터 20GB 증정, 쿠폰팩 24개월(5천원*24개월) 제공, 구글 AI프로+도미노피자 할인쿠폰, 프레딧 쿠폰 2만원(5천원*4개월), 평점 4.7"
인스모바일_LTE_42,인스모바일,[평생할인]인스 유심 올프리 6GB+,14300,6.0,1,999,999,1Mbps,LTE,평점 4.4
스마텔_LTE_123,스마텔,후후 스마일 (200분/3GB+),13200,3.0,1,200,100,1Mbps,LTE,평점 4.2
KT_5G_22,KT,요고 44,44000,40.0,1,999,999,1Mbps,5G,평점 3.9
찬스모바일_LTE_28,찬스모바일,실속50분 10GB,550,10.0,1,50,50,무제한,LTE,"정상가 7,700원, 할인 6개월, 평점 4.5"
이야기모바일_LTE_78,이야기모바일,내맘대로S(350+4GB),100,4.0,1,350,100,무제한,LTE,"정상가 11,000원, 할인 4개월, 네이버페이 5,000원, 평점 4.5"
이야기모바일_5G_25,이야기모바일,이야기 300분+7GB(5G),9900,7.0,1,300,50,무제한,5G,"네이버페이 5,000원, 평점 4.5"
이야기모바일_LTE_79,이야기모바일,이야기 라이트 6GB+,22000,6.0,1,999,999,1Mbps,LTE,"네이버페이 5,000원, 평점 4.5"
이야기모바일_LTE_80,이야기모바일,내맘대로(200분+6GB)(5G),14300,6.0,1,200,200,무제한,LTE,"네이버페이 5,000원, 평점 4.5"
모나_LTE_20,모나,[모요only] 모나400분8G,1980,8.0,1,400,200,무제한,LTE,"정상가 30,800원, 할인 10개월,  NFC 유심 무료 제공, 4대 편의점 최대 10.1%적립, 평점 4.4"
티플러스_LTE_157,티플러스,티플 완전마음껏6G＋,16500,6.0,1,999,999,1Mbps,LTE,평점 4.3
아이즈모바일_LTE_174,아이즈모바일,[K]톨(500분/3GB),5100,3.0,1,500,100,무제한,LTE,"3대 마트 상품권 2만원 증정, 평점 4.2"
아이즈모바일_LTE_175,아이즈모바일,[S]톨(500분/3GB),5100,3.0,1,500,100,무제한,LTE,평점 4.2
티플러스_5G_21,티플러스,5G 티플 12GB(12GB/300분),7000,12.0,1,300,100,무제한,5G,"정상가 18,700원, 할인 4개월, 평점 4.3"
티플러스_5G_22,티플러스,5G 통화안심 6GB,4900,6.0,1,999,100,무제한,5G,"정상가 14,300원, 할인 4개월, 평점 4.3"
모빙_5G_34,모빙,5G 쏙쏙 500분20GB,16500,20.0,1,500,500,무제한,5G,평점 4.3
티플러스_LTE_158,티플러스,데이터안심 5GB＋(100분),6600,5.0,1,100,100,400Kbps,LTE,"정상가 13,200원, 할인 7개월, 평점 4.3"
티플러스_LTE_159,티플러스,The 데이터마음껏 3GB＋(200분),17600,3.0,1,200,100,1Mbps,LTE,평점 4.3
모빙_LTE_140,모빙,[S] 데이터 1GB+,10900,1.0,1,999,100,400Kbps,LTE,"정상가 19,700원, 할인 24개월, 평점 4.3"
아이즈모바일_LTE_176,아이즈모바일,[L]벤티(200분/8GB),7500,8.0,1,200,100,무제한,LTE,"정상가 19,600원, 할인 24개월, 평점 4.2"
모빙_LTE_141,모빙,실속 매일 30분3GB,4400,3.0,1,900,100,무제한,LTE,평점 4.3
고고모바일_LTE_55,고고모바일,데이터무제한 100분/100건,6160,0.0,1,100,100,400Kbps,LTE,"3대 마트 상품권 2만원, KT유심&배송비 무료, 원스토리 3,000P 쿠폰 , 평점 4.2"
찬스모바일_LTE_29,찬스모바일,[CHM] 알찬 실속 데이터7G,1100,7.0,1,250,100,무제한,LTE,"정상가 12,100원, 할인 6개월, 유심/배송비 무료, 평점 4.5"
리브모바일_LTE_48,리브모바일,LTE 든든 7GB,16500,7.0,1,999,999,무제한,LTE,"정상가 20,900원, 할인 12개월, 평점 4.3"
아이즈모바일_LTE_177,아이즈모바일,[S]벤티(200분/8GB),7800,8.0,1,200,100,무제한,LTE,"3대 마트 상품권 2만원 증정, 평점 4.2"
아이즈모바일_LTE_178,아이즈모바일,[K]벤티(200분/8GB),8160,8.0,1,200,100,무제한,LTE,"3대 마트 상품권 2만원 증정, 평점 4.2"
티플러스_5G_23,티플러스,5G 가성비플러스(3GB/350분),1900,3.0,1,350,100,무제한,5G,"정상가 7,700원, 할인 6개월, 평점 4.3"
모빙_LTE_142,모빙,쏙쏙 매일30분3GB,7700,3.0,1,900,100,무제한,LTE,평점 4.3
SKT_5G_26,SKT,0 청년 다이렉트 42,42000,36.0,1,999,999,1Mbps,5G,"티빙 광고형 스탠다드 제공 (6개월), 네이버웹툰 쿠키 30개 (6개월), CGV 영화관람권 50% 할인 (월 1장), 네이버페이 월 2만 원 x 3개월, eSIM 수수료 비용 무료, 로밍 50% 할인, 커피 전문점 50% 할인 (월 1잔), USIM 수수료 비용 무료, 평점 5"
찬스모바일_LTE_30,찬스모바일,실속데이터 250분 10GB,2200,10.0,1,250,100,무제한,LTE,"정상가 14,300원, 할인 6개월, 유심/배송비 무료, 평점 4.5"
스마텔_LTE_124,스마텔,스위트 300분 15GB+(밀리의서재),14000,15.0,1,300,300,1Mbps,LTE,"정상가 34,100원, 할인 7개월, 평점 4.2"
이야기모바일_5G_26,이야기모바일,5G 이야기 무한 11GB,31500,11.0,1,999,999,400Kbps,5G,"정상가 34,100원, 할인 7개월, 네이버페이 5,000원, 평점 4.5"
인스모바일_LTE_43,인스모바일,데이터 안심 250분+2.5GB+(USIM),6600,2.5,1,250,250,1Mbps,LTE,"정상가 17,600원, 할인 6개월, 평점 4.4"
스마텔_LTE_125,스마텔,USIM스마트 심플(200분+4GB),4500,4.0,1,200,100,무제한,LTE,"정상가 14,000원, 할인 12개월, 평점 4.2"
모빙_LTE_143,모빙,실속 200분4GB,3300,4.0,1,200,100,무제한,LTE,"정상가 16,000원, 할인 24개월, 평점 4.3"
스마텔_LTE_126,스마텔,USIM스마트 심플(100분+1.5GB),1900,1.5,1,100,100,무제한,LTE,"정상가 5,500원, 할인 6개월, 평점 4.2"
스마텔_LTE_127,스마텔,USIM 심플 (100분+2.2GB),1900,2.2,1,100,100,무제한,LTE,"정상가 4,400원, 할인 6개월, 평점 4.2"
스마텔_LTE_128,스마텔,USIM 심플 (200분 + 1.5GB),1900,1.5,1,200,100,무제한,LTE,"정상가 4,400원, 할인 6개월, 평점 4.2"
아이즈모바일_LTE_179,아이즈모바일,[L]벤티(200분/9GB),8970,9.0,1,200,100,무제한,LTE,"정상가 21,400원, 할인 24개월, 평점 4.2"
아이즈모바일_LTE_180,아이즈모바일,[L]벤티(300분/9GB),9000,9.0,1,300,100,무제한,LTE,"정상가 22,200원, 할인 24개월, 평점 4.2"
스마텔_LTE_129,스마텔,후후 심플 (100분 + 2.2GB),2230,2.2,1,100,100,무제한,LTE,"정상가 4,730원, 할인 6개월, 평점 4.2"
스마텔_LTE_130,스마텔,후후 심플 (200분 + 1.5GB),2230,1.5,1,200,100,무제한,LTE,"정상가 4,730원, 할인 6개월, 평점 4.2"
마블링_LTE_10,마블링,마블링 스탠다드 2.5GB+1Mbps,13200,2.5,1,250,250,1Mbps,LTE,"정상가 15,900원, 할인 6개월, 평점 4.3"
LG헬로모바일_LTE_51,LG헬로모바일,슬림 안심 유심 2.5GB 250분,13200,2.5,1,250,250,1Mbps,LTE,"가입사은품 3만원, 구글 AI프로+도미노피자 할인쿠폰, 프레딧 쿠폰 2만원(5천원*4개월), 평점 4.7"
고고모바일_LTE_56,고고모바일,LTE200분/4GB-데이터소진후 자동차단,11000,4.0,1,200,200,무제한,LTE,"3대 마트 상품권 2만원, KT유심&배송비 무료, 원스토리 3,000P 쿠폰 , 평점 4.2"
LG헬로모바일_5G_10,LG헬로모바일,5G 유심 통화 맘편히 9GB,14500,9.0,1,999,999,무제한,5G,"가입사은품 3만원, 구글 AI프로+도미노피자 할인쿠폰, 프레딧 쿠폰 2만원(5천원*4개월), 평점 4.7"
LG헬로모바일_LTE_52,LG헬로모바일,보편 유심 3.5GB 150분,8500,3.5,1,150,100,무제한,LTE,"가입사은품 3만원, 구글 AI프로+도미노피자 할인쿠폰, 프레딧 쿠폰 2만원(5천원*4개월), 평점 4.7"
LG헬로모바일_LTE_53,LG헬로모바일,보편 안심 유심 3GB 200분,12500,3.0,1,200,100,400Kbps,LTE,"가입사은품 3만원, 구글 AI프로+도미노피자 할인쿠폰, 프레딧 쿠폰 2만원(5천원*4개월), 평점 4.7"
이야기모바일_LTE_81,이야기모바일,[모요only] 내맘대로 (200분+1GB),6050,1.0,1,200,50,무제한,LTE,"네이버페이 5,000원, 평점 4.5"
모빙_LTE_144,모빙,실속 250분5GB,4400,5.0,1,250,250,무제한,LTE,평점 4.3
찬스모바일_5G_08,찬스모바일,5G 음성기본 9GB+1Mbps,22550,9.0,1,999,999,1Mbps,5G,"정상가 38,500원, 할인 7개월, 유심/배송비 무료, 평점 4.5"
모빙_LTE_145,모빙,[L] 300분9GB,7000,9.0,1,300,100,무제한,LTE,평점 4.3
아이즈모바일_LTE_181,아이즈모바일,[S]톨(300분/2GB),3900,2.0,1,300,100,무제한,LTE,평점 4.2
에이모바일_5G_15,에이모바일,A 5G 라이트,23100,9.0,1,999,999,1Mbps,5G,"정상가 38,500원, 할인 7개월, 평점 4.2"
인스모바일_5G_06,인스모바일,인스 유심 스피드(5G) 9GB+,25250,9.0,1,999,999,1Mbps,5G,"정상가 43,400원, 할인 7개월, 평점 4.4"
스마텔_LTE_131,스마텔,스마일플러스(100분+1.5GB),1600,1.5,1,100,100,무제한,LTE,"정상가 6,000원, 할인 5개월, 평점 4.2"
스마텔_LTE_132,스마텔,스마일 플러스 (100분 + 2.2GB),2200,2.2,1,100,100,무제한,LTE,"정상가 4,400원, 할인 5개월, 평점 4.2"
스마텔_LTE_133,스마텔,스마일플러스(200분+1.5GB),2200,1.5,1,200,100,무제한,LTE,"정상가 4,400원, 할인 5개월, 평점 4.2"
아이즈모바일_LTE_182,아이즈모바일,[K]톨(300분/2GB),4450,2.0,1,300,100,무제한,LTE,"3대 마트 상품권 2만원 증정, 평점 4.2"
스마텔_LTE_134,스마텔,[모요only] CU 스위트 무제한 100GB+,21000,100.0,1,9997,999,5Mbps,LTE,"정상가 46,200원, 할인 7개월, 평점 4.2"
KG모바일_LTE_42,KG모바일,[일반] 평생 반값 할인 (3GB/300분),6600,3.0,1,300,0,무제한,LTE,"일반 유심/배송비 무료, 유독 쿠폰(구글 AI Pro,도미노피자 할인), 평점 4.6"
KG모바일_LTE_43,KG모바일,[일반] 평생 반값 할인 (1.5GB/100분),4400,1.5,1,100,0,무제한,LTE,"일반 유심/배송비 무료, 유독 쿠폰(구글 AI Pro,도미노피자 할인), 평점 4.6"
이지모바일_LTE_70,이지모바일,이지 데이터 4.5GB,1650,4.5,1,350,100,무제한,LTE,"정상가 15,400원, 할인 6개월, 일반유심/배송비 무료, 평점 4.3"
인스모바일_LTE_44,인스모바일,실속 200분+3GB(USIM),1100,3.0,1,200,50,무제한,LTE,"정상가 16,500원, 할인 6개월, 평점 4.4"
인스모바일_LTE_45,인스모바일,실속 150분+3GB(USIM),1100,3.0,1,150,50,무제한,LTE,"정상가 15,400원, 할인 6개월, 평점 4.4"
인스모바일_LTE_46,인스모바일,실속 150분+2GB(USIM),1100,2.0,1,150,50,무제한,LTE,"정상가 11,000원, 할인 6개월, 평점 4.4"
인스모바일_LTE_47,인스모바일,[평생할인]인스 유심 음성 120분+1.5GB,2870,1.5,1,120,100,무제한,LTE,평점 4.4
티플러스_LTE_160,티플러스,데이터통화안심 10GB+,12900,10.0,1,999,100,400Kbps,LTE,"정상가 22,000원, 할인 7개월, 3대 마트 상품권 2만원 증정, 평점 4.3"
찬스모바일_LTE_31,찬스모바일,찬스12 300분 15GB+,22000,15.0,1,300,100,3Mbps,LTE,"정상가 35,200원, 할인 12개월, 유심/배송비 무료, 평점 4.5"
찬스모바일_LTE_32,찬스모바일,음성 100분 2.5GB+,3960,2.5,1,100,100,1Mbps,LTE,"정상가 13,200원, 할인 6개월, 유심/배송비 무료, 평점 4.5"
스마텔_LTE_135,스마텔,USIM스마트 심플(100분+3.5GB),3300,3.5,1,100,100,무제한,LTE,"정상가 10,500원, 할인 12개월, 평점 4.2"
이야기모바일_LTE_82,이야기모바일,이야기 라이트S 300분 15GB+,29150,15.0,1,300,300,1Mbps,LTE,"네이버페이 5,000원, 평점 4.5"
시월모바일_5G_04,시월모바일,시월5G 무제한 31GB+1Mbps,27900,31.0,1,300,300,1Mbps,5G,"정상가 40,000원, 할인 7개월, 평점 4.5"
이야기모바일_5G_27,이야기모바일,5G 함께이야기해S (500분+50GB),37400,50.0,1,500,200,무제한,5G,"정상가 49,500원, 할인 12개월, 네이버페이 5,000원, 평점 4.5"
이야기모바일_LTE_83,이야기모바일,함께이야기해S(100분+20GB),15400,20.0,1,100,200,무제한,LTE,"정상가 23,100원, 할인 12개월, 네이버페이 5,000원, 평점 4.5"
이야기모바일_LTE_84,이야기모바일,함께이야기해S(100분+30GB),23100,30.0,1,100,300,무제한,LTE,"정상가 31,900원, 할인 12개월, 네이버페이 5,000원, 평점 4.5"
이야기모바일_LTE_85,이야기모바일,함께이야기해S(200분+30GB),23500,30.0,1,200,300,무제한,LTE,"정상가 32,450원, 할인 12개월, 네이버페이 5,000원, 평점 4.5"
이야기모바일_LTE_86,이야기모바일,함께이야기해S(100분+15GB),12100,15.0,1,100,150,무제한,LTE,"정상가 19,250원, 할인 12개월, 네이버페이 5,000원, 평점 4.5"
이야기모바일_LTE_87,이야기모바일,함께이야기해S(300분+30GB),24200,30.0,1,300,300,무제한,LTE,"정상가 33,000원, 할인 12개월, 네이버페이 5,000원, 평점 4.5"
이야기모바일_LTE_88,이야기모바일,함께이야기해S(200분+20GB),16500,20.0,1,200,200,무제한,LTE,"정상가 23,650원, 할인 12개월, 네이버페이 5,000원, 평점 4.5"
이야기모바일_LTE_89,이야기모바일,함께이야기해S(300분+15GB),13200,15.0,1,300,150,무제한,LTE,"정상가 20,350원, 할인 12개월, 네이버페이 5,000원, 평점 4.5"
이야기모바일_LTE_90,이야기모바일,함께이야기해S(500분+30GB),31900,30.0,1,500,300,무제한,LTE,"정상가 34,100원, 할인 12개월, 네이버페이 5,000원, 평점 4.5"
이야기모바일_LTE_91,이야기모바일,함께이야기해S(1000분+30GB),33000,30.0,1,1000,300,무제한,LTE,"정상가 38,500원, 할인 12개월, 네이버페이 5,000원, 평점 4.5"
이야기모바일_LTE_92,이야기모바일,함께이야기해S(500분+20GB),22500,20.0,1,500,200,무제한,LTE,"정상가 25,300원, 할인 12개월, 네이버페이 5,000원, 평점 4.5"
이야기모바일_5G_28,이야기모바일,이야기 300분+9GB(5G),11000,9.0,1,300,50,무제한,5G,"네이버페이 5,000원, 평점 4.5"
이야기모바일_LTE_93,이야기모바일,함께이야기해S(1000분+10GB),14300,10.0,1,1000,100,무제한,LTE,"정상가 19,800원, 할인 12개월, 네이버페이 5,000원, 평점 4.5"
이야기모바일_LTE_94,이야기모바일,내맘대로S(200+5GB),7700,5.0,1,200,200,무제한,LTE,"정상가 9,900원, 할인 12개월, 네이버페이 5,000원, 평점 4.5"
이야기모바일_LTE_95,이야기모바일,이야기 라이트S 100분 20GB+,30800,20.0,1,100,100,1Mbps,LTE,"네이버페이 5,000원, 평점 4.5"
이야기모바일_LTE_96,이야기모바일,이야기 라이트S 100분 15GB+,26400,15.0,1,100,100,1Mbps,LTE,"네이버페이 5,000원, 평점 4.5"
이야기모바일_LTE_97,이야기모바일,이야기 라이트S 100분 11GB+,23650,11.0,1,100,100,1Mbps,LTE,"네이버페이 5,000원, 평점 4.5"
이야기모바일_LTE_98,이야기모바일,이야기 라이트S 100분 7GB+,19800,7.0,1,100,100,1Mbps,LTE,"네이버페이 5,000원, 평점 4.5"
이야기모바일_LTE_99,이야기모바일,내맘대로S(500+500MB),7700,0.5,1,500,500,무제한,LTE,"정상가 11,000원, 할인 12개월, 네이버페이 5,000원, 평점 4.5"
이야기모바일_LTE_100,이야기모바일,안심무약정1+700MB,11110,0.7,1,100,100,무제한,LTE,"네이버페이 5,000원, 평점 4.5"
이야기모바일_LTE_101,이야기모바일,이야기 라이트 250분2.5GB+,13200,2.5,1,250,250,1Mbps,LTE,"네이버페이 5,000원, 평점 4.5"
이야기모바일_5G_29,이야기모바일,5G 이야기 라이트 9GB+,28600,9.0,1,999,999,1Mbps,5G,"정상가 40,700원, 할인 7개월, 네이버페이 5,000원, 평점 4.5"
이야기모바일_LTE_102,이야기모바일,이야기 9GB 350분,5500,9.0,1,350,100,무제한,LTE,"정상가 14,300원, 할인 6개월, 네이버페이 5,000원, 평점 4.5"
이야기모바일_LTE_103,이야기모바일,내맘대로 (100분+3.5GB),6600,3.5,1,100,0,무제한,LTE,"네이버페이 5,000원, 평점 4.5"
이야기모바일_LTE_104,이야기모바일,[모요only] 내맘대로 (300분+1GB),6600,1.0,1,300,50,무제한,LTE,"네이버페이 5,000원, 평점 4.5"
이야기모바일_LTE_105,이야기모바일,이야기 라이트 3.5GB+,31900,3.5,1,999,999,1Mbps,LTE,"네이버페이 5,000원, 평점 4.5"
이야기모바일_LTE_106,이야기모바일,내맘대로 차단형 (200분+1GB),11000,1.0,1,200,50,무제한,LTE,"네이버페이 5,000원, 평점 4.5"
이야기모바일_LTE_107,이야기모바일,내맘대로 차단형 (100분+500MB),6930,0.5,1,100,50,무제한,LTE,"네이버페이 5,000원, 평점 4.5"
이야기모바일_LTE_108,이야기모바일,내맘대로 차단형 (200분+500MB),8580,0.5,1,200,50,무제한,LTE,"네이버페이 5,000원, 평점 4.5"
이야기모바일_LTE_109,이야기모바일,내맘대로 차단형 (100분+0MB),4750,0.0,1,100,50,무제한,LTE,"네이버페이 5,000원, 평점 4.5"
이야기모바일_LTE_110,이야기모바일,내맘대로 차단형 (200분+0MB),6950,0.0,1,200,50,무제한,LTE,"네이버페이 5,000원, 평점 4.5"
이야기모바일_LTE_111,이야기모바일,내맘대로 차단형 (300분+0MB),8800,0.0,1,300,50,무제한,LTE,"네이버페이 5,000원, 평점 4.5"
아이즈모바일_LTE_183,아이즈모바일,[K]벤티(200분/9GB),8640,9.0,1,200,100,무제한,LTE,"3대 마트 상품권 2만원 증정, 평점 4.2"
위너스텔_5G_01,위너스텔,5G 가성비,7700,2.0,1,50,50,무제한,5G,평점 4.7
위너스텔_LTE_05,위너스텔,[KT]WELL 250분+600MB,4400,0.6,1,250,50,무제한,LTE,평점 4.7
아이즈모바일_LTE_184,아이즈모바일,[S]벤티(200분/9GB),8750,9.0,1,200,100,무제한,LTE,평점 4.2
모빙_LTE_146,모빙,실속 250분10GB,7000,10.0,1,250,100,무제한,LTE,평점 4.3
아이즈모바일_LTE_185,아이즈모바일,[K]벤티(300분/9GB),9000,9.0,1,300,100,무제한,LTE,"3대 마트 상품권 2만원 증정, 평점 4.2"
아이즈모바일_LTE_186,아이즈모바일,[S]벤티(300분/9GB),9000,9.0,1,300,100,무제한,LTE,평점 4.2
핀다이렉트_5G_06,핀다이렉트,[L] 핀다이렉트Z Speed,35000,95.0,1,999,999,1Mbps,5G,"정상가 55,000원, 할인 7개월, 평점 4.2"
티플러스_LTE_161,티플러스,데이터안심 10GB＋(100분),9900,10.0,1,100,100,400Kbps,LTE,"정상가 19,250원, 할인 7개월, 평점 4.3"
모빙_LTE_147,모빙,[L] 400분4GB,4200,4.0,1,400,100,무제한,LTE,평점 4.3
스마텔_LTE_136,스마텔,후후 플러스 (100분+2.2GB),2530,2.2,1,100,100,무제한,LTE,"정상가 4,730원, 할인 5개월, 평점 4.2"
모빙_LTE_148,모빙,[S] 300분4GB,4800,4.0,1,300,300,무제한,LTE,평점 4.3
모빙_LTE_149,모빙,쏙쏙 250분(5GB),6300,5.0,1,250,250,무제한,LTE,평점 4.3
스마텔_LTE_137,스마텔,후후 플러스 (100분+1.5GB),1930,1.5,1,100,100,무제한,LTE,"정상가 6,330원, 할인 5개월, 평점 4.2"
모빙_LTE_150,모빙,쏙쏙 매일30분5GB,7700,5.0,1,900,100,무제한,LTE,평점 4.3
스마텔_LTE_138,스마텔,후후 플러스 (200분+1.5GB),2530,1.5,1,200,100,무제한,LTE,"정상가 4,730원, 할인 5개월, 평점 4.2"
아이즈모바일_LTE_187,아이즈모바일,[S]그란데(1000분/4GB),7600,4.0,1,1000,100,무제한,LTE,평점 4.2
아이즈모바일_LTE_188,아이즈모바일,보이스안심요금제(100분/4GB),9000,4.0,1,100,50,무제한,LTE,평점 4.2
아이즈모바일_LTE_189,아이즈모바일,보이스안심요금제(100분/4GB),9000,4.0,1,100,50,무제한,LTE,"3대 마트 상품권 2만원 증정, 평점 4.2"
아이즈모바일_LTE_190,아이즈모바일,보이스안심요금제(200분/5GB),12000,5.0,1,200,50,무제한,LTE,평점 4.2
아이즈모바일_LTE_191,아이즈모바일,보이스안심요금제(200분/5GB),12000,5.0,1,200,50,무제한,LTE,"3대 마트 상품권 2만원 증정, 평점 4.2"
아이즈모바일_LTE_192,아이즈모바일,아이즈팡팡(300분/2G),4900,2.0,1,300,100,무제한,LTE,평점 4.2
모빙_LTE_151,모빙,쏙쏙 80분2.2GB,5500,2.2,1,80,50,무제한,LTE,평점 4.3
리브모바일_5G_18,리브모바일,5G 든든 8GB,20500,8.0,1,999,999,무제한,5G,"정상가 24,900원, 할인 12개월, 평점 4.3"
아이즈모바일_LTE_193,아이즈모바일,보이스안심요금제(100분/3GB),8000,3.0,1,100,50,무제한,LTE,평점 4.2
아이즈모바일_LTE_194,아이즈모바일,보이스안심요금제(100분/3GB),8000,3.0,1,100,50,무제한,LTE,평점 4.2
모빙_LTE_152,모빙,쏙쏙 90분1.5GB,4400,1.5,1,90,30,무제한,LTE,평점 4.3
모빙_LTE_153,모빙,[K] 50분1.2GB,3960,1.2,1,50,50,무제한,LTE,"정상가 8,800원, 할인 6개월, 평점 4.3"
아이즈모바일_LTE_195,아이즈모바일,아이즈팡팡(300분/1.5G),5500,1.5,1,300,100,무제한,LTE,평점 4.2
아이즈모바일_5G_04,아이즈모바일,[S]5G 데이터11GB+,40700,11.0,1,999,999,400Kbps,5G,"SOLO결합 데이터 20GB 지급, 평점 4.2"
아이즈모바일_LTE_196,아이즈모바일,[S]글로벌로밍(500분/5GB),18700,5.0,1,500,100,무제한,LTE,"해외 130개국 로밍걱정 끝, 평점 4.2"
모빙_LTE_154,모빙,[S] 200분3GB+,12100,3.0,1,200,200,1Mbps,LTE,"정상가 16,500원, 할인 24개월, 평점 4.3"
모빙_LTE_155,모빙,[S] 데이터 3GB+,13800,3.0,1,999,100,400Kbps,LTE,"정상가 23,300원, 할인 24개월, 평점 4.3"
아이즈모바일_LTE_197,아이즈모바일,보이스안심요금제(500분/2GB),10000,2.0,1,500,50,무제한,LTE,평점 4.2
아이즈모바일_LTE_198,아이즈모바일,보이스안심요금제(500분/2GB),10000,2.0,1,500,50,무제한,LTE,평점 4.2
스노우맨_LTE_28,스노우맨,모두무한데이터11G+(요기요),55000,11.0,1,999,999,3Mbps,LTE,평점 4
스노우맨_LTE_29,스노우맨,모두무한데이터11G+(배달의민족),55000,11.0,1,999,999,3Mbps,LTE,평점 4
아이즈모바일_LTE_199,아이즈모바일,보이스안심요금제(500분/1GB),9000,1.0,1,500,50,무제한,LTE,평점 4.2
아이즈모바일_LTE_200,아이즈모바일,보이스안심요금제(500분/1GB),9000,1.0,1,500,50,무제한,LTE,평점 4.2
스노우맨_LTE_30,스노우맨,스노우맨 베이직,27390,1.4,1,999,999,1Mbps,LTE,평점 4
스노우맨_LTE_31,스노우맨,LTE데이터선택1G,27390,1.0,1,999,999,무제한,LTE,평점 4
SKT_5G_27,SKT,다이렉트5G 34,34000,11.0,1,999,999,400Kbps,5G,"티빙 광고형 스탠다드 제공 (6개월), 네이버웹툰 쿠키 30개 (6개월), 네이버페이 월 2만 원 x 3개월, eSIM 수수료 비용 무료, USIM 수수료 비용 무료, 평점 5"
KG모바일_LTE_44,KG모바일,"[모빌카드 스페셜] 통화, 데이터 마음대로 Pro",17050,150.0,1,999,999,5Mbps,LTE,"정상가 47,300원, 할인 7개월, 네이버페이 10,000원, 유독 쿠폰(구글 AI Pro,도미노피자 할인), 일반 유심/배송비 무료, 평점 4.6"
KG모바일_LTE_45,KG모바일,[모빌카드 스페셜] 데이터 마음대로 (15GB+/300분),14080,15.0,1,300,300,3Mbps,LTE,"정상가 35,200원, 할인 7개월, 네이버페이 5,000원, 유독 쿠폰(구글 AI Pro,도미노피자 할인), 일반 유심/배송비 무료, 평점 4.6"
프리티_LTE_01,프리티,데이터안심4.5G+,110,4.5,1,999,999,1Mbps,LTE,"정상가 20,900원, 할인 7개월, 평점 4.3"
프리티_LTE_02,프리티,음성기본데이터10G,110,10.0,1,999,999,무제한,LTE,"정상가 15,400원, 할인 7개월, 평점 4.3"
프리티_LTE_03,프리티,프리티데이터팡팡100G+,17030,100.0,1,999,999,5Mbps,LTE,"정상가 53,000원, 할인 7개월, 평점 4.3"
프리티_LTE_04,프리티,데이터100G(밀리의서재)+,17050,100.0,1,999,999,5Mbps,LTE,"정상가 55,000원, 할인 7개월, 평점 4.3"
프리티_LTE_05,프리티,데이터100G(CU 멤버십)+,17050,100.0,1,999,999,5Mbps,LTE,"정상가 55,000원, 할인 7개월, 평점 4.3"
프리티_LTE_06,프리티,올리브영 100G+,17050,100.0,1,999,999,5Mbps,LTE,"정상가 55,000원, 할인 7개월, 평점 4.3"
프리티_LTE_07,프리티,다이소 100G+,17050,100.0,1,999,999,5Mbps,LTE,"정상가 55,000원, 할인 7개월, 평점 4.3"
프리티_LTE_08,프리티,CGV 1+1쿠폰 100G+,17050,100.0,1,999,999,5Mbps,LTE,"정상가 60,500원, 할인 7개월, 평점 4.3"
프리티_LTE_09,프리티,CGV 1+1 100G+,17050,100.0,1,999,999,5Mbps,LTE,"정상가 66,000원, 할인 7개월, 평점 4.3"
프리티_LTE_10,프리티,후후 안전통화생활 100G+,17710,100.0,1,999,999,5Mbps,LTE,"정상가 53,790원, 할인 7개월, 평점 4.3"
프리티_LTE_11,프리티,NH프리덤100G+5M,18700,100.0,1,999,999,5Mbps,LTE,"정상가 55,000원, 할인 7개월, 평점 4.3"
프리티_LTE_12,프리티,USIM데이터11G(밀리의서재)+,14080,60.0,1,999,999,3Mbps,LTE,"정상가 44,990원, 할인 7개월, 평점 4.3"
프리티_LTE_13,프리티,보이스피싱 안심보상11G+,14080,60.0,1,999,999,3Mbps,LTE,"정상가 44,990원, 할인 7개월, 평점 4.3"
프리티_LTE_14,프리티,USIM데이터11G(CU 멤버십)+,14080,60.0,1,999,999,3Mbps,LTE,"정상가 44,990원, 할인 7개월, 평점 4.3"
프리티_LTE_15,프리티,USIM데이터중심11G+,14080,60.0,1,999,999,3Mbps,LTE,"정상가 44,990원, 할인 7개월, 평점 4.3"
프리티_LTE_16,프리티,유심프리티데이터중심11G+,14080,60.0,1,999,999,3Mbps,LTE,"정상가 44,990원, 할인 7개월, 평점 4.3"
프리티_LTE_17,프리티,CGV 1+1쿠폰 11G+,14080,60.0,1,999,999,3Mbps,LTE,"정상가 52,690원, 할인 7개월, 평점 4.3"
프리티_LTE_18,프리티,프리티데이터100G(모바일한경)+,20350,100.0,1,999,999,5Mbps,LTE,"정상가 55,000원, 할인 7개월, 평점 4.3"
프리티_LTE_19,프리티,예스24크레마클럽e북 구독 100G+,20570,100.0,1,999,999,5Mbps,LTE,"정상가 58,520원, 할인 7개월, 평점 4.3"
프리티_LTE_20,프리티,예스24크레마클럽e북 구독 100G+,20570,100.0,1,999,999,5Mbps,LTE,"정상가 56,540원, 할인 7개월, 평점 4.3"
프리티_LTE_21,프리티,NH프리덤11G+,14300,60.0,1,999,999,3Mbps,LTE,"정상가 49,390원, 할인 7개월, 평점 4.3"
프리티_LTE_22,프리티,CU+CGV 100G+,21010,100.0,1,999,999,5Mbps,LTE,"정상가 66,000원, 할인 7개월, 평점 4.3"
프리티_LTE_23,프리티,CGV 100G+,21010,100.0,1,999,999,5Mbps,LTE,"정상가 64,020원, 할인 7개월, 평점 4.3"
프리티_LTE_24,프리티,후후 안전통화생활 11G+,14850,60.0,1,999,999,3Mbps,LTE,"정상가 45,760원, 할인 7개월, 평점 4.3"
프리티_LTE_25,프리티,올리브영 11G+,15070,60.0,1,999,999,3Mbps,LTE,"정상가 47,190원, 할인 7개월, 평점 4.3"
프리티_LTE_26,프리티,다이소 11G+,15070,60.0,1,999,999,3Mbps,LTE,"정상가 47,190원, 할인 7개월, 평점 4.3"
프리티_LTE_27,프리티,하나은행 100G+,22000,100.0,1,999,999,5Mbps,LTE,"정상가 46,640원, 할인 12개월, 평점 4.3"
프리티_LTE_28,프리티,USIM데이터11G(pay쿠폰)+,16060,60.0,1,999,999,3Mbps,LTE,"정상가 47,190원, 할인 7개월, 평점 4.3"
토스모바일_LTE_01,토스모바일,CU 100GB,24000,100.0,1,999,999,5Mbps,LTE,"정상가 59,800원, 할인 12개월, 평점 4.8"
프리티_LTE_29,프리티,하나은행 11G+,16940,60.0,1,999,999,3Mbps,LTE,"정상가 38,940원, 할인 12개월, 평점 4.3"
프리티_LTE_30,프리티,USIM데이터11G(모바일한경)+,17380,60.0,1,999,999,3Mbps,LTE,"정상가 47,300원, 할인 7개월, 평점 4.3"
프리티_LTE_31,프리티,USIM데이터11G(모바일한경)+,17380,60.0,1,999,999,3Mbps,LTE,"정상가 47,300원, 할인 7개월, 평점 4.3"
프리티_LTE_32,프리티,예스24크레마클럽e북 구독 11G+,17490,60.0,1,999,999,3Mbps,LTE,"정상가 48,510원, 할인 7개월, 평점 4.3"
프리티_LTE_33,프리티,예스24크레마클럽e북 구독 11G+,17600,60.0,1,999,999,3Mbps,LTE,"정상가 48,510원, 할인 7개월, 평점 4.3"
프리티_LTE_34,프리티,CGV 11G+,18040,60.0,1,999,999,3Mbps,LTE,"정상가 55,990원, 할인 7개월, 평점 4.3"
프리티_LTE_35,프리티,CU+CGV 11G+,19030,60.0,1,999,999,3Mbps,LTE,"정상가 55,990원, 할인 7개월, 평점 4.3"
프리티_LTE_36,프리티,프리티구독100G+5M(스타벅스금액권),27500,100.0,1,999,999,5Mbps,LTE,"정상가 57,200원, 할인 7개월, 평점 4.3"
프리티_LTE_37,프리티,USIM데이터11G(프리미엄한경)+,19580,60.0,1,999,999,3Mbps,LTE,"정상가 50,600원, 할인 7개월, 평점 4.3"
프리티_LTE_38,프리티,USIM데이터11G(프리미엄한경)+,19580,60.0,1,999,999,3Mbps,LTE,"정상가 50,600원, 할인 7개월, 평점 4.3"
프리티_LTE_39,프리티,하나은행 7G+1M,8800,7.0,1,999,999,1Mbps,LTE,"정상가 23,100원, 할인 12개월, 평점 4.3"
프리티_LTE_40,프리티,프리티구독11G+3M(스타벅스금액권),20900,60.0,1,999,999,3Mbps,LTE,"정상가 49,500원, 할인 7개월, 평점 4.3"
토스모바일_LTE_02,토스모바일,CU 71GB,21000,60.0,1,999,999,3Mbps,LTE,"정상가 54,800원, 할인 12개월, 평점 4.8"
토스모바일_LTE_03,토스모바일,CU 100GB+,31100,100.0,1,999,999,5Mbps,LTE,"정상가 49,800원, 할인 24개월, 평점 4.8"
프리티_LTE_41,프리티,프리티구독11G+3M(스타벅스금액권),22000,60.0,1,999,999,3Mbps,LTE,"정상가 49,500원, 할인 7개월, 평점 4.3"
프리티_LTE_42,프리티,데이터안심무제한7G+,10010,7.0,1,999,999,1Mbps,LTE,"정상가 29,700원, 할인 7개월, 평점 4.3"
프리티_LTE_43,프리티,보이스피싱 안심보상7G+1M,10010,7.0,1,999,999,1Mbps,LTE,"정상가 29,700원, 할인 7개월, 평점 4.3"
프리티_LTE_44,프리티,올리브영 7G+1M,10010,7.0,1,999,999,1Mbps,LTE,"정상가 31,900원, 할인 7개월, 평점 4.3"
프리티_LTE_45,프리티,다이소 7G+1M,10010,7.0,1,999,999,1Mbps,LTE,"정상가 31,900원, 할인 7개월, 평점 4.3"
프리티_LTE_46,프리티,음성기본7G+1M,10010,7.0,1,999,999,1Mbps,LTE,"정상가 29,700원, 할인 7개월, 평점 4.3"
프리티_LTE_47,프리티,모아진 구독 7G+1M,10010,7.0,1,999,999,1Mbps,LTE,"정상가 29,700원, 할인 7개월, 평점 4.3"
프리티_LTE_48,프리티,NH프리덤7G+1M,11000,7.0,1,999,999,1Mbps,LTE,"정상가 29,700원, 할인 7개월, 평점 4.3"
프리티_LTE_49,프리티,CGV 1+1쿠폰 7G+1M,11000,7.0,1,999,999,1Mbps,LTE,"정상가 37,400원, 할인 7개월, 평점 4.3"
프리티_LTE_50,프리티,프리티데이터중심11G,24090,60.0,1,999,999,3Mbps,LTE,"정상가 38,280원, 할인 24개월, 평점 4.3"
프리티_LTE_51,프리티,프리미엄데이터100G+,35070,100.0,1,999,999,5Mbps,LTE,"정상가 45,630원, 할인 24개월, 평점 4.3"
프리티_LTE_52,프리티,프리티든든한 6G,110,6.0,1,300,300,무제한,LTE,"정상가 7,700원, 할인 7개월, 평점 4.3"
토스모바일_LTE_04,토스모바일,CU 71GB+,27200,60.0,1,999,999,3Mbps,LTE,"정상가 44,800원, 할인 24개월, 평점 4.8"
프리티_LTE_53,프리티,예스24크레마클럽e북 구독 7G+1M,13530,7.0,1,999,999,1Mbps,LTE,"정상가 33,220원, 할인 7개월, 평점 4.3"
프리티_LTE_54,프리티,예스24크레마클럽e북 구독 7G+1M,13530,7.0,1,999,999,1Mbps,LTE,"정상가 33,220원, 할인 7개월, 평점 4.3"
프리티_LTE_55,프리티,월간 프리티 100G+,38500,100.0,1,999,999,5Mbps,LTE,"정상가 57,750원, 할인 24개월, 평점 4.3"
프리티_LTE_56,프리티,프리미엄데이터11G+,28490,60.0,1,999,999,3Mbps,LTE,"정상가 38,060원, 할인 24개월, 평점 4.3"
프리티_LTE_57,프리티,USIM프리티데이터11G(요기요)+,28600,60.0,1,999,999,3Mbps,LTE,"정상가 40,040원, 할인 18개월, 평점 4.3"
프리티_LTE_58,프리티,USIM프리티데이터선택11G(왓챠)+,28600,60.0,1,999,999,3Mbps,LTE,"정상가 40,040원, 할인 18개월, 평점 4.3"
프리티_LTE_59,프리티,USIM프리티데이터11GB(genie뮤직)+,28600,60.0,1,999,999,3Mbps,LTE,"정상가 40,040원, 할인 18개월, 평점 4.3"
프리티_LTE_60,프리티,USIM프리티데이터11G(멜론)+,29260,60.0,1,999,999,3Mbps,LTE,"정상가 40,040원, 할인 18개월, 평점 4.3"
토스모바일_LTE_05,토스모바일,CU 7GB+,14900,7.0,1,999,999,1Mbps,LTE,"정상가 24,800원, 할인 24개월, 평점 4.8"
프리티_LTE_61,프리티,프리티데이터7G+1M,15070,7.0,1,999,999,1Mbps,LTE,"정상가 20,900원, 할인 24개월, 평점 4.3"
프리티_LTE_62,프리티,음성기본7G(밀리의서재)+1M,15070,7.0,1,999,999,1Mbps,LTE,"정상가 19,800원, 할인 18개월, 평점 4.3"
프리티_LTE_63,프리티,CGV 7G+1M,15070,7.0,1,999,999,1Mbps,LTE,"정상가 40,700원, 할인 7개월, 평점 4.3"
프리티_LTE_64,프리티,프리미엄데이터7G+1M,17050,7.0,1,999,999,1Mbps,LTE,"정상가 22,000원, 할인 24개월, 평점 4.3"
프리티_LTE_65,프리티,월간 프리티 11G+,33000,60.0,1,999,999,3Mbps,LTE,"정상가 49,940원, 할인 24개월, 평점 4.3"
프리티_LTE_66,프리티,하나은행 100분15G+,11990,15.0,1,100,100,3Mbps,LTE,"정상가 30,800원, 할인 12개월, 평점 4.3"
프리티_LTE_67,프리티,월간 프리티 7G+1M,19800,7.0,1,999,999,1Mbps,LTE,"정상가 35,200원, 할인 24개월, 평점 4.3"
프리티_LTE_68,프리티,프리티구독7G+1M(스타벅스금액권),19800,7.0,1,999,999,1Mbps,LTE,"정상가 34,100원, 할인 7개월, 평점 4.3"
프리티_LTE_69,프리티,프리티구독7G+1M(스타벅스금액권),19800,7.0,1,999,999,1Mbps,LTE,"정상가 34,100원, 할인 7개월, 평점 4.3"
프리티_LTE_70,프리티,CGV 1+1쿠폰 15G+,13090,15.0,1,100,100,3Mbps,LTE,"정상가 45,100원, 할인 7개월, 평점 4.3"
프리티_LTE_71,프리티,프리티데이터안심15G+,13090,15.0,1,100,100,3Mbps,LTE,"정상가 37,400원, 할인 7개월, 평점 4.3"
프리티_LTE_72,프리티,데이터안심15G(밀리의서재)+,14080,15.0,1,100,100,3Mbps,LTE,"정상가 37,400원, 할인 7개월, 평점 4.3"
프리티_LTE_73,프리티,데이터안심15G(CU 멤버십)+,14080,15.0,1,100,100,3Mbps,LTE,"정상가 37,400원, 할인 7개월, 평점 4.3"
프리티_LTE_74,프리티,CGV 11G+,39490,60.0,1,999,999,3Mbps,LTE,"정상가 65,890원, 할인 24개월, 평점 4.3"
프리티_LTE_75,프리티,데이터안심15G+,16500,15.0,1,100,100,3Mbps,LTE,"정상가 37,400원, 할인 7개월, 평점 4.3"
프리티_LTE_76,프리티,예스24크레마클럽e북 구독 15G+,16610,15.0,1,100,100,3Mbps,LTE,"정상가 40,920원, 할인 7개월, 평점 4.3"
KT엠모바일_LTE_01,KT엠모바일,모두다 맘껏 100GB+(CU 20%할인),38200,100.0,1,999,999,5Mbps,LTE,평점 4
KT엠모바일_LTE_02,KT엠모바일,모두다 맘껏 100GB++,38200,100.0,1,999,999,5Mbps,LTE,평점 4
KT엠모바일_LTE_03,KT엠모바일,모두다 맘껏 100GB+(모아진 FREE),38200,100.0,1,999,999,5Mbps,LTE,평점 4
KT엠모바일_LTE_04,KT엠모바일,구글플레이기프트(100GB+/통화맘껏),38200,100.0,1,999,999,5Mbps,LTE,평점 4
프리티_LTE_77,프리티,든든한350분5G,110,5.0,1,350,100,무제한,LTE,"정상가 7,700원, 할인 7개월, 평점 4.3"
KT엠모바일_LTE_05,KT엠모바일,모두다 맘껏 100GB+(밀리의 서재 FREE),38300,100.0,1,999,999,5Mbps,LTE,평점 4
프리티_LTE_78,프리티,든든한 350분5G,110,5.0,1,350,100,무제한,LTE,"정상가 11,000원, 할인 7개월, 평점 4.3"
프리티_LTE_79,프리티,CGV 15G+,17050,15.0,1,100,100,3Mbps,LTE,"정상가 48,400원, 할인 7개월, 평점 4.3"
SK7모바일_LTE_01,SK7모바일,[셀프] LTE 유심 (100GB+),40900,100.0,1,999,999,5Mbps,LTE,평점 3.9
KT엠모바일_LTE_06,KT엠모바일,모두다 맘껏 100GB+(왓챠 베이직),41000,100.0,1,999,999,5Mbps,LTE,평점 4
KT엠모바일_LTE_07,KT엠모바일,모두다 맘껏 100GB+(웨이브 베이직),41700,100.0,1,999,999,5Mbps,LTE,평점 4
KT엠모바일_LTE_08,KT엠모바일,모두다 맘껏 100GB+(PAY쿠폰 5000P),41700,100.0,1,999,999,5Mbps,LTE,평점 4
KT엠모바일_LTE_09,KT엠모바일,모두다 맘껏 100GB+(지니뮤직 FREE),41700,100.0,1,999,999,5Mbps,LTE,평점 4
KT엠모바일_LTE_10,KT엠모바일,모두다 맘껏 100GB+(올리브영 5000P),41700,100.0,1,999,999,5Mbps,LTE,평점 4
KT엠모바일_LTE_11,KT엠모바일,모두다 맘껏 100GB+(다이소 5000P),41700,100.0,1,999,999,5Mbps,LTE,평점 4
SK7모바일_LTE_02,SK7모바일,LTE 유심 (100GB+/통화맘껏),42000,100.0,1,999,999,5Mbps,LTE,평점 3.9
SK7모바일_LTE_03,SK7모바일,폰케어팩 (100GB+/통화맘껏),42000,100.0,1,999,999,5Mbps,LTE,평점 3.9
프리티_LTE_80,프리티,CGV 7G+1M,25960,7.0,1,999,999,1Mbps,LTE,"정상가 42,900원, 할인 24개월, 평점 4.3"
프리티_LTE_81,프리티,NH올원프리덤100G+,42900,100.0,1,999,999,5Mbps,LTE,평점 4.3
SK7모바일_LTE_04,SK7모바일,7 PICK (100GB+/통화맘껏),43100,100.0,1,999,999,5Mbps,LTE,평점 3.9
프리티_LTE_82,프리티,프리티구독15G+3M(스타벅스금액권),19800,15.0,1,100,100,3Mbps,LTE,"정상가 41,800원, 할인 7개월, 평점 4.3"
프리티_LTE_83,프리티,데이터안심15G+,19910,15.0,1,100,100,3Mbps,LTE,"정상가 29,480원, 할인 18개월, 평점 4.3"
프리티_LTE_84,프리티,프리티데이터100분15G+,20020,15.0,1,100,100,3Mbps,LTE,"정상가 30,800원, 할인 24개월, 평점 4.3"
프리티_LTE_85,프리티,예스24크레마클럽e북 구독 15G+,20020,15.0,1,100,100,3Mbps,LTE,"정상가 40,920원, 할인 7개월, 평점 4.3"
토스모바일_LTE_06,토스모바일,CU 100분 15GB,21000,15.0,1,100,100,3Mbps,LTE,"정상가 35,800원, 할인 12개월, 평점 4.8"
KT엠모바일_LTE_12,KT엠모바일,모두다 맘껏 7GB+,15900,7.0,1,999,999,1Mbps,LTE,평점 4
KT엠모바일_LTE_13,KT엠모바일,모두다 맘껏 실속 7GB+,15900,7.0,1,999,999,1Mbps,LTE,평점 4
KT엠모바일_LTE_14,KT엠모바일,모두다 맘껏 100GB+(왓챠 프리미엄),46000,100.0,1,999,999,5Mbps,LTE,평점 4
토스모바일_LTE_07,토스모바일,CU 100분/15GB+,21500,15.0,1,100,100,3Mbps,LTE,"정상가 35,800원, 할인 24개월, 평점 4.8"
KT엠모바일_LTE_15,KT엠모바일,모두다 맘껏 7GB++,16200,7.0,1,999,999,1Mbps,LTE,평점 4
KT엠모바일_LTE_16,KT엠모바일,모두다 맘껏 7GB+(후후안심),16200,7.0,1,999,999,1Mbps,LTE,평점 4
KT엠모바일_LTE_17,KT엠모바일,모두다 맘껏 7GB+(모아진 FREE),16200,7.0,1,999,999,1Mbps,LTE,평점 4
KT엠모바일_LTE_18,KT엠모바일,모두다 맘껏 7GB+(밀리의 서재 FREE),16300,7.0,1,999,999,1Mbps,LTE,평점 4
프리티_LTE_86,프리티,프리미엄데이터100분15G+,22000,15.0,1,100,100,3Mbps,LTE,"정상가 28,600원, 할인 24개월, 평점 4.3"
SK7모바일_LTE_05,SK7모바일,[셀프] LTE 유심 (7GB+),16900,7.0,1,999,999,1Mbps,LTE,평점 3.9
SK7모바일_LTE_06,SK7모바일,[Online] CMLink (100GB+),47850,100.0,1,999,999,5Mbps,LTE,평점 3.9
프리티_LTE_87,프리티,NH올원프리덤7G+,17600,7.0,1,999,999,1Mbps,LTE,평점 4.3
KT엠모바일_LTE_19,KT엠모바일,모두다 맘껏 7GB+(PAY쿠폰 3000P),17600,7.0,1,999,999,1Mbps,LTE,평점 4
SK7모바일_LTE_07,SK7모바일,LTE 유심 (7GB+/통화맘껏),18000,7.0,1,999,999,1Mbps,LTE,평점 3.9
SK7모바일_LTE_08,SK7모바일,번개 유심 (7GB+/통화맘껏),18000,7.0,1,999,999,1Mbps,LTE,평점 3.9
SK7모바일_LTE_09,SK7모바일,폰케어팩 (7GB+/통화맘껏),18000,7.0,1,999,999,1Mbps,LTE,평점 3.9
KT엠모바일_LTE_20,KT엠모바일,모두다 맘껏 11GB+(CU 20%할인),33000,60.0,1,999,999,3Mbps,LTE,평점 4
KT엠모바일_LTE_21,KT엠모바일,모두다 맘껏 11GB++,33000,60.0,1,999,999,3Mbps,LTE,평점 4
SK7모바일_LTE_10,SK7모바일,[셀프] LTE 유심 (11GB+),33000,60.0,1,999,999,3Mbps,LTE,평점 3.9
KT엠모바일_LTE_22,KT엠모바일,모두다 맘껏 11GB+(후후안심),33000,60.0,1,999,999,3Mbps,LTE,평점 4
KT엠모바일_LTE_23,KT엠모바일,모두다 맘껏 11GB+(모아진 FREE),33000,60.0,1,999,999,3Mbps,LTE,평점 4
KT엠모바일_LTE_24,KT엠모바일,구글플레이기프트(11GB+/통화맘껏),33080,60.0,1,999,999,3Mbps,LTE,평점 4
KT엠모바일_LTE_25,KT엠모바일,모두다 맘껏 11GB+(밀리의 서재 FREE),33100,60.0,1,999,999,3Mbps,LTE,평점 4
KT엠모바일_LTE_26,KT엠모바일,모두다 맘껏 7GB+(다이소 5000P),18500,7.0,1,999,999,1Mbps,LTE,평점 4
KT엠모바일_LTE_27,KT엠모바일,모두다 맘껏 7GB+(올리브영 5000P),18500,7.0,1,999,999,1Mbps,LTE,평점 4
KT엠모바일_LTE_28,KT엠모바일,모두다 맘껏 7GB+(PAY쿠폰 5000P),18500,7.0,1,999,999,1Mbps,LTE,평점 4
KT엠모바일_LTE_29,KT엠모바일,모두다 맘껏 7GB+(지니뮤직 FREE),19000,7.0,1,999,999,1Mbps,LTE,평점 4
프리티_LTE_88,프리티,이마트24_Star,34100,60.0,1,999,999,3Mbps,LTE,평점 4.3
SK7모바일_LTE_11,SK7모바일,LTE 유심 (11GB+/통화맘껏),34100,60.0,1,999,999,3Mbps,LTE,평점 3.9
SK7모바일_LTE_12,SK7모바일,번개유심 (11GB+/통화맘껏),34100,60.0,1,999,999,3Mbps,LTE,평점 3.9
SK7모바일_LTE_13,SK7모바일,폰케어팩 (11GB+/통화맘껏),34100,60.0,1,999,999,3Mbps,LTE,평점 3.9
SK7모바일_LTE_14,SK7모바일,7 PICK (7GB+/통화맘껏),19100,7.0,1,999,999,1Mbps,LTE,평점 3.9
SK7모바일_LTE_15,SK7모바일,10% 포인트 (7GB+/통화맘껏),19800,7.0,1,999,999,1Mbps,LTE,평점 3.9
프리티_LTE_89,프리티,NH올원프리덤11G+,35200,60.0,1,999,999,3Mbps,LTE,평점 4.3
SK7모바일_LTE_16,SK7모바일,7 PICK (11GB+/통화맘껏),35200,60.0,1,999,999,3Mbps,LTE,평점 3.9
KT엠모바일_LTE_30,KT엠모바일,모두다 맘껏 11GB+(배달의 민족 5000P),35600,60.0,1,999,999,3Mbps,LTE,평점 4
KT엠모바일_LTE_31,KT엠모바일,모두다 맘껏 11GB+(기프티쇼 5000P),35600,60.0,1,999,999,3Mbps,LTE,평점 4
KT엠모바일_LTE_32,KT엠모바일,모두다 맘껏 11GB+(PAY쿠폰 5000P),35600,60.0,1,999,999,3Mbps,LTE,평점 4
KT엠모바일_LTE_33,KT엠모바일,모두다 맘껏 11GB+(올리브영 5000P),35600,60.0,1,999,999,3Mbps,LTE,평점 4
KT엠모바일_LTE_34,KT엠모바일,모두다 맘껏 11GB+(다이소 5000P),35600,60.0,1,999,999,3Mbps,LTE,평점 4
KT엠모바일_LTE_35,KT엠모바일,모두다 맘껏 11GB+(왓챠 베이직),36000,60.0,1,999,999,3Mbps,LTE,평점 4
KT엠모바일_LTE_36,KT엠모바일,모두다 맘껏 11GB+(지니뮤직 FREE),36000,60.0,1,999,999,3Mbps,LTE,평점 4
KT엠모바일_LTE_37,KT엠모바일,모두다 맘껏 11GB+(멜론 FREE),36300,60.0,1,999,999,3Mbps,LTE,평점 4
KT엠모바일_LTE_38,KT엠모바일,모두다 맘껏 11GB+(웨이브 베이직),36600,60.0,1,999,999,3Mbps,LTE,평점 4
프리티_LTE_90,프리티,데이터팡팡매일5G+,17060,150.0,1,999,999,5Mbps,LTE,"정상가 52,700원, 할인 7개월, 평점 4.3"
SK7모바일_LTE_17,SK7모바일,10% 포인트 (11GB+/통화맘껏),37400,60.0,1,999,999,3Mbps,LTE,평점 3.9
SK7모바일_LTE_18,SK7모바일,롯데시네마 (11GB+/통화맘껏),37600,60.0,1,999,999,3Mbps,LTE,평점 3.9
SK7모바일_LTE_19,SK7모바일,롯데시네마 (7GB+/통화맘껏),21600,7.0,1,999,999,1Mbps,LTE,평점 3.9
프리티_LTE_91,프리티,프리티구독15G+3M(스타벅스금액권),27500,15.0,1,100,100,3Mbps,LTE,"정상가 41,800원, 할인 7개월, 평점 4.3"
프리티_LTE_92,프리티,CU+CGV 15G+,27940,15.0,1,100,100,3Mbps,LTE,"정상가 48,400원, 할인 18개월, 평점 4.3"
프리티_LTE_93,프리티,월간 프리티 100분15G+,28600,15.0,1,100,100,3Mbps,LTE,"정상가 41,800원, 할인 24개월, 평점 4.3"
SK7모바일_LTE_20,SK7모바일,FLO 유심 (11GB+/통화맘껏),39300,60.0,1,999,999,3Mbps,LTE,평점 3.9
SK7모바일_LTE_21,SK7모바일,wavve 유심 (11GB+/통화맘껏),40480,60.0,1,999,999,3Mbps,LTE,평점 3.9
프리티_LTE_94,프리티,예스24크레마클럽e북 구독 일5G+,20570,150.0,1,999,999,5Mbps,LTE,"정상가 56,210원, 할인 7개월, 평점 4.3"
KT엠모바일_LTE_39,KT엠모바일,모두다 맘껏 11GB+(왓챠 프리미엄),41000,60.0,1,999,999,3Mbps,LTE,평점 4
SK7모바일_LTE_22,SK7모바일,[Online] CMLink (11GB+),41200,60.0,1,999,999,3Mbps,LTE,평점 3.9
SK7모바일_LTE_23,SK7모바일,[Online] CMLink (7GB+),24200,7.0,1,999,999,1Mbps,LTE,평점 3.9
프리티_LTE_95,프리티,프리티데이터매일5G+,26950,150.0,1,999,999,5Mbps,LTE,"정상가 43,450원, 할인 24개월, 평점 4.3"
프리티_LTE_96,프리티,CGV 15G+,34980,15.0,1,100,100,3Mbps,LTE,"정상가 59,400원, 할인 24개월, 평점 4.3"
프리티_LTE_97,프리티,프리티구독매일5G+5M(스타벅스금액권),27500,150.0,1,999,999,5Mbps,LTE,"정상가 57,200원, 할인 7개월, 평점 4.3"
SK7모바일_LTE_24,SK7모바일,[셀프] LTE 유심 (15GB+/100분),24200,15.0,1,100,100,3Mbps,LTE,평점 3.9
KT엠모바일_LTE_40,KT엠모바일,구글플레이기프트(15GB+/100분),25300,15.0,1,100,100,3Mbps,LTE,평점 4
KT엠모바일_LTE_41,KT엠모바일,데이터 맘껏 15GB+/100분(CU 20%할인),25300,15.0,1,100,100,3Mbps,LTE,평점 4
KT엠모바일_LTE_42,KT엠모바일,데이터 맘껏 15GB+/100분+,25300,15.0,1,100,100,3Mbps,LTE,평점 4
SK7모바일_LTE_25,SK7모바일,LTE 유심 (15GB+/100분),25300,15.0,1,100,100,3Mbps,LTE,평점 3.9
SK7모바일_LTE_26,SK7모바일,번개 유심 15GB+,25300,15.0,1,100,100,3Mbps,LTE,평점 3.9
KT엠모바일_LTE_43,KT엠모바일,데이터 맘껏 15GB+/100분(모아진 FREE),25300,15.0,1,100,100,3Mbps,LTE,평점 4
KT엠모바일_LTE_44,KT엠모바일,데이터 맘껏 15GB+/100분(밀리의 서재 FREE),25400,15.0,1,100,100,3Mbps,LTE,평점 4
SK7모바일_LTE_27,SK7모바일,7 PICK (15GB+/100분),26400,15.0,1,100,100,3Mbps,LTE,평점 3.9
프리티_LTE_98,프리티,이마트24_Venti,27500,15.0,1,100,100,3Mbps,LTE,평점 4.3
SK7모바일_LTE_28,SK7모바일,10% 포인트 (15GB+/100분),27500,15.0,1,100,100,3Mbps,LTE,평점 3.9
KT엠모바일_LTE_45,KT엠모바일,데이터 맘껏 15GB+/100분(다이소 5000P),27600,15.0,1,100,100,3Mbps,LTE,평점 4
KT엠모바일_LTE_46,KT엠모바일,데이터 맘껏 15GB+/100분(올리브영 5000P),27600,15.0,1,100,100,3Mbps,LTE,평점 4
KT엠모바일_LTE_47,KT엠모바일,데이터 맘껏 15GB+/100분(PAY쿠폰 5000P),27800,15.0,1,100,100,3Mbps,LTE,평점 4
KT엠모바일_LTE_48,KT엠모바일,데이터 맘껏 15GB+/100분(기프티쇼 5000P),27800,15.0,1,100,100,3Mbps,LTE,평점 4
KT엠모바일_LTE_49,KT엠모바일,데이터 맘껏 15GB+/100분(지니뮤직 FREE),28000,15.0,1,100,100,3Mbps,LTE,평점 4
KT엠모바일_LTE_50,KT엠모바일,데이터 맘껏 15GB+/100분(멜론 FREE),28900,15.0,1,100,100,3Mbps,LTE,평점 4
SK7모바일_LTE_29,SK7모바일,[Online] CMLink (15GB+),30800,15.0,1,100,100,3Mbps,LTE,평점 3.9
KT엠모바일_LTE_51,KT엠모바일,통화 맘껏 10GB,11900,10.0,1,999,999,무제한,LTE,평점 4
KT엠모바일_5G_01,KT엠모바일,5G 통화 맘껏 10GB,12900,10.0,1,999,999,무제한,5G,평점 4
프리티_LTE_99,프리티,보이스피싱 안심보상15G+1M,14080,15.0,1,999,999,1Mbps,LTE,"정상가 36,300원, 할인 7개월, 평점 4.3"
프리티_LTE_100,프리티,데이터안심15G(CU 멤버십)+1M,14080,15.0,1,999,999,1Mbps,LTE,"정상가 36,300원, 할인 7개월, 평점 4.3"
프리티_LTE_101,프리티,데이터안심15G+1M,15070,15.0,1,999,999,1Mbps,LTE,"정상가 37,400원, 할인 7개월, 평점 4.3"
프리티_LTE_102,프리티,올리브영 15G+1M,15070,15.0,1,999,999,1Mbps,LTE,"정상가 38,500원, 할인 7개월, 평점 4.3"
프리티_LTE_103,프리티,다이소 15G+1M,15070,15.0,1,999,999,1Mbps,LTE,"정상가 38,500원, 할인 7개월, 평점 4.3"
프리티_LTE_104,프리티,후후 안전통화생활 15G+1M,15840,15.0,1,999,999,1Mbps,LTE,"정상가 37,070원, 할인 7개월, 평점 4.3"
KT엠모바일_LTE_52,KT엠모바일,모두다 맘껏 일 5GB++,38200,150.0,1,999,999,5Mbps,LTE,평점 4
KT엠모바일_LTE_53,KT엠모바일,모두다 맘껏 일 5GB+,38200,150.0,1,999,999,5Mbps,LTE,평점 4
프리티_LTE_105,프리티,데이터안심15G(모바일한경)+1M,17380,15.0,1,999,999,1Mbps,LTE,"정상가 39,600원, 할인 7개월, 평점 4.3"
프리티_LTE_106,프리티,데이터안심15G+1M,18040,15.0,1,999,999,1Mbps,LTE,"정상가 23,980원, 할인 18개월, 평점 4.3"
KT엠모바일_LTE_54,KT엠모바일,모두다 맘껏 일5GB+(왓챠 베이직),41000,150.0,1,999,999,5Mbps,LTE,평점 4
토스모바일_LTE_08,토스모바일,CU 15GB,21000,15.0,1,999,999,1Mbps,LTE,"정상가 34,800원, 할인 12개월, 평점 4.8"
KT엠모바일_LTE_55,KT엠모바일,모두다 맘껏 일5GB+(왓챠 프리미엄),46000,150.0,1,999,999,5Mbps,LTE,평점 4
KT엠모바일_LTE_56,KT엠모바일,초알뜰 1GB/100분,2900,1.0,1,100,100,무제한,LTE,평점 4
프리티_LTE_107,프리티,더든든한500분15G,3300,15.0,1,500,100,무제한,LTE,"정상가 13,200원, 할인 7개월, 평점 4.3"
SK7모바일_LTE_30,SK7모바일,LTE 유심 (1GB/100분),3900,1.0,1,100,100,무제한,LTE,평점 3.9
KT엠모바일_LTE_57,KT엠모바일,모두다 맘껏 15GB+,20900,15.0,1,999,999,1Mbps,LTE,평점 4
KT엠모바일_LTE_58,KT엠모바일,모두다 맘껏 실속 15GB+,20900,15.0,1,999,999,1Mbps,LTE,평점 4
KT엠모바일_LTE_59,KT엠모바일,모두다 맘껏 15GB+(후후안심),21400,15.0,1,999,999,1Mbps,LTE,평점 4
KT엠모바일_LTE_60,KT엠모바일,모두다 맘껏 15GB+(모아진 FREE),21400,15.0,1,999,999,1Mbps,LTE,평점 4
KT엠모바일_LTE_61,KT엠모바일,모두다 맘껏 15GB+(밀리의 서재 FREE),21500,15.0,1,999,999,1Mbps,LTE,평점 4
SK7모바일_LTE_31,SK7모바일,LTE 유심 (15GB/300분),13530,15.0,1,300,100,무제한,LTE,평점 3.9
KT엠모바일_LTE_62,KT엠모바일,모두다 맘껏 15GB+(CU 20%할인),21900,15.0,1,999,999,1Mbps,LTE,평점 4
KT엠모바일_LTE_63,KT엠모바일,모두다 맘껏 실속 5GB+,14400,5.0,1,999,999,1Mbps,LTE,평점 4
KT엠모바일_LTE_64,KT엠모바일,모두다 맘껏 15GB+(올리브영 5000P),23700,15.0,1,999,999,1Mbps,LTE,평점 4
KT엠모바일_LTE_65,KT엠모바일,모두다 맘껏 15GB+(다이소 5000P),23700,15.0,1,999,999,1Mbps,LTE,평점 4
KT엠모바일_LTE_66,KT엠모바일,모두다 맘껏 15GB+(PAY쿠폰 5000P),23700,15.0,1,999,999,1Mbps,LTE,평점 4
KT엠모바일_LTE_67,KT엠모바일,모두다 맘껏 15GB+(지니뮤직 FREE),24200,15.0,1,999,999,1Mbps,LTE,평점 4
프리티_5G_01,프리티,(5G)더빠른110G+,38500,110.0,1,999,999,5Mbps,5G,평점 4.3
KT엠모바일_5G_02,KT엠모바일,5G 모두다 맘껏 110GB+(밀리의 서재 FREE),41500,110.0,1,999,999,5Mbps,5G,평점 4
KT엠모바일_5G_03,KT엠모바일,5G 모두다 맘껏 110GB+(지니뮤직 FREE),44200,110.0,1,999,999,5Mbps,5G,평점 4
SK7모바일_5G_01,SK7모바일,5G 유심 (110GB+/통화맘껏),45100,110.0,1,999,999,5Mbps,5G,평점 3.9
프리티_5G_02,프리티,(5G)더든든한500분15G,9800,15.0,1,500,100,무제한,5G,"정상가 13,100원, 할인 7개월, 평점 4.3"
SK7모바일_LTE_32,SK7모바일,[Online] 5G CMLink (110GB+),50600,110.0,1,999,999,5Mbps,LTE,평점 3.9
프리티_LTE_108,프리티,NH더드림 안심+,7700,1.0,1,999,999,1Mbps,LTE,"정상가 9,900원, 할인 24개월, 평점 4.3"
SK7모바일_5G_02,SK7모바일,5G 유심 (15GB+/통화맘껏),35200,15.0,1,999,999,1Mbps,5G,평점 3.9
프리티_LTE_109,프리티,든든한 200분6G,2200,6.0,1,200,100,무제한,LTE,평점 4.3
프리티_LTE_110,프리티,든든한200분10G,4400,10.0,1,200,100,무제한,LTE,평점 4.3
KT엠모바일_LTE_68,KT엠모바일,통화 맘껏 20GB,16900,20.0,1,999,999,무제한,LTE,평점 4
프리티_LTE_111,프리티,더든든한500분15G,7050,15.0,1,500,100,무제한,LTE,평점 4.3
KT엠모바일_5G_04,KT엠모바일,5G 통화 맘껏 20GB,17900,20.0,1,999,999,무제한,5G,평점 4
KT엠모바일_LTE_69,KT엠모바일,데이터 충분 10GB/100분,8900,10.0,1,100,100,무제한,LTE,평점 4
프리티_5G_03,프리티,(5G)더든든한500분15G,9800,15.0,1,500,100,무제한,5G,평점 4.3
SK7모바일_LTE_33,SK7모바일,LTE 유심 (10GB/100분),10200,10.0,1,100,100,무제한,LTE,평점 3.9
프리티_LTE_112,프리티,데이터안심10G+1M,13090,10.0,1,999,999,1Mbps,LTE,"정상가 34,100원, 할인 7개월, 평점 4.3"
프리티_LTE_113,프리티,데이터안심10G(CU 멤버십)+1M,13090,10.0,1,999,999,1Mbps,LTE,"정상가 34,650원, 할인 7개월, 평점 4.3"
프리티_LTE_114,프리티,데이터안심10G+1M,13090,10.0,1,999,999,1Mbps,LTE,"정상가 34,100원, 할인 7개월, 평점 4.3"
프리티_LTE_115,프리티,후후 안전통화생활 10G+1M,13860,10.0,1,999,999,1Mbps,LTE,"정상가 34,870원, 할인 7개월, 평점 4.3"
프리티_LTE_116,프리티,올리브영 10G+1M,14080,10.0,1,999,999,1Mbps,LTE,"정상가 36,300원, 할인 7개월, 평점 4.3"
프리티_LTE_117,프리티,다이소 10G+1M,14080,10.0,1,999,999,1Mbps,LTE,"정상가 36,300원, 할인 7개월, 평점 4.3"
프리티_LTE_118,프리티,예스24크레마클럽e북 구독 10G+1M,16500,10.0,1,999,999,1Mbps,LTE,"정상가 38,170원, 할인 7개월, 평점 4.3"
토스모바일_LTE_09,토스모바일,CU 10GB+,16600,10.0,1,999,999,1Mbps,LTE,"정상가 29,800원, 할인 24개월, 평점 4.8"
KT엠모바일_LTE_70,KT엠모바일,통화 맘껏 15GB,13900,15.0,1,999,999,무제한,LTE,평점 4
프리티_LTE_119,프리티,프리티데이터10G+1M,18040,10.0,1,999,999,1Mbps,LTE,"정상가 23,100원, 할인 24개월, 평점 4.3"
프리티_LTE_120,프리티,데이터안심10G+1M,18040,10.0,1,999,999,1Mbps,LTE,"정상가 22,000원, 할인 18개월, 평점 4.3"
SK7모바일_5G_03,SK7모바일,5G 유심 (6GB/200분),9900,6.0,1,200,100,무제한,5G,평점 3.9
SK7모바일_5G_04,SK7모바일,5G 유심 (10GB/200분),11500,10.0,1,200,100,무제한,5G,평점 3.9
KT엠모바일_5G_05,KT엠모바일,5G 통화 맘껏 15GB,14900,15.0,1,999,999,무제한,5G,평점 4
SK7모바일_LTE_34,SK7모바일,[셀프] LTE 유심 (1GB+),9920,1.0,1,999,999,1Mbps,LTE,평점 3.9
SK7모바일_LTE_35,SK7모바일,LTE 유심 (5GB/100분),7900,5.0,1,100,100,무제한,LTE,평점 3.9
SK7모바일_LTE_36,SK7모바일,LTE 유심 (1GB+/통화맘껏),11000,1.0,1,999,999,1Mbps,LTE,평점 3.9
SK7모바일_LTE_37,SK7모바일,번개 유심 (1GB+/통화맘껏),11000,1.0,1,999,999,1Mbps,LTE,평점 3.9
SK7모바일_LTE_38,SK7모바일,LTE 유심 (500MB/60분),1900,0.5,1,60,50,무제한,LTE,"정상가 3,300원, 할인 12개월, 평점 3.9"
SK7모바일_LTE_39,SK7모바일,10% 포인트 (6GB/200분),11770,6.0,1,200,100,무제한,LTE,평점 3.9
프리티_LTE_121,프리티,음성기본1G+1M,13750,1.0,1,999,999,1Mbps,LTE,평점 4.3
KT엠모바일_LTE_71,KT엠모바일,모두다 맘껏 10GB+,18400,10.0,1,999,999,1Mbps,LTE,평점 4
KT엠모바일_LTE_72,KT엠모바일,모두다 맘껏 실속 10GB+,18400,10.0,1,999,999,1Mbps,LTE,평점 4
SK7모바일_LTE_40,SK7모바일,[셀프] LTE 유심 (10GB+),18900,10.0,1,999,999,1Mbps,LTE,평점 3.9
KT엠모바일_LTE_73,KT엠모바일,모두다 맘껏 10GB+(모아진 FREE),18900,10.0,1,999,999,1Mbps,LTE,평점 4
KT엠모바일_LTE_74,KT엠모바일,모두다 맘껏 10GB+(밀리의 서재 FREE),19000,10.0,1,999,999,1Mbps,LTE,평점 4
KT엠모바일_LTE_75,KT엠모바일,모두다 맘껏 10GB+(CU 20%할인),19400,10.0,1,999,999,1Mbps,LTE,평점 4
SK7모바일_LTE_41,SK7모바일,LTE 유심 (10GB+/통화맘껏),20000,10.0,1,999,999,1Mbps,LTE,평점 3.9
SK7모바일_LTE_42,SK7모바일,번개 유심 (10GB+/통화맘껏),20000,10.0,1,999,999,1Mbps,LTE,평점 3.9
SK7모바일_LTE_43,SK7모바일,폰케어팩 (10GB+/통화맘껏),20000,10.0,1,999,999,1Mbps,LTE,평점 3.9
SK7모바일_LTE_44,SK7모바일,7 PICK (10GB+/통화맘껏),21100,10.0,1,999,999,1Mbps,LTE,평점 3.9
KT엠모바일_LTE_76,KT엠모바일,모두다 맘껏 10GB+(다이소 5000P),21200,10.0,1,999,999,1Mbps,LTE,평점 4
KT엠모바일_LTE_77,KT엠모바일,모두다 맘껏 10GB+(올리브영 5000P),21200,10.0,1,999,999,1Mbps,LTE,평점 4
KT엠모바일_LTE_78,KT엠모바일,모두다 맘껏 10GB+(PAY 쿠폰 5000P),21200,10.0,1,999,999,1Mbps,LTE,평점 4
KT엠모바일_LTE_79,KT엠모바일,모두다 맘껏 10GB+(지니뮤직 FREE),21700,10.0,1,999,999,1Mbps,LTE,평점 4
SK7모바일_LTE_45,SK7모바일,10% 포인트 (10GB+/통화맘껏),22000,10.0,1,999,999,1Mbps,LTE,평점 3.9
SK7모바일_LTE_46,SK7모바일,[Online] CMLink (10GB+),24700,10.0,1,999,999,1Mbps,LTE,평점 3.9
프리티_LTE_122,프리티,데이터안심300분15G+,21010,15.0,1,300,300,3Mbps,LTE,"정상가 33,000원, 할인 24개월, 평점 4.3"
프리티_5G_04,프리티,(5G)더빠른200G+,46200,200.0,1,999,999,무제한,5G,평점 4.3
KT엠모바일_5G_06,KT엠모바일,5G 모두다 맘껏 200GB+(밀리의 서재 FREE),47700,200.0,1,999,999,무제한,5G,평점 4
프리티_5G_05,프리티,(5G)올리브영 200G+,48400,200.0,1,999,999,무제한,5G,평점 4.3
프리티_5G_06,프리티,(5G)다이소 200G+,48400,200.0,1,999,999,무제한,5G,평점 4.3
SK7모바일_LTE_47,SK7모바일,[Online] CMLink (1GB+),18400,1.0,1,999,999,1Mbps,LTE,평점 3.9
KT엠모바일_LTE_80,KT엠모바일,통화 맘껏 1.5GB,5400,1.5,1,999,999,무제한,LTE,평점 4
KT엠모바일_5G_07,KT엠모바일,5G 모두다 맘껏 200GB+(지니뮤직 FREE),50400,200.0,1,999,999,무제한,5G,평점 4
SK7모바일_LTE_48,SK7모바일,wavve 유심 5GB,19800,5.0,1,100,100,무제한,LTE,평점 3.9
프리티_5G_07,프리티,(5G)하나은행 500분20G,7700,20.0,1,500,100,무제한,5G,"정상가 10,780원, 할인 12개월, 평점 4.3"
프리티_LTE_123,프리티,더든든한200분20G,9090,20.0,1,200,100,무제한,LTE,평점 4.3
KT엠모바일_LTE_81,KT엠모바일,데이터 맘껏 15GB+/300분(CU 20%할인),27500,15.0,1,300,300,3Mbps,LTE,평점 4
KT엠모바일_LTE_82,KT엠모바일,데이터 맘껏 15GB+/300분,27500,15.0,1,300,300,3Mbps,LTE,평점 4
SK7모바일_LTE_49,SK7모바일,[셀프] LTE 유심 (15GB+/300분),27500,15.0,1,300,300,3Mbps,LTE,평점 3.9
KT엠모바일_LTE_83,KT엠모바일,데이터 맘껏 15GB+/300분(모아진 FREE),27500,15.0,1,300,300,3Mbps,LTE,평점 4
SK7모바일_LTE_50,SK7모바일,LTE 유심 (15GB+/300분),28600,15.0,1,300,300,3Mbps,LTE,평점 3.9
SK7모바일_LTE_51,SK7모바일,7 PICK (15GB+/300분),29700,15.0,1,300,300,3Mbps,LTE,평점 3.9
KT엠모바일_LTE_84,KT엠모바일,데이터 맘껏 15GB+/300분(올리브영 5000P),29800,15.0,1,300,300,3Mbps,LTE,평점 4
KT엠모바일_LTE_85,KT엠모바일,데이터 맘껏 15GB+/300분(다이소 5000P),29800,15.0,1,300,300,3Mbps,LTE,평점 4
KT엠모바일_LTE_86,KT엠모바일,데이터 맘껏 15GB+/300분(PAY쿠폰 5000P),29900,15.0,1,300,300,3Mbps,LTE,평점 4
KT엠모바일_LTE_87,KT엠모바일,데이터 맘껏 15GB+/300분(기프티쇼 5000P),29900,15.0,1,300,300,3Mbps,LTE,평점 4
KT엠모바일_LTE_88,KT엠모바일,데이터 맘껏 15GB+/300분(지니뮤직 FREE),30000,15.0,1,300,300,3Mbps,LTE,평점 4
프리티_5G_08,프리티,(5G)더든든한500분20G,13200,20.0,1,500,100,무제한,5G,"정상가 16,500원, 할인 7개월, 평점 4.3"
KT엠모바일_5G_08,KT엠모바일,5G 데이터 충분 20GB/200분,16900,20.0,1,200,100,무제한,5G,평점 4
SK7모바일_LTE_52,SK7모바일,번개 유심 (5GB+/200분),16060,5.0,1,200,100,1Mbps,LTE,평점 3.9
KT엠모바일_5G_09,KT엠모바일,5G 모두다 맘껏 50GB+,37900,50.0,1,999,999,1Mbps,5G,평점 4
SK7모바일_LTE_53,SK7모바일,10% 포인트 (5GB+/200분),17600,5.0,1,200,100,1Mbps,LTE,평점 3.9
프리티_5G_09,프리티,(5G)더빠른50G+1M,39600,50.0,1,999,999,1Mbps,5G,평점 4.3
프리티_LTE_124,프리티,더든든한500분20G,9900,20.0,1,500,100,무제한,LTE,평점 4.3
프리티_LTE_125,프리티,더든든한500분20G,11000,20.0,1,500,100,무제한,LTE,평점 4.3
프리티_LTE_126,프리티,더든든한500분20G,13970,20.0,1,500,100,무제한,LTE,평점 4.3
프리티_5G_10,프리티,(5G)하나은행 200분30G,12100,30.0,1,200,100,무제한,5G,"정상가 15,180원, 할인 12개월, 평점 4.3"
프리티_LTE_127,프리티,음성기본데이터5G,3300,5.0,1,999,150,무제한,LTE,평점 4.3
프리티_5G_11,프리티,(5G)더든든한200분30GB,17600,30.0,1,200,100,무제한,5G,"정상가 19,800원, 할인 7개월, 평점 4.3"
프리티_LTE_128,프리티,더든든한200분30G,15400,30.0,1,200,100,무제한,LTE,평점 4.3
KT엠모바일_LTE_89,KT엠모바일,데이터 충분 15GB/100분,12900,15.0,1,100,100,무제한,LTE,평점 4
SK7모바일_LTE_54,SK7모바일,LTE 유심 (15GB/100분),12900,15.0,1,100,100,무제한,LTE,평점 3.9
프리티_5G_12,프리티,5G 든든한200분10G,4400,10.0,1,200,200,무제한,5G,평점 4.3
프리티_LTE_129,프리티,더든든한200분15G,6020,15.0,1,200,100,무제한,LTE,평점 4.3
KT엠모바일_5G_10,KT엠모바일,5G 통화 맘껏 6GB,9900,6.0,1,999,999,무제한,5G,평점 4
KT엠모바일_LTE_90,KT엠모바일,데이터 충분 6GB/100분,6900,6.0,1,100,100,무제한,LTE,평점 4
SK7모바일_LTE_55,SK7모바일,LTE 유심 (15GB/200분),13200,15.0,1,200,100,무제한,LTE,평점 3.9
KT엠모바일_5G_11,KT엠모바일,5G 데이터 충분 15GB/200분,13900,15.0,1,200,100,무제한,5G,평점 4
KT엠모바일_LTE_91,KT엠모바일,초알뜰 3GB/100분,4900,3.0,1,100,100,무제한,LTE,평점 4
SK7모바일_LTE_56,SK7모바일,LTE 유심 (3GB/100분),4900,3.0,1,100,100,무제한,LTE,평점 3.9
KT엠모바일_LTE_92,KT엠모바일,데이터 충분 20GB/100분,15900,20.0,1,100,100,무제한,LTE,평점 4
프리티_5G_13,프리티,5G 든든한200분5G,2750,5.0,1,200,100,무제한,5G,평점 4.3
프리티_5G_14,프리티,5G 든든한200분5G  ,3300,5.0,1,200,100,무제한,5G,평점 4.3
KT엠모바일_LTE_93,KT엠모바일,통화 맘껏 2.5GB,5900,2.5,1,999,999,무제한,LTE,평점 4
프리티_5G_15,프리티,5G 든든한200분7G,3300,7.0,1,200,150,무제한,5G,평점 4.3
KT엠모바일_5G_12,KT엠모바일,5G 통화 맘껏 3GB,6900,3.0,1,999,999,무제한,5G,평점 4
토스모바일_5G_01,토스모바일,5G 125GB+,35800,125.0,1,999,999,5Mbps,5G,"정상가 50,800원, 할인 7개월, 평점 4.8"
프리티_5G_16,프리티,5G 든든한200분7G,4400,7.0,1,200,150,무제한,5G,평점 4.3
SK7모바일_LTE_57,SK7모바일,LTE 유심 (1GB/50분),3300,1.0,1,50,50,무제한,LTE,"정상가 4,400원, 할인 12개월, 평점 3.9"
KT엠모바일_LTE_94,KT엠모바일,키즈 안심 10GB+,11900,10.0,1,999,999,400Kbps,LTE,평점 4
KT엠모바일_LTE_95,KT엠모바일,모두다 맘껏 안심 10GB+,12900,10.0,1,999,999,400Kbps,LTE,평점 4
KT엠모바일_5G_13,KT엠모바일,5G 모두다 맘껏 안심 10GB+,13900,10.0,1,999,999,400Kbps,5G,평점 4
KT엠모바일_LTE_96,KT엠모바일,초알뜰 2GB/100분,3900,2.0,1,100,100,무제한,LTE,평점 4
프리티_5G_17,프리티,(5G)더빠른125G+,44000,125.0,1,999,999,5Mbps,5G,평점 4.3
KT엠모바일_5G_14,KT엠모바일,e 5G 통화 150분,3300,0.0,1,150,150,무제한,5G,평점 4
KT엠모바일_LTE_97,KT엠모바일,모두다 맘껏 안심 15GB+,15900,15.0,1,999,999,400Kbps,LTE,평점 4
KT엠모바일_5G_15,KT엠모바일,5G 모두다 맘껏 안심 15GB+,16900,15.0,1,999,999,400Kbps,5G,평점 4
프리티_LTE_130,프리티,이마트24_Short+,3300,1.0,1,50,50,무제한,LTE,평점 4.3
KT엠모바일_LTE_98,KT엠모바일,키즈 안심 2GB+,5900,2.0,1,999,999,400Kbps,LTE,평점 4
KT엠모바일_LTE_99,KT엠모바일,모두다 맘껏 안심+,6400,0.0,1,999,999,400Kbps,LTE,평점 4
KT엠모바일_LTE_100,KT엠모바일,통화 맘껏 4.5GB,6900,4.5,1,999,999,무제한,LTE,평점 4
KT엠모바일_LTE_101,KT엠모바일,키즈 안심 4GB+,6900,4.0,1,999,999,400Kbps,LTE,평점 4
KT엠모바일_5G_16,KT엠모바일,5G 모두다 맘껏 70GB+(밀리의 서재 FREE),39100,70.0,1,999,999,1Mbps,5G,평점 4
KT엠모바일_LTE_102,KT엠모바일,데이터 함께쓰기 120분,3900,0.0,1,120,120,무제한,LTE,평점 4
토스모바일_5G_02,토스모바일,5G 180GB+,44800,180.0,1,999,999,무제한,5G,"정상가 56,800원, 할인 7개월, 평점 4.8"
토스모바일_5G_03,토스모바일,5G 150GB+,40800,150.0,1,999,999,5Mbps,5G,"정상가 52,800원, 할인 7개월, 평점 4.8"
토스모바일_5G_04,토스모바일,5G 95GB+,34800,95.0,1,999,999,3Mbps,5G,"정상가 47,800원, 할인 7개월, 평점 4.8"
SK7모바일_LTE_58,SK7모바일,10% 포인트 (2GB/200분),7590,2.0,1,200,100,무제한,LTE,평점 3.9
프리티_5G_18,프리티,5G더빠른150G,48000,150.0,1,999,999,5Mbps,5G,평점 4.3
프리티_5G_19,프리티,(5G)더빠른95G+,42900,95.0,1,999,999,3Mbps,5G,평점 4.3
KT엠모바일_LTE_103,KT엠모바일,통화 맘껏 6.5GB,8900,6.5,1,999,999,무제한,LTE,평점 4
KT엠모바일_LTE_104,KT엠모바일,모두다 맘껏 안심 20GB+,18900,20.0,1,999,999,400Kbps,LTE,평점 4
KT엠모바일_5G_17,KT엠모바일,5G 모두다 맘껏 안심 20GB+,19900,20.0,1,999,999,400Kbps,5G,평점 4
KT엠모바일_LTE_105,KT엠모바일,모두다 맘껏 안심 1.5GB+,6900,1.5,1,999,999,400Kbps,LTE,평점 4
프리티_LTE_131,프리티,예스24크레마클럽e북 구독 10G+,17490,60.0,1,999,999,3Mbps,LTE,"정상가 48,510원, 할인 7개월, 평점 4.3"
KT엠모바일_5G_18,KT엠모바일,5G 모두다 맘껏 30GB+,36700,30.0,1,999,999,1Mbps,5G,평점 4
KT엠모바일_LTE_106,KT엠모바일,모두다 맘껏 안심 4.5GB+,8900,4.5,1,999,999,400Kbps,LTE,평점 4
SK7모바일_5G_05,SK7모바일,5G 유심 (200GB+/통화맘껏),49500,200.0,1,999,999,5Mbps,5G,평점 3.9
프리티_5G_20,프리티,5G 더빠른200G+,50750,200.0,1,999,999,5Mbps,5G,평점 4.3
KT엠모바일_LTE_107,KT엠모바일,모두다 맘껏 안심 6GB+,10900,6.0,1,999,999,400Kbps,LTE,평점 4
KT엠모바일_5G_19,KT엠모바일,5G 모두다 맘껏 안심 6GB+,11900,6.0,1,999,999,400Kbps,5G,평점 4
프리티_LTE_132,프리티,KR Basic,3300,0.0,1,0,0,무제한,LTE,평점 4.3
프리티_LTE_133,프리티,든든한500분10G,3300,10.0,1,500,200,무제한,LTE,"정상가 19,800원, 할인 7개월, 평점 4.3"
KT엠모바일_LTE_108,KT엠모바일,키즈 안심 8GB+,10900,8.0,1,999,999,400Kbps,LTE,평점 4
KT엠모바일_LTE_109,KT엠모바일,모두다 맘껏 안심 8GB+,11900,8.0,1,999,999,400Kbps,LTE,평점 4
KT엠모바일_5G_20,KT엠모바일,5G 모두다 맘껏 안심 8GB+,12900,8.0,1,999,999,400Kbps,5G,평점 4
SK7모바일_5G_06,SK7모바일,5G 유심 (6GB+/통화맘껏),25300,6.0,1,999,999,400Kbps,5G,평점 3.9
SK7모바일_5G_07,SK7모바일,5G 유심 (8GB+/통화맘껏),28600,8.0,1,999,999,400Kbps,5G,평점 3.9
SK7모바일_LTE_59,SK7모바일,LTE 유심 (1GB/200분),4510,1.0,1,200,100,무제한,LTE,평점 3.9
SK7모바일_LTE_60,SK7모바일,[셀프] LTE 유심 (2GB/2000분),5500,2.0,1,2000,2000,무제한,LTE,평점 3.9
KT엠모바일_LTE_110,KT엠모바일,모두다 맘껏 실속 3GB+,13400,3.0,1,999,999,1Mbps,LTE,평점 4
SK7모바일_LTE_61,SK7모바일,LTE 유심 (2GB/2000분),6600,2.0,1,2000,2000,무제한,LTE,평점 3.9
SK7모바일_LTE_62,SK7모바일,번개 유심 (2GB/2000분),6600,2.0,1,2000,2000,무제한,LTE,평점 3.9
KT엠모바일_5G_21,KT엠모바일,5G 모두다 맘껏 90GB+(밀리의 서재 FREE),40300,90.0,1,999,999,1Mbps,5G,평점 4
SK7모바일_LTE_63,SK7모바일,LTE 안심차단 (1GB/1000분),5500,1.0,1,1000,1000,무제한,LTE,평점 3.9
SK7모바일_5G_08,SK7모바일,5G 유심 (7GB/1000분),11440,7.0,1,1000,100,무제한,5G,평점 3.9
SK7모바일_LTE_64,SK7모바일,LTE 유심 (500MB/100분),2900,0.5,1,100,100,무제한,LTE,평점 3.9
KT엠모바일_LTE_111,KT엠모바일,데이터 함께쓰기 240분,5000,0.0,1,240,240,무제한,LTE,평점 4
프리티_5G_21,프리티,(5G)더든든한500분30GB,18700,30.0,1,500,100,무제한,5G,"정상가 20,900원, 할인 7개월, 평점 4.3"
SK7모바일_5G_09,SK7모바일,5G 유심 (1GB/500분),6600,1.0,1,500,100,무제한,5G,평점 3.9
KT엠모바일_LTE_112,KT엠모바일,데이터 함께쓰기 120분+400K,4500,0.0,1,120,120,400Kbps,LTE,평점 4
토스모바일_5G_05,토스모바일,5G 12GB+,26800,12.0,1,999,999,1Mbps,5G,"정상가 40,800원, 할인 7개월, 평점 4.8"
KT엠모바일_LTE_113,KT엠모바일,모두다 맘껏 안심 2.5GB+,7900,2.5,1,999,999,400Kbps,LTE,평점 4
프리티_LTE_134,프리티,더든든한500분30G,15400,30.0,1,500,100,무제한,LTE,평점 4.3
KT엠모바일_5G_22,KT엠모바일,5G 모두다 맘껏 14GB+,32000,14.0,1,999,999,1Mbps,5G,평점 4
SK7모바일_LTE_65,SK7모바일,[셀프] LTE 유심 (4GB/2000분),6600,4.0,1,2000,2000,무제한,LTE,평점 3.9
SK7모바일_LTE_66,SK7모바일,LTE 유심 (4GB/2000분),7700,4.0,1,2000,2000,무제한,LTE,평점 3.9
SK7모바일_LTE_67,SK7모바일,번개 유심 (4GB/2000분),7700,4.0,1,2000,2000,무제한,LTE,평점 3.9
프리티_5G_22,프리티,(5G)더든든한200분25GB,15400,25.0,1,200,100,무제한,5G,"정상가 17,600원, 할인 7개월, 평점 4.3"
SK7모바일_LTE_68,SK7모바일,[셀프] LTE 유심 (15GB/2000분),13900,15.0,1,2000,2000,무제한,LTE,평점 3.9
SK7모바일_LTE_69,SK7모바일,LTE 유심 (15GB/2000분),15000,15.0,1,2000,2000,무제한,LTE,평점 3.9
SK7모바일_5G_10,SK7모바일,5G 유심 (54GB+/통화맘껏),41800,54.0,1,999,999,1Mbps,5G,평점 3.9
프리티_5G_23,프리티,(5G)더빠른54G+1M,42900,54.0,1,999,999,1Mbps,5G,평점 4.3
SK7모바일_5G_11,SK7모바일,5G 유심 (99GB+/통화맘껏),44000,99.0,1,999,999,1Mbps,5G,평점 3.9
프리티_5G_24,프리티,(5G)더빠른99G+1M,45100,99.0,1,999,999,1Mbps,5G,평점 4.3
SK7모바일_LTE_70,SK7모바일,LTE 안심차단 (30GB/1000분),30250,30.0,1,1000,1000,무제한,LTE,평점 3.9
KT엠모바일_LTE_114,KT엠모바일,L.POINT 1GB(USIM),5500,1.0,1,30,30,무제한,LTE,평점 4
프리티_5G_25,프리티,(5G)프리티구독1000분20G(스타벅스금액권),19800,20.0,1,1000,200,무제한,5G,"정상가 22,000원, 할인 24개월, 평점 4.3"
SK7모바일_5G_12,SK7모바일,5G 유심 (24GB+/통화맘껏),38500,24.0,1,999,999,1Mbps,5G,평점 3.9
SK7모바일_5G_13,SK7모바일,5G 유심 (74GB+/통화맘껏),42900,74.0,1,999,999,1Mbps,5G,평점 3.9
SK7모바일_LTE_71,SK7모바일,[Online] 5G CMLink (24GB+),44550,24.0,1,999,999,1Mbps,LTE,평점 3.9
SK7모바일_LTE_72,SK7모바일,LTE 유심 (25GB/200분),22000,25.0,1,200,100,무제한,LTE,평점 3.9
SK7모바일_LTE_73,SK7모바일,LTE 유심 (15GB+/1000분),21400,15.0,1,1000,100,1Mbps,LTE,평점 3.9
프리티_LTE_135,프리티,프리티구독1000분15G(스타벅스금액권),16500,15.0,1,1000,100,무제한,LTE,"정상가 19,800원, 할인 24개월, 평점 4.3"
SK7모바일_LTE_74,SK7모바일,LTE 유심 (3GB/200분),6900,3.0,1,200,100,무제한,LTE,평점 3.9
SK7모바일_5G_14,SK7모바일,5G 유심 (3GB/200분),7500,3.0,1,200,100,무제한,5G,평점 3.9
SK7모바일_LTE_75,SK7모바일,[셀프] LTE 유심 (8GB/2000분),11000,8.0,1,2000,2000,무제한,LTE,평점 3.9
SK7모바일_LTE_76,SK7모바일,LTE 유심 (25GB/100분),20900,25.0,1,100,100,무제한,LTE,평점 3.9
SK7모바일_LTE_77,SK7모바일,LTE 안심차단 (20GB/1000분),20900,20.0,1,1000,1000,무제한,LTE,평점 3.9
SK7모바일_5G_15,SK7모바일,5G 유심 (20GB/1000분),24900,20.0,1,1000,100,무제한,5G,평점 3.9
SK7모바일_5G_16,SK7모바일,5G 유심 (15GB/1000분),20900,15.0,1,1000,100,무제한,5G,평점 3.9
SK7모바일_LTE_78,SK7모바일,LTE 유심 (8GB/2000분),12100,8.0,1,2000,2000,무제한,LTE,평점 3.9
SK7모바일_LTE_79,SK7모바일,LTE 안심 (10GB+/1000분),16200,10.0,1,1000,1000,400Kbps,LTE,평점 3.9
프리티_LTE_136,프리티,데이터안심무제한6G+,16940,6.0,1,999,999,1Mbps,LTE,평점 4.3
SK7모바일_LTE_80,SK7모바일,LTE 유심 (3GB+/200분),13860,3.0,1,200,100,1Mbps,LTE,평점 3.9
SK7모바일_LTE_81,SK7모바일,번개 유심 (3GB+/200분),13860,3.0,1,200,100,1Mbps,LTE,평점 3.9
SK7모바일_LTE_82,SK7모바일,10% 포인트 (3GB+/200분),15180,3.0,1,200,100,1Mbps,LTE,평점 3.9
프리티_LTE_137,프리티,NH더드림 알뜰 2.2,2900,2.2,1,330,110,무제한,LTE,"정상가 5,100원, 할인 24개월, 평점 4.3"
KT엠모바일_LTE_115,KT엠모바일,데이터 함께쓰기 60분/500MB,3900,0.5,1,60,60,무제한,LTE,평점 4
SK7모바일_LTE_83,SK7모바일,[셀프] LTE 유심 (10GB/2000분),11900,10.0,1,2000,2000,무제한,LTE,평점 3.9
SK7모바일_LTE_84,SK7모바일,[셀프] LTE 유심 (6GB/2000분),8800,6.0,1,2000,2000,무제한,LTE,평점 3.9
SK7모바일_LTE_85,SK7모바일,LTE 유심 (10GB/2000분),13000,10.0,1,2000,2000,무제한,LTE,평점 3.9
SK7모바일_LTE_86,SK7모바일,번개 유심 (10GB/2000분),13000,10.0,1,2000,2000,무제한,LTE,평점 3.9
프리티_5G_26,프리티,(5G)더든든한500분25GB,16500,25.0,1,500,100,무제한,5G,"정상가 18,700원, 할인 7개월, 평점 4.3"
SK7모바일_LTE_87,SK7모바일,LTE 유심 (25GB/300분),23100,25.0,1,300,100,무제한,LTE,평점 3.9
SK7모바일_LTE_88,SK7모바일,LTE 유심 (20GB+/1000분),24750,20.0,1,1000,100,1Mbps,LTE,평점 3.9
SK7모바일_5G_17,SK7모바일,5G 유심 (9GB/1000분),12650,9.0,1,1000,100,무제한,5G,평점 3.9
SK7모바일_LTE_89,SK7모바일,10% 포인트 (10GB/2000분),14190,10.0,1,2000,2000,무제한,LTE,평점 3.9
SK7모바일_LTE_90,SK7모바일,LTE 유심 (6GB/2000분),9900,6.0,1,2000,2000,무제한,LTE,평점 3.9
SK7모바일_LTE_91,SK7모바일,번개 유심 (6GB/2000분),9900,6.0,1,2000,2000,무제한,LTE,평점 3.9
SK7모바일_LTE_92,SK7모바일,LTE 안심차단 (5GB/1000분),9900,5.0,1,1000,1000,무제한,LTE,평점 3.9
SK7모바일_LTE_93,SK7모바일,LTE 유심 (6GB+/1000분),15400,6.0,1,1000,100,1Mbps,LTE,평점 3.9
SK7모바일_5G_18,SK7모바일,5G 유심 (11GB+/통화맘껏),31900,11.0,1,999,999,400Kbps,5G,평점 3.9
KT엠모바일_LTE_116,KT엠모바일,데이터 충분 8GB/100분,7900,8.0,1,100,100,무제한,LTE,평점 4
SK7모바일_LTE_94,SK7모바일,10% 포인트 (4GB/200분),11220,4.0,1,200,100,무제한,LTE,평점 3.9
프리티_LTE_138,프리티,NH더드림 든든 9.9,9900,9.9,1,2000,200,무제한,LTE,"정상가 12,100원, 할인 24개월, 평점 4.3"
SK7모바일_5G_19,SK7모바일,5G 유심 (37GB+/통화맘껏),40700,37.0,1,999,999,1Mbps,5G,평점 3.9
SK7모바일_LTE_95,SK7모바일,LTE 유심 (8GB/100분),8900,8.0,1,100,100,무제한,LTE,평점 3.9
SK7모바일_LTE_96,SK7모바일,LTE 안심 (15GB+/1000분),20570,15.0,1,1000,1000,400Kbps,LTE,평점 3.9
SK7모바일_LTE_97,SK7모바일,LTE 유심 (10GB+/1000분),18900,10.0,1,1000,100,1Mbps,LTE,평점 3.9
프리티_LTE_139,프리티,이마트24_Grande+,9900,5.0,1,240,240,무제한,LTE,평점 4.3
SK7모바일_LTE_98,SK7모바일,LTE 유심 (8GB+/1000분),16900,8.0,1,1000,100,1Mbps,LTE,평점 3.9
SK7모바일_5G_20,SK7모바일,5G 유심 (5GB/1000분),10670,5.0,1,1000,100,무제한,5G,평점 3.9
프리티_LTE_140,프리티,이마트24_Tall+,5500,2.4,1,240,240,무제한,LTE,평점 4.3
SK7모바일_LTE_99,SK7모바일,LTE 안심 (5GB+/1000분),11660,5.0,1,1000,1000,400Kbps,LTE,평점 3.9
SK7모바일_LTE_100,SK7모바일,LTE 안심차단 (3GB/1000분),7700,3.0,1,1000,1000,무제한,LTE,평점 3.9
SK7모바일_5G_21,SK7모바일,5G 유심 (3GB/1000분),7900,3.0,1,1000,100,무제한,5G,평점 3.9
SK7모바일_LTE_101,SK7모바일,LTE 안심 (2GB+/1000분),10120,2.0,1,1000,1000,400Kbps,LTE,평점 3.9
KT엠모바일_LTE_117,KT엠모바일,데이터 함께쓰기 240분+400K,5500,0.0,1,240,240,400Kbps,LTE,평점 4
KT엠모바일_5G_23,KT엠모바일,e 5G 통화 300분,6600,0.0,1,300,300,무제한,5G,평점 4
